STATE,ENTRSIZE,FIRM,ESTB,EMPL,PAYR,RCPT,Year
0,1,5726160,7431808,115938468,5414255995,32637809977.0,2012
0,2,3543991,3549102,5906506,237897059,1442441113.0,2012
0,3,992716,1005042,6527943,224438258,1148667880.0,2012
0,4,390671,408773,4570734,164485789,790410704.0,2012
0,5,202970,222038,3403606,126504910,613406271.0,2012
0,6,5130348,5184955,20408789,753326016,3994925968.0,2012
0,7,124411,143101,2713224,102394530,493677341.0,2012
0,8,83938,100865,2251564,86539881,409957639.0,2012
0,9,59709,76095,1900550,74918038,361309215.0,2012
0,10,44938,60255,1656151,65579578,355791777.0,2012
0,11,62905,90926,2772015,112435181,567085365.0,2012
0,12,79865,133295,4803268,199458886,1000685261.0,2012
0,13,38404,82735,3290477,142245487,722036320.0,2012
0,14,36608,102371,4427400,193477607,1025529912.0,2012
0,15,17617,66563,3028242,134252826,778337218.0,2012
0,16,16825,88474,4083226,185962259,968365919.0,2012
0,17,7898,59328,2727254,124878371,645378397.0,2012
0,18,4475,43471,2000733,92067221,493759341.0,2012
0,19,5707941,6232434,56062893,2267535881,11816839673.0,2012
0,20,6071,75920,3680290,173146039,967757566.0,2012
0,21,2990,49408,2586349,123558608,703815155.0,2012
0,22,2956,64052,3603217,180115371,982438257.0,2012
0,23,1531,48582,2647194,140147118,795995163.0,2012
0,24,914,37746,2048141,110256026,687899935.0,2012
0,25,1848,128620,6431910,349155279,2280967223.0,2012
0,26,1909,795046,38878474,2070341673,14402097005.0,2012
0,1,21351,22046,161077,5909348,32565105.0,2012
0,2,14849,14852,22265,865306,6397464.0,2012
0,3,3470,3475,22573,796523,4524208.0,2012
0,4,1127,1129,13009,464491,2413150.0,2012
0,5,507,512,8405,329781,1639763.0,2012
0,6,19953,19968,66252,2456101,14974585.0,2012
0,7,310,321,6576,269474,1290703.0,2012
0,8,199,201,5285,199235,919702.0,2012
0,9,128,129,3953,150887,692877.0,2012
0,10,72,77,2506,90361,430396.0,2012
0,11,132,150,5362,224476,1064981.0,2012
0,12,162,183,8864,333213,1661830.0,2012
0,13,84,104,6409,233010,1062063.0,2012
0,14,83,134,8342,287445,1538802.0,2012
0,15,44,90,5172,161543,870075.0,2012
0,16,53,137,9062,281024,1491094.0,2012
0,17,19,34,3711,100588,433902.0,2012
0,18,21,85,5661,163134,912794.0,2012
0,19,21260,21613,137155,4950491,27343804.0,2012
0,20,19,52,1994,91723,554324.0,2012
0,21,5,9,0,21832,125959.0,2012
0,22,9,70,3956,100138,0.0,2012
0,23,10,35,0,86833,491873.0,2012
0,24,6,7,0,32414,126077.0,2012
0,25,20,81,6979,223777,1243868.0,2012
0,26,22,179,5584,402140,2228411.0,2012
0,1,8591,8727,53515,2120056,11587739.0,2012
0,2,5192,5193,9244,307167,2350375.0,2012
0,3,1948,1949,12735,441522,2428096.0,2012
0,4,662,662,7661,269768,1295828.0,2012
0,5,291,291,4810,192214,932601.0,2012
0,6,8093,8095,34450,1210671,7006900.0,2012
0,7,171,171,3686,152531,720946.0,2012
0,8,84,84,2228,91475,431032.0,2012
0,9,53,53,1612,57132,275140.0,2012
0,10,28,28,955,41315,199427.0,2012
0,11,51,53,2117,93538,469519.0,2012
0,12,46,49,2589,114071,597758.0,2012
0,13,14,15,961,45353,215683.0,2012
0,14,12,16,985,38169,203851.0,2012
0,15,1,3,0,0,0.0,2012
0,16,6,28,480,16289,83960.0,2012
0,17,1,1,0,0,0.0,2012
0,18,3,6,0,1531,8416.0,2012
0,19,8563,8602,50171,1868219,10246120.0,2012
0,20,6,8,291,17833,97402.0,2012
0,21,3,5,0,0,0.0,2012
0,22,4,52,0,0,0.0,2012
0,23,5,14,432,34048,180813.0,2012
0,24,2,2,0,0,0.0,2012
0,25,3,3,171,11932,0.0,2012
0,26,5,41,0,0,0.0,2012
0,1,379,394,2129,110290,691520.0,2012
0,2,264,264,415,17182,161354.0,2012
0,3,57,57,334,13833,90725.0,2012
0,4,15,15,178,6526,35387.0,2012
0,5,11,11,185,6714,42888.0,2012
0,6,347,347,1112,44255,330354.0,2012
0,7,4,4,0,0,0.0,2012
0,8,3,3,0,0,0.0,2012
0,9,3,3,0,0,0.0,2012
0,11,3,5,0,0,0.0,2012
0,12,1,3,0,0,0.0,2012
0,13,1,1,0,0,0.0,2012
0,16,1,2,0,0,0.0,2012
0,18,2,5,0,0,0.0,2012
0,19,365,373,1630,74191,492735.0,2012
0,20,3,4,0,0,0.0,2012
0,21,1,1,0,0,0.0,2012
0,22,1,2,0,0,0.0,2012
0,23,3,6,0,0,0.0,2012
0,24,1,1,0,0,0.0,2012
0,25,2,2,0,0,0.0,2012
0,26,3,5,0,0,0.0,2012
0,1,379,394,2129,110290,691520.0,2012
0,2,264,264,415,17182,161354.0,2012
0,3,57,57,334,13833,90725.0,2012
0,4,15,15,178,6526,35387.0,2012
0,5,11,11,185,6714,42888.0,2012
0,6,347,347,1112,44255,330354.0,2012
0,7,4,4,0,0,0.0,2012
0,8,3,3,0,0,0.0,2012
0,9,3,3,0,0,0.0,2012
0,11,3,5,0,0,0.0,2012
0,12,1,3,0,0,0.0,2012
0,13,1,1,0,0,0.0,2012
0,16,1,2,0,0,0.0,2012
0,18,2,5,0,0,0.0,2012
0,19,365,373,1630,74191,492735.0,2012
0,20,3,4,0,0,0.0,2012
0,21,1,1,0,0,0.0,2012
0,22,1,2,0,0,0.0,2012
0,23,3,6,0,0,0.0,2012
0,24,1,1,0,0,0.0,2012
0,25,2,2,0,0,0.0,2012
0,26,3,5,0,0,0.0,2012
0,1,379,394,2129,110290,691520.0,2012
0,2,264,264,415,17182,161354.0,2012
0,3,57,57,334,13833,90725.0,2012
0,4,15,15,178,6526,35387.0,2012
0,5,11,11,185,6714,42888.0,2012
0,6,347,347,1112,44255,330354.0,2012
0,7,4,4,0,0,0.0,2012
0,8,3,3,0,0,0.0,2012
0,9,3,3,0,0,0.0,2012
0,11,3,5,0,0,0.0,2012
0,12,1,3,0,0,0.0,2012
0,13,1,1,0,0,0.0,2012
0,16,1,2,0,0,0.0,2012
0,18,2,5,0,0,0.0,2012
0,19,365,373,1630,74191,492735.0,2012
0,20,3,4,0,0,0.0,2012
0,21,1,1,0,0,0.0,2012
0,22,1,2,0,0,0.0,2012
0,23,3,6,0,0,0.0,2012
0,24,1,1,0,0,0.0,2012
0,25,2,2,0,0,0.0,2012
0,26,3,5,0,0,0.0,2012
0,1,165,182,1658,53847,225861.0,2012
0,2,103,103,132,4558,30058.0,2012
0,3,31,31,195,8544,35333.0,2012
0,4,9,9,100,2066,9316.0,2012
0,5,4,4,66,2318,8996.0,2012
0,6,147,147,493,17486,83703.0,2012
0,7,3,3,0,0,0.0,2012
0,9,1,1,0,0,0.0,2012
0,10,2,2,0,0,0.0,2012
0,11,2,2,0,0,0.0,2012
0,12,3,3,184,6350,17984.0,2012
0,14,3,3,0,0,0.0,2012
0,16,1,1,0,0,0.0,2012
0,19,162,162,1437,36786,153948.0,2012
0,23,1,1,0,0,0.0,2012
0,26,2,19,0,0,0.0,2012
0,1,165,182,1658,53847,225861.0,2012
0,2,103,103,132,4558,30058.0,2012
0,3,31,31,195,8544,35333.0,2012
0,4,9,9,100,2066,9316.0,2012
0,5,4,4,66,2318,8996.0,2012
0,6,147,147,493,17486,83703.0,2012
0,7,3,3,0,0,0.0,2012
0,9,1,1,0,0,0.0,2012
0,10,2,2,0,0,0.0,2012
0,11,2,2,0,0,0.0,2012
0,12,3,3,184,6350,17984.0,2012
0,14,3,3,0,0,0.0,2012
0,16,1,1,0,0,0.0,2012
0,19,162,162,1437,36786,153948.0,2012
0,23,1,1,0,0,0.0,2012
0,26,2,19,0,0,0.0,2012
0,1,165,182,1658,53847,225861.0,2012
0,2,103,103,132,4558,30058.0,2012
0,3,31,31,195,8544,35333.0,2012
0,4,9,9,100,2066,9316.0,2012
0,5,4,4,66,2318,8996.0,2012
0,6,147,147,493,17486,83703.0,2012
0,7,3,3,0,0,0.0,2012
0,9,1,1,0,0,0.0,2012
0,10,2,2,0,0,0.0,2012
0,11,2,2,0,0,0.0,2012
0,12,3,3,184,6350,17984.0,2012
0,14,3,3,0,0,0.0,2012
0,16,1,1,0,0,0.0,2012
0,19,162,162,1437,36786,153948.0,2012
0,23,1,1,0,0,0.0,2012
0,26,2,19,0,0,0.0,2012
0,1,8054,8151,49728,1955919,10670358.0,2012
0,2,4825,4826,8697,285427,2158963.0,2012
0,3,1860,1861,12206,419145,2302038.0,2012
0,4,638,638,7383,261176,1251125.0,2012
0,5,276,276,4559,183182,880717.0,2012
0,6,7599,7601,32845,1148930,6592843.0,2012
0,7,164,164,3525,146367,689045.0,2012
0,8,81,81,2154,88185,415920.0,2012
0,9,49,49,1495,52464,249294.0,2012
0,10,26,26,912,40477,197032.0,2012
0,11,46,46,1927,77635,382767.0,2012
0,12,42,43,2361,107175,576758.0,2012
0,13,13,14,879,43829,211468.0,2012
0,14,9,13,695,34804,189669.0,2012
0,15,1,3,0,0,0.0,2012
0,16,4,25,0,0,0.0,2012
0,17,1,1,0,0,0.0,2012
0,18,1,1,0,0,0.0,2012
0,19,8036,8067,47104,1757242,9599437.0,2012
0,20,3,4,0,0,0.0,2012
0,21,3,4,0,0,0.0,2012
0,22,3,50,0,0,0.0,2012
0,23,3,7,0,16750,91273.0,2012
0,24,1,1,0,0,0.0,2012
0,25,1,1,0,0,0.0,2012
0,26,4,17,0,0,0.0,2012
0,1,8054,8151,49728,1955919,10670358.0,2012
0,2,4825,4826,8697,285427,2158963.0,2012
0,3,1860,1861,12206,419145,2302038.0,2012
0,4,638,638,7383,261176,1251125.0,2012
0,5,276,276,4559,183182,880717.0,2012
0,6,7599,7601,32845,1148930,6592843.0,2012
0,7,164,164,3525,146367,689045.0,2012
0,8,81,81,2154,88185,415920.0,2012
0,9,49,49,1495,52464,249294.0,2012
0,10,26,26,912,40477,197032.0,2012
0,11,46,46,1927,77635,382767.0,2012
0,12,42,43,2361,107175,576758.0,2012
0,13,13,14,879,43829,211468.0,2012
0,14,9,13,695,34804,189669.0,2012
0,15,1,3,0,0,0.0,2012
0,16,4,25,0,0,0.0,2012
0,17,1,1,0,0,0.0,2012
0,18,1,1,0,0,0.0,2012
0,19,8036,8067,47104,1757242,9599437.0,2012
0,20,3,4,0,0,0.0,2012
0,21,3,4,0,0,0.0,2012
0,22,3,50,0,0,0.0,2012
0,23,3,7,0,16750,91273.0,2012
0,24,1,1,0,0,0.0,2012
0,25,1,1,0,0,0.0,2012
0,26,4,17,0,0,0.0,2012
0,1,8054,8151,49728,1955919,10670358.0,2012
0,2,4825,4826,8697,285427,2158963.0,2012
0,3,1860,1861,12206,419145,2302038.0,2012
0,4,638,638,7383,261176,1251125.0,2012
0,5,276,276,4559,183182,880717.0,2012
0,6,7599,7601,32845,1148930,6592843.0,2012
0,7,164,164,3525,146367,689045.0,2012
0,8,81,81,2154,88185,415920.0,2012
0,9,49,49,1495,52464,249294.0,2012
0,10,26,26,912,40477,197032.0,2012
0,11,46,46,1927,77635,382767.0,2012
0,12,42,43,2361,107175,576758.0,2012
0,13,13,14,879,43829,211468.0,2012
0,14,9,13,695,34804,189669.0,2012
0,15,1,3,0,0,0.0,2012
0,16,4,25,0,0,0.0,2012
0,17,1,1,0,0,0.0,2012
0,18,1,1,0,0,0.0,2012
0,19,8036,8067,47104,1757242,9599437.0,2012
0,20,3,4,0,0,0.0,2012
0,21,3,4,0,0,0.0,2012
0,22,3,50,0,0,0.0,2012
0,23,3,7,0,16750,91273.0,2012
0,24,1,1,0,0,0.0,2012
0,25,1,1,0,0,0.0,2012
0,26,4,17,0,0,0.0,2012
0,1,2479,2490,7767,390509,3123899.0,2012
0,2,2225,2225,1927,118278,1079444.0,2012
0,3,152,152,1004,35490,220873.0,2012
0,4,26,26,301,12396,75004.0,2012
0,5,19,19,327,12415,85653.0,2012
0,6,2422,2422,3559,178579,1460974.0,2012
0,7,7,7,151,5856,39067.0,2012
0,8,10,11,261,10092,68862.0,2012
0,9,9,10,300,11279,69350.0,2012
0,10,4,4,144,5655,40881.0,2012
0,11,3,3,0,0,0.0,2012
0,12,5,5,269,16406,127267.0,2012
0,13,2,2,0,0,0.0,2012
0,14,4,5,0,0,0.0,2012
0,15,5,10,528,39443,307008.0,2012
0,16,5,5,1286,51669,0.0,2012
0,17,1,1,0,0,0.0,2012
0,19,2477,2485,7124,357597,2838893.0,2012
0,20,1,1,0,0,0.0,2012
0,26,1,4,0,0,0.0,2012
0,1,2177,2188,6115,341208,2953873.0,2012
0,2,2009,2009,1656,110172,1034425.0,2012
0,3,101,101,672,25768,186254.0,2012
0,4,16,16,193,9697,65643.0,2012
0,5,9,9,153,8061,0.0,2012
0,6,2135,2135,2674,153698,1356588.0,2012
0,7,5,5,106,5121,37601.0,2012
0,8,7,8,185,8490,64775.0,2012
0,9,6,7,0,0,0.0,2012
0,10,2,2,0,0,0.0,2012
0,11,2,2,0,0,0.0,2012
0,12,5,5,269,16406,127267.0,2012
0,13,2,2,0,0,0.0,2012
0,14,4,5,0,0,0.0,2012
0,15,3,8,337,34254,304776.0,2012
0,16,4,4,0,0,0.0,2012
0,19,2175,2183,5472,308296,2668867.0,2012
0,20,1,1,0,0,0.0,2012
0,26,1,4,0,0,0.0,2012
0,1,2177,2188,6115,341208,2953873.0,2012
0,2,2009,2009,1656,110172,1034425.0,2012
0,3,101,101,672,25768,186254.0,2012
0,4,16,16,193,9697,65643.0,2012
0,5,9,9,153,8061,0.0,2012
0,6,2135,2135,2674,153698,1356588.0,2012
0,7,5,5,106,5121,37601.0,2012
0,8,7,8,185,8490,64775.0,2012
0,9,6,7,0,0,0.0,2012
0,10,2,2,0,0,0.0,2012
0,11,2,2,0,0,0.0,2012
0,12,5,5,269,16406,127267.0,2012
0,13,2,2,0,0,0.0,2012
0,14,4,5,0,0,0.0,2012
0,15,3,8,337,34254,304776.0,2012
0,16,4,4,0,0,0.0,2012
0,19,2175,2183,5472,308296,2668867.0,2012
0,20,1,1,0,0,0.0,2012
0,26,1,4,0,0,0.0,2012
0,1,1224,1234,3959,248205,2208472.0,2012
0,2,1121,1121,0,67910,639601.0,2012
0,3,62,62,415,17337,137489.0,2012
0,4,9,9,100,4813,31829.0,2012
0,5,8,8,0,0,0.0,2012
0,6,1200,1200,1606,97348,872958.0,2012
0,7,2,2,0,0,0.0,2012
0,8,4,5,105,6570,55960.0,2012
0,9,2,2,0,0,0.0,2012
0,10,1,1,0,0,0.0,2012
0,11,2,2,0,0,0.0,2012
0,12,2,2,0,0,0.0,2012
0,13,1,1,0,0,0.0,2012
0,14,3,4,0,0,0.0,2012
0,15,3,8,337,34254,304776.0,2012
0,16,3,3,0,0,0.0,2012
0,19,1223,1230,3554,224633,1998740.0,2012
0,26,1,4,0,0,0.0,2012
0,1,911,912,2063,88794,712598.0,2012
0,2,851,851,662,41057,384273.0,2012
0,3,35,35,233,7042,39052.0,2012
0,4,7,7,0,4884,33814.0,2012
0,5,1,1,0,0,0.0,2012
0,6,894,894,1009,53756,463366.0,2012
0,7,3,3,0,0,0.0,2012
0,8,3,3,80,1920,8815.0,2012
0,9,4,5,138,5012,25533.0,2012
0,12,3,3,0,0,0.0,2012
0,13,1,1,0,0,0.0,2012
0,14,1,1,0,0,0.0,2012
0,16,1,1,0,0,0.0,2012
0,19,910,911,1825,79454,637324.0,2012
0,20,1,1,0,0,0.0,2012
0,1,42,42,93,4209,32803.0,2012
0,2,37,37,0,1205,10551.0,2012
0,3,4,4,0,0,0.0,2012
0,6,41,41,59,2594,20264.0,2012
0,10,1,1,0,0,0.0,2012
0,19,42,42,93,4209,32803.0,2012
0,1,302,302,1652,49301,170026.0,2012
0,2,216,216,271,8106,45019.0,2012
0,3,51,51,332,9722,34619.0,2012
0,4,10,10,108,2699,9361.0,2012
0,5,10,10,174,4354,15387.0,2012
0,6,287,287,885,24881,104386.0,2012
0,7,2,2,0,0,0.0,2012
0,8,3,3,76,1602,4087.0,2012
0,9,3,3,94,2087,6633.0,2012
0,10,2,2,0,0,0.0,2012
0,11,1,1,0,0,0.0,2012
0,15,2,2,0,0,0.0,2012
0,16,1,1,0,0,0.0,2012
0,17,1,1,0,0,0.0,2012
0,19,302,302,1652,49301,170026.0,2012
0,1,302,302,1652,49301,170026.0,2012
0,2,216,216,271,8106,45019.0,2012
0,3,51,51,332,9722,34619.0,2012
0,4,10,10,108,2699,9361.0,2012
0,5,10,10,174,4354,15387.0,2012
0,6,287,287,885,24881,104386.0,2012
0,7,2,2,0,0,0.0,2012
0,8,3,3,76,1602,4087.0,2012
0,9,3,3,94,2087,6633.0,2012
0,10,2,2,0,0,0.0,2012
0,11,1,1,0,0,0.0,2012
0,15,2,2,0,0,0.0,2012
0,16,1,1,0,0,0.0,2012
0,17,1,1,0,0,0.0,2012
0,19,302,302,1652,49301,170026.0,2012
0,1,302,302,1652,49301,170026.0,2012
0,2,216,216,271,8106,45019.0,2012
0,3,51,51,332,9722,34619.0,2012
0,4,10,10,108,2699,9361.0,2012
0,5,10,10,174,4354,15387.0,2012
0,6,287,287,885,24881,104386.0,2012
0,7,2,2,0,0,0.0,2012
0,8,3,3,76,1602,4087.0,2012
0,9,3,3,94,2087,6633.0,2012
0,10,2,2,0,0,0.0,2012
0,11,1,1,0,0,0.0,2012
0,15,2,2,0,0,0.0,2012
0,16,1,1,0,0,0.0,2012
0,17,1,1,0,0,0.0,2012
0,19,302,302,1652,49301,170026.0,2012
0,1,10285,10829,99795,3398783,17853467.0,2012
0,2,7432,7434,11094,439861,2967645.0,2012
0,3,1370,1374,8834,319511,1875239.0,2012
0,4,439,441,5047,182327,1042318.0,2012
0,5,197,202,3268,125152,621509.0,2012
0,6,9438,9451,28243,1066851,6506711.0,2012
0,7,132,143,2739,111087,530690.0,2012
0,8,105,106,2796,97668,419808.0,2012
0,9,66,66,2041,82476,348387.0,2012
0,10,41,45,1407,43391,190088.0,2012
0,11,79,94,3118,121837,525922.0,2012
0,12,111,129,6006,202736,936805.0,2012
0,13,68,87,5341,185091,823696.0,2012
0,14,67,113,6981,222555,1099750.0,2012
0,15,38,77,4578,116410,532050.0,2012
0,16,43,104,7296,213066,1009874.0,2012
0,17,17,32,3683,99904,430632.0,2012
0,18,18,79,5631,161603,904378.0,2012
0,19,10223,10526,79860,2724675,14258791.0,2012
0,20,12,43,1465,64550,381648.0,2012
0,21,2,4,0,0,0.0,2012
0,22,6,18,3526,64133,0.0,2012
0,23,5,21,0,0,0.0,2012
0,24,4,5,0,30133,113629.0,2012
0,25,17,78,6808,211845,1190198.0,2012
0,26,16,134,0,233073,1241254.0,2012
0,1,4432,4779,69035,2362824,13909520.0,2012
0,2,2848,2849,4076,226694,1923149.0,2012
0,3,651,653,4220,191231,1402218.0,2012
0,4,236,237,2688,115096,806116.0,2012
0,5,114,117,1881,78932,486589.0,2012
0,6,3849,3856,12865,611953,4618072.0,2012
0,7,82,86,1717,73093,419122.0,2012
0,8,61,62,1606,62495,326847.0,2012
0,9,44,44,1339,62778,297696.0,2012
0,10,24,24,816,25259,127908.0,2012
0,11,54,60,2132,74756,365980.0,2012
0,12,77,87,4204,155393,774048.0,2012
0,13,51,62,3867,132751,642064.0,2012
0,14,53,88,5375,158651,864691.0,2012
0,15,32,56,3639,82634,409495.0,2012
0,16,34,67,5999,170778,843711.0,2012
0,17,13,21,3003,76223,342190.0,2012
0,18,14,75,4435,122202,745444.0,2012
0,19,4388,4588,50997,1808966,10777268.0,2012
0,20,11,42,1460,64511,381489.0,2012
0,21,2,4,0,0,0.0,2012
0,22,3,4,0,0,0.0,2012
0,23,5,21,0,0,0.0,2012
0,24,2,2,0,0,0.0,2012
0,25,11,66,6426,186168,1096523.0,2012
0,26,10,52,0,0,0.0,2012
0,1,4432,4779,69035,2362824,13909520.0,2012
0,2,2848,2849,4076,226694,1923149.0,2012
0,3,651,653,4220,191231,1402218.0,2012
0,4,236,237,2688,115096,806116.0,2012
0,5,114,117,1881,78932,486589.0,2012
0,6,3849,3856,12865,611953,4618072.0,2012
0,7,82,86,1717,73093,419122.0,2012
0,8,61,62,1606,62495,326847.0,2012
0,9,44,44,1339,62778,297696.0,2012
0,10,24,24,816,25259,127908.0,2012
0,11,54,60,2132,74756,365980.0,2012
0,12,77,87,4204,155393,774048.0,2012
0,13,51,62,3867,132751,642064.0,2012
0,14,53,88,5375,158651,864691.0,2012
0,15,32,56,3639,82634,409495.0,2012
0,16,34,67,5999,170778,843711.0,2012
0,17,13,21,3003,76223,342190.0,2012
0,18,14,75,4435,122202,745444.0,2012
0,19,4388,4588,50997,1808966,10777268.0,2012
0,20,11,42,1460,64511,381489.0,2012
0,21,2,4,0,0,0.0,2012
0,22,3,4,0,0,0.0,2012
0,23,5,21,0,0,0.0,2012
0,24,2,2,0,0,0.0,2012
0,25,11,66,6426,186168,1096523.0,2012
0,26,10,52,0,0,0.0,2012
0,1,228,242,2260,100323,980538.0,2012
0,2,89,89,192,13083,153227.0,2012
0,3,60,60,397,22749,220967.0,2012
0,4,24,24,276,11020,95351.0,2012
0,5,13,15,202,9240,88167.0,2012
0,6,186,188,1067,56092,557712.0,2012
0,7,11,11,203,9133,90295.0,2012
0,8,6,6,160,8267,79538.0,2012
0,9,4,4,130,3426,28836.0,2012
0,10,3,3,111,5277,46856.0,2012
0,11,4,6,135,4589,43876.0,2012
0,12,4,4,124,3629,36598.0,2012
0,13,1,1,0,0,0.0,2012
0,14,4,12,0,0,0.0,2012
0,17,1,1,0,0,0.0,2012
0,18,1,3,0,0,0.0,2012
0,19,225,239,2230,99069,968281.0,2012
0,20,1,1,0,0,0.0,2012
0,25,2,2,0,0,0.0,2012
0,1,2139,2193,11000,483922,3165722.0,2012
0,2,1583,1583,2272,115292,952884.0,2012
0,3,311,311,2003,85651,594512.0,2012
0,4,92,92,1058,44770,332191.0,2012
0,5,39,39,661,25033,141962.0,2012
0,6,2025,2025,5994,270746,2021549.0,2012
0,7,28,29,572,32164,144672.0,2012
0,8,20,20,533,20623,97647.0,2012
0,9,5,5,112,8196,46100.0,2012
0,10,6,6,190,7722,24499.0,2012
0,11,12,13,386,16637,73068.0,2012
0,12,16,16,832,39408,195529.0,2012
0,13,3,3,0,1167,6847.0,2012
0,14,9,22,1021,49461,330729.0,2012
0,15,2,2,0,0,0.0,2012
0,16,4,4,260,6060,39644.0,2012
0,17,2,2,0,0,0.0,2012
0,18,4,42,0,0,0.0,2012
0,19,2136,2189,10954,481929,3152694.0,2012
0,20,1,2,0,0,0.0,2012
0,25,1,1,0,0,0.0,2012
0,26,1,1,0,0,0.0,2012
0,1,330,333,1788,77270,547283.0,2012
0,2,248,248,321,17000,151930.0,2012
0,3,36,36,233,9256,73056.0,2012
0,4,11,11,132,4694,39796.0,2012
0,5,8,8,139,6248,24943.0,2012
0,6,303,303,825,37198,289725.0,2012
0,7,5,5,0,0,0.0,2012
0,8,4,4,102,3218,0.0,2012
0,9,1,1,0,0,0.0,2012
0,10,2,2,0,0,0.0,2012
0,11,2,2,0,0,0.0,2012
0,12,4,4,246,10173,51180.0,2012
0,13,3,4,0,0,0.0,2012
0,15,1,1,0,0,0.0,2012
0,16,3,3,68,5568,39591.0,2012
0,17,1,3,0,0,0.0,2012
0,19,329,332,1787,77266,547250.0,2012
0,25,1,1,0,0,0.0,2012
0,1,827,1062,39759,1326398,7811177.0,2012
0,2,305,305,489,32730,328693.0,2012
0,3,133,133,874,37478,305269.0,2012
0,4,63,64,673,34413,242624.0,2012
0,5,35,36,560,24769,187255.0,2012
0,6,536,538,2596,129390,1063841.0,2012
0,7,26,28,541,18020,112706.0,2012
0,8,14,15,371,13957,79801.0,2012
0,9,22,22,672,34719,159139.0,2012
0,10,7,7,222,4838,23945.0,2012
0,11,26,28,1041,36131,199052.0,2012
0,12,39,40,2229,81893,423728.0,2012
0,13,34,42,2564,100154,505642.0,2012
0,14,29,31,3159,72078,382283.0,2012
0,15,21,45,2415,69439,368772.0,2012
0,16,22,52,4327,123397,688716.0,2012
0,17,4,8,1048,30227,170616.0,2012
0,18,9,28,3041,93625,629122.0,2012
0,19,789,884,24226,807868,4807363.0,2012
0,20,9,39,1423,63148,372139.0,2012
0,21,2,3,0,0,0.0,2012
0,22,3,3,0,0,0.0,2012
0,23,5,21,0,0,0.0,2012
0,24,1,1,0,0,0.0,2012
0,25,9,60,6306,181638,1070295.0,2012
0,26,9,51,0,0,0.0,2012
0,1,430,436,10515,213930,759354.0,2012
0,2,269,269,317,23122,191036.0,2012
0,3,52,52,329,13152,111673.0,2012
0,4,22,22,259,9264,49060.0,2012
0,5,9,9,0,7419,26987.0,2012
0,6,352,352,1058,52957,378756.0,2012
0,7,7,7,145,4830,9495.0,2012
0,8,9,9,245,9281,31644.0,2012
0,9,6,6,191,3954,8752.0,2012
0,10,6,6,213,4236,0.0,2012
0,11,8,8,347,7832,15696.0,2012
0,12,9,13,446,8985,32496.0,2012
0,13,6,7,505,8124,21799.0,2012
0,14,9,9,0,0,0.0,2012
0,15,6,6,0,0,0.0,2012
0,16,5,5,1089,26842,40053.0,2012
0,17,4,5,1411,24835,45675.0,2012
0,18,2,2,0,0,0.0,2012
0,19,429,435,8247,190812,677093.0,2012
0,24,1,1,0,0,0.0,2012
0,1,493,513,3713,160981,645446.0,2012
0,2,355,355,485,25467,145379.0,2012
0,3,59,61,384,22945,96741.0,2012
0,4,24,24,290,10935,47094.0,2012
0,5,10,10,166,6223,17275.0,2012
0,6,448,450,1325,65570,306489.0,2012
0,7,6,6,138,4430,27581.0,2012
0,8,8,8,195,7149,23218.0,2012
0,9,6,6,0,0,0.0,2012
0,11,3,3,0,0,0.0,2012
0,12,5,10,327,11305,34517.0,2012
0,13,5,5,465,16204,47231.0,2012
0,14,2,14,0,0,0.0,2012
0,15,2,2,0,0,0.0,2012
0,16,3,3,0,0,0.0,2012
0,17,1,2,0,0,0.0,2012
0,19,489,509,3553,152022,624587.0,2012
0,21,1,1,0,0,0.0,2012
0,22,1,1,0,0,0.0,2012
0,25,2,2,0,0,0.0,2012
0,1,4254,4359,20088,617583,2519177.0,2012
0,2,3385,3386,5396,129755,666152.0,2012
0,3,537,538,3445,79928,298689.0,2012
0,4,149,150,1710,46062,168366.0,2012
0,5,40,40,664,20357,66760.0,2012
0,6,4111,4114,11215,276102,1199967.0,2012
0,7,25,25,517,15152,48350.0,2012
0,8,25,25,666,17296,46185.0,2012
0,9,9,9,271,6778,17460.0,2012
0,10,9,10,331,6550,26023.0,2012
0,11,13,13,502,16975,0.0,2012
0,12,18,21,930,25126,100266.0,2012
0,13,7,7,0,0,0.0,2012
0,14,8,8,829,34359,140201.0,2012
0,15,4,15,623,19796,79548.0,2012
0,16,5,33,735,34430,139399.0,2012
0,17,4,11,0,0,0.0,2012
0,18,2,2,0,0,0.0,2012
0,19,4240,4293,18756,539264,2199494.0,2012
0,20,1,1,0,0,0.0,2012
0,22,3,13,0,0,0.0,2012
0,25,3,3,0,0,0.0,2012
0,26,7,49,0,0,0.0,2012
0,1,4254,4359,20088,617583,2519177.0,2012
0,2,3385,3386,5396,129755,666152.0,2012
0,3,537,538,3445,79928,298689.0,2012
0,4,149,150,1710,46062,168366.0,2012
0,5,40,40,664,20357,66760.0,2012
0,6,4111,4114,11215,276102,1199967.0,2012
0,7,25,25,517,15152,48350.0,2012
0,8,25,25,666,17296,46185.0,2012
0,9,9,9,271,6778,17460.0,2012
0,10,9,10,331,6550,26023.0,2012
0,11,13,13,502,16975,0.0,2012
0,12,18,21,930,25126,100266.0,2012
0,13,7,7,0,0,0.0,2012
0,14,8,8,829,34359,140201.0,2012
0,15,4,15,623,19796,79548.0,2012
0,16,5,33,735,34430,139399.0,2012
0,17,4,11,0,0,0.0,2012
0,18,2,2,0,0,0.0,2012
0,19,4240,4293,18756,539264,2199494.0,2012
0,20,1,1,0,0,0.0,2012
0,22,3,13,0,0,0.0,2012
0,25,3,3,0,0,0.0,2012
0,26,7,49,0,0,0.0,2012
0,1,4254,4359,20088,617583,2519177.0,2012
0,2,3385,3386,5396,129755,666152.0,2012
0,3,537,538,3445,79928,298689.0,2012
0,4,149,150,1710,46062,168366.0,2012
0,5,40,40,664,20357,66760.0,2012
0,6,4111,4114,11215,276102,1199967.0,2012
0,7,25,25,517,15152,48350.0,2012
0,8,25,25,666,17296,46185.0,2012
0,9,9,9,271,6778,17460.0,2012
0,10,9,10,331,6550,26023.0,2012
0,11,13,13,502,16975,0.0,2012
0,12,18,21,930,25126,100266.0,2012
0,13,7,7,0,0,0.0,2012
0,14,8,8,829,34359,140201.0,2012
0,15,4,15,623,19796,79548.0,2012
0,16,5,33,735,34430,139399.0,2012
0,17,4,11,0,0,0.0,2012
0,18,2,2,0,0,0.0,2012
0,19,4240,4293,18756,539264,2199494.0,2012
0,20,1,1,0,0,0.0,2012
0,22,3,13,0,0,0.0,2012
0,25,3,3,0,0,0.0,2012
0,26,7,49,0,0,0.0,2012
0,1,1604,1691,10672,418376,1424770.0,2012
0,2,1199,1199,1622,83412,378344.0,2012
0,3,182,183,1169,48352,174332.0,2012
0,4,54,54,649,21169,67836.0,2012
0,5,43,45,723,25863,68160.0,2012
0,6,1478,1481,4163,178796,688672.0,2012
0,7,25,32,505,22842,63218.0,2012
0,8,19,19,524,17877,46776.0,2012
0,9,13,13,431,12920,33231.0,2012
0,10,9,11,260,11582,36157.0,2012
0,11,12,21,484,30106,97401.0,2012
0,12,16,21,872,22217,62491.0,2012
0,13,10,18,815,26000,80184.0,2012
0,14,7,17,777,29545,94858.0,2012
0,15,2,6,0,0,0.0,2012
0,16,4,4,0,0,0.0,2012
0,18,2,2,0,0,0.0,2012
0,19,1597,1645,10107,376445,1282029.0,2012
0,22,1,1,0,0,0.0,2012
0,24,2,3,0,0,0.0,2012
0,25,3,9,0,0,0.0,2012
0,26,1,33,0,0,0.0,2012
0,1,1604,1691,10672,418376,1424770.0,2012
0,2,1199,1199,1622,83412,378344.0,2012
0,3,182,183,1169,48352,174332.0,2012
0,4,54,54,649,21169,67836.0,2012
0,5,43,45,723,25863,68160.0,2012
0,6,1478,1481,4163,178796,688672.0,2012
0,7,25,32,505,22842,63218.0,2012
0,8,19,19,524,17877,46776.0,2012
0,9,13,13,431,12920,33231.0,2012
0,10,9,11,260,11582,36157.0,2012
0,11,12,21,484,30106,97401.0,2012
0,12,16,21,872,22217,62491.0,2012
0,13,10,18,815,26000,80184.0,2012
0,14,7,17,777,29545,94858.0,2012
0,15,2,6,0,0,0.0,2012
0,16,4,4,0,0,0.0,2012
0,18,2,2,0,0,0.0,2012
0,19,1597,1645,10107,376445,1282029.0,2012
0,22,1,1,0,0,0.0,2012
0,24,2,3,0,0,0.0,2012
0,25,3,9,0,0,0.0,2012
0,26,1,33,0,0,0.0,2012
0,1,1604,1691,10672,418376,1424770.0,2012
0,2,1199,1199,1622,83412,378344.0,2012
0,3,182,183,1169,48352,174332.0,2012
0,4,54,54,649,21169,67836.0,2012
0,5,43,45,723,25863,68160.0,2012
0,6,1478,1481,4163,178796,688672.0,2012
0,7,25,32,505,22842,63218.0,2012
0,8,19,19,524,17877,46776.0,2012
0,9,13,13,431,12920,33231.0,2012
0,10,9,11,260,11582,36157.0,2012
0,11,12,21,484,30106,97401.0,2012
0,12,16,21,872,22217,62491.0,2012
0,13,10,18,815,26000,80184.0,2012
0,14,7,17,777,29545,94858.0,2012
0,15,2,6,0,0,0.0,2012
0,16,4,4,0,0,0.0,2012
0,18,2,2,0,0,0.0,2012
0,19,1597,1645,10107,376445,1282029.0,2012
0,22,1,1,0,0,0.0,2012
0,24,2,3,0,0,0.0,2012
0,25,3,9,0,0,0.0,2012
0,26,1,33,0,0,0.0,2012
0,1,22149,28909,727626,61297296,555532371.0,2012
0,2,12686,12700,20347,1402254,9811191.0,2012
0,3,3256,3285,21571,1214166,7696826.0,2012
0,4,1501,1537,17491,1086749,6132580.0,2012
0,5,925,956,15393,1001854,6339462.0,2012
0,6,18368,18478,74802,4705023,29980059.0,2012
0,7,594,641,12600,869923,4996187.0,2012
0,8,409,442,10799,732019,3744965.0,2012
0,9,324,360,9952,659341,3715860.0,2012
0,10,254,290,8939,595692,3246932.0,2012
0,11,348,402,14671,1013174,6028030.0,2012
0,12,507,670,28048,2054613,11171802.0,2012
0,13,241,377,17560,1285504,6263712.0,2012
0,14,274,528,28079,2094227,12186937.0,2012
0,15,149,269,18476,1437536,8146051.0,2012
0,16,162,409,30097,2239901,14407444.0,2012
0,17,98,269,26876,2339534,15884458.0,2012
0,18,52,197,13452,1037425,7343157.0,2012
0,19,21780,23332,294351,21063912,127115594.0,2012
0,20,82,448,29085,2857277,32109644.0,2012
0,21,31,211,17245,1644667,14374722.0,2012
0,22,53,581,36129,3312452,31089587.0,2012
0,23,42,315,24639,2273681,22570507.0,2012
0,24,26,272,15809,1548718,14014845.0,2012
0,25,54,944,85127,7598175,84552915.0,2012
0,26,81,2806,225241,20998414,229704557.0,2012
0,1,6646,8064,125001,15450654,325312714.0,2012
0,2,4579,4584,7637,506459,5883243.0,2012
0,3,950,967,6077,426581,4393622.0,2012
0,4,322,335,3714,309451,3035651.0,2012
0,5,180,189,2921,273669,3543361.0,2012
0,6,6031,6075,20349,1516160,16855877.0,2012
0,7,95,101,1976,208348,2610672.0,2012
0,8,65,73,1713,174336,1758830.0,2012
0,9,44,54,1334,145518,1874911.0,2012
0,10,36,42,1172,136107,1662517.0,2012
0,11,65,76,2755,287676,3349800.0,2012
0,12,75,99,3835,436265,5349996.0,2012
0,13,33,46,2164,283156,2388297.0,2012
0,14,40,73,3714,483688,6180486.0,2012
0,15,21,36,2140,280558,3521319.0,2012
0,16,20,45,3141,397975,5423299.0,2012
0,17,17,36,3668,497547,7276361.0,2012
0,18,5,36,1276,237900,0.0,2012
0,19,6547,6792,49237,5085234,62123691.0,2012
0,20,19,125,6538,1014861,22363447.0,2012
0,21,8,79,4804,769371,11118556.0,2012
0,22,11,103,5788,762423,18888349.0,2012
0,23,10,55,5134,706167,14137575.0,2012
0,24,8,86,3399,539860,9835338.0,2012
0,25,15,247,13990,1689673,44877262.0,2012
0,26,28,577,36111,4883065,141968496.0,2012
0,1,6646,8064,125001,15450654,325312714.0,2012
0,2,4579,4584,7637,506459,5883243.0,2012
0,3,950,967,6077,426581,4393622.0,2012
0,4,322,335,3714,309451,3035651.0,2012
0,5,180,189,2921,273669,3543361.0,2012
0,6,6031,6075,20349,1516160,16855877.0,2012
0,7,95,101,1976,208348,2610672.0,2012
0,8,65,73,1713,174336,1758830.0,2012
0,9,44,54,1334,145518,1874911.0,2012
0,10,36,42,1172,136107,1662517.0,2012
0,11,65,76,2755,287676,3349800.0,2012
0,12,75,99,3835,436265,5349996.0,2012
0,13,33,46,2164,283156,2388297.0,2012
0,14,40,73,3714,483688,6180486.0,2012
0,15,21,36,2140,280558,3521319.0,2012
0,16,20,45,3141,397975,5423299.0,2012
0,17,17,36,3668,497547,7276361.0,2012
0,18,5,36,1276,237900,0.0,2012
0,19,6547,6792,49237,5085234,62123691.0,2012
0,20,19,125,6538,1014861,22363447.0,2012
0,21,8,79,4804,769371,11118556.0,2012
0,22,11,103,5788,762423,18888349.0,2012
0,23,10,55,5134,706167,14137575.0,2012
0,24,8,86,3399,539860,9835338.0,2012
0,25,15,247,13990,1689673,44877262.0,2012
0,26,28,577,36111,4883065,141968496.0,2012
0,1,6646,8064,125001,15450654,325312714.0,2012
0,2,4579,4584,7637,506459,5883243.0,2012
0,3,950,967,6077,426581,4393622.0,2012
0,4,322,335,3714,309451,3035651.0,2012
0,5,180,189,2921,273669,3543361.0,2012
0,6,6031,6075,20349,1516160,16855877.0,2012
0,7,95,101,1976,208348,2610672.0,2012
0,8,65,73,1713,174336,1758830.0,2012
0,9,44,54,1334,145518,1874911.0,2012
0,10,36,42,1172,136107,1662517.0,2012
0,11,65,76,2755,287676,3349800.0,2012
0,12,75,99,3835,436265,5349996.0,2012
0,13,33,46,2164,283156,2388297.0,2012
0,14,40,73,3714,483688,6180486.0,2012
0,15,21,36,2140,280558,3521319.0,2012
0,16,20,45,3141,397975,5423299.0,2012
0,17,17,36,3668,497547,7276361.0,2012
0,18,5,36,1276,237900,0.0,2012
0,19,6547,6792,49237,5085234,62123691.0,2012
0,20,19,125,6538,1014861,22363447.0,2012
0,21,8,79,4804,769371,11118556.0,2012
0,22,11,103,5788,762423,18888349.0,2012
0,23,10,55,5134,706167,14137575.0,2012
0,24,8,86,3399,539860,9835338.0,2012
0,25,15,247,13990,1689673,44877262.0,2012
0,26,28,577,36111,4883065,141968496.0,2012
0,1,6536,7720,114524,14305968,276076578.0,2012
0,2,4520,4524,7528,498723,5679769.0,2012
0,3,933,950,5977,421751,4245124.0,2012
0,4,318,331,3662,305860,2955304.0,2012
0,5,177,186,2876,270803,3494501.0,2012
0,6,5948,5991,20043,1497137,16374698.0,2012
0,7,93,98,1936,206610,2573244.0,2012
0,8,64,72,1686,172534,1690090.0,2012
0,9,43,53,1300,142129,1780041.0,2012
0,10,34,39,1124,132604,1637348.0,2012
0,11,63,74,2660,282220,3298562.0,2012
0,12,71,95,3587,422169,5249224.0,2012
0,13,31,44,2133,281124,2384177.0,2012
0,14,40,73,3714,483688,6180486.0,2012
0,15,17,24,1799,247114,2754081.0,2012
0,16,18,37,2648,341824,3849506.0,2012
0,17,17,36,3668,497547,7276361.0,2012
0,18,5,34,1230,236465,0.0,2012
0,19,6444,6670,47528,4943165,58864432.0,2012
0,20,18,100,6027,963124,20996620.0,2012
0,21,8,79,4804,769371,11118556.0,2012
0,22,10,68,4248,590401,11034022.0,2012
0,23,10,49,4033,547301,8625379.0,2012
0,24,7,80,3312,532684,9643287.0,2012
0,25,14,151,10634,1339079,28288228.0,2012
0,26,25,523,33938,4620843,127506054.0,2012
0,1,143,344,10477,1144686,49236136.0,2012
0,2,60,60,109,7736,203474.0,2012
0,3,17,17,100,4830,148498.0,2012
0,4,4,4,0,3591,0.0,2012
0,5,3,3,45,2866,0.0,2012
0,6,84,84,306,19023,481179.0,2012
0,7,2,3,0,0,0.0,2012
0,8,1,1,0,0,0.0,2012
0,9,1,1,0,0,0.0,2012
0,10,2,3,0,0,0.0,2012
0,11,2,2,0,0,0.0,2012
0,12,4,4,248,14096,100772.0,2012
0,13,2,2,0,0,0.0,2012
0,15,5,12,0,0,0.0,2012
0,16,3,8,0,0,0.0,2012
0,18,1,2,0,0,0.0,2012
0,19,107,122,1709,142069,3259259.0,2012
0,20,6,25,511,51737,1366827.0,2012
0,22,4,35,1540,172022,7854327.0,2012
0,23,2,6,0,0,0.0,2012
0,24,2,6,0,0,0.0,2012
0,25,7,96,3356,350594,16589034.0,2012
0,26,15,54,0,262222,0.0,2012
0,1,3978,6582,204425,14350305,101768128.0,2012
0,2,1649,1649,2988,196439,1137247.0,2012
0,3,707,708,4851,225589,1165242.0,2012
0,4,360,373,4152,197192,926765.0,2012
0,5,214,221,3584,200259,1007264.0,2012
0,6,2930,2951,15575,819479,4236518.0,2012
0,7,148,171,3032,162429,841224.0,2012
0,8,92,96,2286,105441,517632.0,2012
0,9,81,89,2288,127618,643472.0,2012
0,10,76,92,2530,132966,579869.0,2012
0,11,84,108,3190,176446,929907.0,2012
0,12,107,184,4946,273010,1649249.0,2012
0,13,67,145,3640,211992,1336325.0,2012
0,14,78,213,6305,356822,1880634.0,2012
0,15,48,102,4082,256744,1743859.0,2012
0,16,57,183,7247,465002,3050729.0,2012
0,17,34,113,7427,586466,4247258.0,2012
0,18,18,67,2902,177352,1103479.0,2012
0,19,3820,4514,65450,3851767,22760155.0,2012
0,20,34,189,9147,652547,5732250.0,2012
0,21,12,57,5269,341149,1990661.0,2012
0,22,19,165,8110,537657,3410121.0,2012
0,23,21,135,0,0,0.0,2012
0,24,15,83,4363,318764,1940442.0,2012
0,25,24,252,32753,2698637,22452917.0,2012
0,26,33,1187,69099,5186136,38511476.0,2012
0,1,583,1038,89367,6706078,42985733.0,2012
0,2,176,176,311,37344,223633.0,2012
0,3,80,80,550,25002,248256.0,2012
0,4,48,48,579,28905,195734.0,2012
0,5,37,37,628,33562,220452.0,2012
0,6,341,341,2068,124813,888075.0,2012
0,7,28,28,604,34688,285982.0,2012
0,8,22,22,583,25372,168719.0,2012
0,9,23,23,722,39172,222377.0,2012
0,10,18,18,657,40460,191558.0,2012
0,11,24,28,1024,61788,420102.0,2012
0,12,18,28,1069,57494,331723.0,2012
0,13,16,21,1374,89138,661585.0,2012
0,14,20,29,2234,119562,740776.0,2012
0,15,9,16,1285,92592,638935.0,2012
0,16,12,45,2817,183943,1357814.0,2012
0,17,13,15,3078,229946,1087298.0,2012
0,18,2,4,0,0,0.0,2012
0,19,546,618,17972,1128136,7197216.0,2012
0,20,1,43,0,0,0.0,2012
0,21,4,9,0,182988,762363.0,2012
0,22,8,38,5451,396600,2450682.0,2012
0,23,2,35,0,0,0.0,2012
0,24,4,18,2685,202817,1168263.0,2012
0,25,7,59,15051,1269624,7477571.0,2012
0,26,11,218,41464,3228490,21543477.0,2012
0,1,583,1038,89367,6706078,42985733.0,2012
0,2,176,176,311,37344,223633.0,2012
0,3,80,80,550,25002,248256.0,2012
0,4,48,48,579,28905,195734.0,2012
0,5,37,37,628,33562,220452.0,2012
0,6,341,341,2068,124813,888075.0,2012
0,7,28,28,604,34688,285982.0,2012
0,8,22,22,583,25372,168719.0,2012
0,9,23,23,722,39172,222377.0,2012
0,10,18,18,657,40460,191558.0,2012
0,11,24,28,1024,61788,420102.0,2012
0,12,18,28,1069,57494,331723.0,2012
0,13,16,21,1374,89138,661585.0,2012
0,14,20,29,2234,119562,740776.0,2012
0,15,9,16,1285,92592,638935.0,2012
0,16,12,45,2817,183943,1357814.0,2012
0,17,13,15,3078,229946,1087298.0,2012
0,18,2,4,0,0,0.0,2012
0,19,546,618,17972,1128136,7197216.0,2012
0,20,1,43,0,0,0.0,2012
0,21,4,9,0,182988,762363.0,2012
0,22,8,38,5451,396600,2450682.0,2012
0,23,2,35,0,0,0.0,2012
0,24,4,18,2685,202817,1168263.0,2012
0,25,7,59,15051,1269624,7477571.0,2012
0,26,11,218,41464,3228490,21543477.0,2012
0,1,348,588,37866,2748774,20508162.0,2012
0,2,104,104,191,11352,136612.0,2012
0,3,53,53,359,14233,175485.0,2012
0,4,21,21,253,12601,111771.0,2012
0,5,22,22,386,18915,156941.0,2012
0,6,200,200,1189,57101,580809.0,2012
0,7,13,13,281,14422,185915.0,2012
0,8,11,11,289,15486,111540.0,2012
0,9,11,11,341,18855,157611.0,2012
0,10,8,8,298,16818,91277.0,2012
0,11,18,21,724,40165,342616.0,2012
0,12,14,22,811,45310,285301.0,2012
0,13,12,15,977,62691,452646.0,2012
0,14,11,14,1116,64165,425101.0,2012
0,15,5,9,774,60423,464847.0,2012
0,16,7,34,1619,114738,840504.0,2012
0,17,5,5,0,0,0.0,2012
0,18,2,3,0,0,0.0,2012
0,19,317,366,9506,574984,4306044.0,2012
0,20,1,42,0,0,0.0,2012
0,21,2,4,0,0,0.0,2012
0,22,7,30,3457,231878,1711120.0,2012
0,23,2,8,0,0,0.0,2012
0,24,3,11,761,57616,486040.0,2012
0,25,5,16,2185,194540,1110855.0,2012
0,26,11,111,18234,1434460,10680449.0,2012
0,1,214,394,50606,3913704,22118665.0,2012
0,2,52,52,70,23450,73134.0,2012
0,3,14,14,98,7792,42167.0,2012
0,4,23,23,277,14366,74762.0,2012
0,5,13,13,209,13180,56279.0,2012
0,6,102,102,654,58788,246342.0,2012
0,7,13,13,279,17835,77596.0,2012
0,8,11,11,294,9886,57179.0,2012
0,9,10,10,331,18009,52660.0,2012
0,10,10,10,359,23642,100281.0,2012
0,11,7,7,300,21623,77486.0,2012
0,12,4,4,0,0,0.0,2012
0,13,4,5,307,21828,187740.0,2012
0,14,7,7,747,35418,113176.0,2012
0,15,3,5,449,29354,145547.0,2012
0,16,6,11,1198,69205,517310.0,2012
0,17,9,10,2372,189960,900203.0,2012
0,18,1,1,0,0,0.0,2012
0,19,187,196,7571,509552,2532266.0,2012
0,20,1,1,0,0,0.0,2012
0,21,3,5,1596,121121,324514.0,2012
0,22,5,8,0,0,0.0,2012
0,23,1,27,0,0,0.0,2012
0,24,3,7,0,0,0.0,2012
0,25,7,43,12866,1075084,6366716.0,2012
0,26,7,107,23230,1794030,10863028.0,2012
0,1,50,56,895,43600,358906.0,2012
0,2,20,20,50,2542,13887.0,2012
0,3,13,13,93,2977,30604.0,2012
0,4,4,4,49,1938,9201.0,2012
0,5,2,2,0,0,0.0,2012
0,6,39,39,225,8924,60924.0,2012
0,7,2,2,0,0,0.0,2012
0,9,2,2,0,0,0.0,2012
0,12,2,2,0,0,0.0,2012
0,13,1,1,0,0,0.0,2012
0,14,3,8,0,0,0.0,2012
0,15,1,2,0,0,0.0,2012
0,19,50,56,895,43600,358906.0,2012
0,1,325,388,39851,3397976,31992770.0,2012
0,2,170,170,227,30339,246329.0,2012
0,3,42,42,273,32483,157178.0,2012
0,4,22,22,236,17235,76166.0,2012
0,5,12,12,195,19747,162175.0,2012
0,6,246,246,931,99804,641848.0,2012
0,7,10,13,227,23754,103780.0,2012
0,8,2,2,0,0,0.0,2012
0,9,3,3,0,0,0.0,2012
0,10,3,3,103,10117,0.0,2012
0,11,4,4,162,15121,24454.0,2012
0,12,7,10,382,23477,293552.0,2012
0,13,1,1,0,0,0.0,2012
0,14,5,5,614,49767,255140.0,2012
0,15,4,5,700,40731,296531.0,2012
0,16,6,6,1283,95109,586199.0,2012
0,17,7,10,2458,228765,2423115.0,2012
0,18,2,2,0,0,0.0,2012
0,19,300,310,7904,649919,5138325.0,2012
0,20,5,10,2457,222714,2471056.0,2012
0,21,1,3,0,0,0.0,2012
0,22,1,1,0,0,0.0,2012
0,23,3,10,0,0,0.0,2012
0,24,1,1,0,0,0.0,2012
0,25,5,21,11465,1006618,10777387.0,2012
0,26,9,32,13647,1153336,11208428.0,2012
0,1,20,28,5900,567319,4728459.0,2012
0,2,3,3,0,0,0.0,2012
0,3,4,4,30,2118,0.0,2012
0,4,1,1,0,0,0.0,2012
0,5,2,2,0,0,0.0,2012
0,6,10,10,0,5701,0.0,2012
0,7,1,1,0,0,0.0,2012
0,9,1,1,0,0,0.0,2012
0,12,2,2,0,0,0.0,2012
0,14,1,1,0,0,0.0,2012
0,19,15,15,0,20353,299325.0,2012
0,23,1,1,0,0,0.0,2012
0,26,4,12,5565,546414,4426321.0,2012
0,1,20,28,5900,567319,4728459.0,2012
0,2,3,3,0,0,0.0,2012
0,3,4,4,30,2118,0.0,2012
0,4,1,1,0,0,0.0,2012
0,5,2,2,0,0,0.0,2012
0,6,10,10,0,5701,0.0,2012
0,7,1,1,0,0,0.0,2012
0,9,1,1,0,0,0.0,2012
0,12,2,2,0,0,0.0,2012
0,14,1,1,0,0,0.0,2012
0,19,15,15,0,20353,299325.0,2012
0,23,1,1,0,0,0.0,2012
0,26,4,12,5565,546414,4426321.0,2012
0,1,202,225,15431,1336152,13111849.0,2012
0,2,124,124,153,22144,192261.0,2012
0,3,29,29,188,25366,115720.0,2012
0,4,13,13,0,9204,37616.0,2012
0,5,1,1,0,0,0.0,2012
0,6,167,167,494,60833,387927.0,2012
0,7,6,9,137,14616,81614.0,2012
0,8,1,1,0,0,0.0,2012
0,9,2,2,0,0,0.0,2012
0,10,1,1,0,0,0.0,2012
0,11,2,2,0,0,0.0,2012
0,12,2,2,0,0,0.0,2012
0,14,3,3,388,32192,212181.0,2012
0,15,3,3,0,0,0.0,2012
0,16,3,3,867,68253,447977.0,2012
0,17,4,6,1349,126146,0.0,2012
0,19,194,199,4119,353377,2723592.0,2012
0,20,3,5,1324,119301,1066663.0,2012
0,22,1,1,0,0,0.0,2012
0,23,1,6,0,0,0.0,2012
0,25,3,14,0,0,0.0,2012
0,1,193,214,14414,1241692,12457246.0,2012
0,2,122,122,149,21911,191792.0,2012
0,3,27,27,176,22281,115331.0,2012
0,4,12,12,0,0,0.0,2012
0,5,1,1,0,0,0.0,2012
0,6,162,162,467,56546,387069.0,2012
0,7,5,8,115,13879,81614.0,2012
0,8,1,1,0,0,0.0,2012
0,9,2,2,0,0,0.0,2012
0,10,1,1,0,0,0.0,2012
0,11,1,1,0,0,0.0,2012
0,12,2,2,0,0,0.0,2012
0,14,3,3,388,32192,212181.0,2012
0,15,3,3,0,0,0.0,2012
0,16,3,3,867,68253,447977.0,2012
0,17,3,5,0,0,0.0,2012
0,19,186,191,3709,319414,2636744.0,2012
0,20,2,2,0,0,0.0,2012
0,22,1,1,0,0,0.0,2012
0,23,1,6,0,0,0.0,2012
0,25,3,14,0,0,0.0,2012
0,1,10,11,1017,94460,654603.0,2012
0,2,2,2,0,0,0.0,2012
0,3,2,2,0,0,0.0,2012
0,4,1,1,0,0,0.0,2012
0,6,5,5,0,0,0.0,2012
0,7,1,1,0,0,0.0,2012
0,11,1,1,0,0,0.0,2012
0,17,1,1,0,0,0.0,2012
0,19,8,8,0,0,0.0,2012
0,20,2,3,0,0,0.0,2012
0,1,47,65,12679,1018637,10588106.0,2012
0,2,16,16,23,5431,39204.0,2012
0,3,5,5,0,3707,26214.0,2012
0,4,3,3,0,0,0.0,2012
0,5,5,5,82,9668,20529.0,2012
0,6,29,29,176,22504,113733.0,2012
0,7,1,1,0,0,0.0,2012
0,10,1,1,0,0,0.0,2012
0,11,1,1,0,0,0.0,2012
0,12,1,1,0,0,0.0,2012
0,16,1,1,0,0,0.0,2012
0,17,3,3,0,0,0.0,2012
0,18,2,2,0,0,0.0,2012
0,19,39,39,2051,160701,1673890.0,2012
0,20,2,4,0,0,0.0,2012
0,21,1,3,0,0,0.0,2012
0,25,3,6,2854,272367,2140640.0,2012
0,26,2,13,0,0,0.0,2012
0,1,17,23,0,0,0.0,2012
0,2,8,8,15,655,2865.0,2012
0,3,2,2,0,0,0.0,2012
0,4,1,1,0,0,0.0,2012
0,5,1,1,0,0,0.0,2012
0,6,12,12,0,4915,15389.0,2012
0,18,2,2,0,0,0.0,2012
0,19,14,14,0,0,0.0,2012
0,20,2,4,0,0,0.0,2012
0,26,1,5,0,0,0.0,2012
0,1,30,42,10362,843398,8587692.0,2012
0,2,8,8,0,0,0.0,2012
0,3,3,3,20,2620,26214.0,2012
0,4,2,2,0,0,0.0,2012
0,5,4,4,68,7323,0.0,2012
0,6,17,17,123,17589,98344.0,2012
0,7,1,1,0,0,0.0,2012
0,10,1,1,0,0,0.0,2012
0,11,1,1,0,0,0.0,2012
0,12,1,1,0,0,0.0,2012
0,16,1,1,0,0,0.0,2012
0,17,3,3,0,0,0.0,2012
0,19,25,25,1181,105273,1213156.0,2012
0,21,1,3,0,0,0.0,2012
0,25,3,6,2854,272367,2140640.0,2012
0,26,1,8,0,0,0.0,2012
0,1,62,70,5841,475868,3564356.0,2012
0,2,27,27,45,2373,12023.0,2012
0,3,4,4,24,1292,4309.0,2012
0,4,5,5,54,3258,10745.0,2012
0,5,4,4,62,3843,25837.0,2012
0,6,40,40,185,10766,52914.0,2012
0,7,2,2,0,0,0.0,2012
0,8,1,1,0,0,0.0,2012
0,10,1,1,0,0,0.0,2012
0,11,1,1,0,0,0.0,2012
0,12,2,5,0,0,0.0,2012
0,13,1,1,0,0,0.0,2012
0,14,1,1,0,0,0.0,2012
0,15,1,2,0,0,0.0,2012
0,16,2,2,0,0,0.0,2012
0,17,1,1,0,0,0.0,2012
0,19,53,57,1405,115488,441518.0,2012
0,20,1,1,0,0,0.0,2012
0,23,2,3,0,0,0.0,2012
0,24,1,1,0,0,0.0,2012
0,25,1,1,0,0,0.0,2012
0,26,4,7,2122,166308,1917528.0,2012
0,1,26,30,765,56741,201076.0,2012
0,2,10,10,18,1195,1719.0,2012
0,3,2,2,0,0,0.0,2012
0,4,2,2,0,0,0.0,2012
0,5,2,2,0,0,0.0,2012
0,6,16,16,85,5992,27427.0,2012
0,7,1,1,0,0,0.0,2012
0,8,1,1,0,0,0.0,2012
0,11,1,1,0,0,0.0,2012
0,12,2,5,0,0,0.0,2012
0,13,1,1,0,0,0.0,2012
0,14,1,1,0,0,0.0,2012
0,16,2,2,0,0,0.0,2012
0,19,25,28,712,54661,199464.0,2012
0,26,1,2,0,0,0.0,2012
0,1,36,40,5076,419127,3363280.0,2012
0,2,17,17,0,1178,10304.0,2012
0,3,2,2,0,0,0.0,2012
0,4,3,3,33,1396,9982.0,2012
0,5,2,2,0,0,0.0,2012
0,6,24,24,100,4774,25487.0,2012
0,7,1,1,0,0,0.0,2012
0,10,1,1,0,0,0.0,2012
0,15,1,2,0,0,0.0,2012
0,17,1,1,0,0,0.0,2012
0,19,28,29,693,60827,242054.0,2012
0,20,1,1,0,0,0.0,2012
0,23,2,3,0,0,0.0,2012
0,24,1,1,0,0,0.0,2012
0,25,1,1,0,0,0.0,2012
0,26,3,5,2069,164228,1915916.0,2012
0,1,3085,5156,75207,4246251,26789625.0,2012
0,2,1303,1303,2450,128756,667285.0,2012
0,3,585,586,4028,168104,759808.0,2012
0,4,291,303,3337,151052,654865.0,2012
0,5,165,172,2761,146950,624637.0,2012
0,6,2344,2364,12576,594862,2706595.0,2012
0,7,110,130,2201,103987,451462.0,2012
0,8,68,72,1651,77213,342353.0,2012
0,9,55,63,1476,82342,383849.0,2012
0,10,55,71,1770,82389,377688.0,2012
0,11,56,76,2004,99537,485351.0,2012
0,12,82,146,3495,192039,1023974.0,2012
0,13,50,123,2181,119053,660808.0,2012
0,14,56,179,3457,187493,884718.0,2012
0,15,36,81,2097,123421,808393.0,2012
0,16,39,132,3147,185950,1106716.0,2012
0,17,15,88,1891,127755,736845.0,2012
0,18,14,61,1628,97671,455862.0,2012
0,19,2980,3586,39574,2073712,10424614.0,2012
0,20,28,136,5959,383982,2898355.0,2012
0,21,7,45,1292,84937,548119.0,2012
0,22,10,126,0,0,0.0,2012
0,23,16,90,3891,224796,1292556.0,2012
0,24,10,64,1611,111237,710493.0,2012
0,25,15,172,6237,422395,4197959.0,2012
0,26,19,937,13988,804310,5759571.0,2012
0,1,1337,2631,38252,2054725,12156558.0,2012
0,2,487,487,981,47509,259140.0,2012
0,3,251,251,1745,70591,342422.0,2012
0,4,132,135,1510,62071,288062.0,2012
0,5,80,82,1335,64177,278538.0,2012
0,6,950,955,5571,244348,1168162.0,2012
0,7,56,65,1100,49708,222455.0,2012
0,8,38,42,907,41627,180839.0,2012
0,9,29,30,765,38566,198556.0,2012
0,10,22,31,703,30390,178000.0,2012
0,11,33,46,1194,56895,265738.0,2012
0,12,50,94,1941,105582,541867.0,2012
0,13,25,64,1085,62206,371442.0,2012
0,14,26,86,1955,92914,464646.0,2012
0,15,16,35,972,51931,232338.0,2012
0,16,19,79,1476,89505,506328.0,2012
0,17,6,54,1071,78112,433764.0,2012
0,18,8,34,847,50952,199878.0,2012
0,19,1278,1615,19587,992736,4964013.0,2012
0,20,16,67,1951,118493,0.0,2012
0,21,4,22,316,17485,124036.0,2012
0,22,7,78,0,0,0.0,2012
0,23,9,27,1537,78995,460850.0,2012
0,24,3,26,0,0,0.0,2012
0,25,6,84,1670,92442,478561.0,2012
0,26,14,712,10706,609520,4391896.0,2012
0,1,273,299,2731,106955,404291.0,2012
0,2,146,146,0,10650,54309.0,2012
0,3,41,41,274,9054,37611.0,2012
0,4,24,24,266,9955,32291.0,2012
0,5,13,13,215,8306,25825.0,2012
0,6,224,224,1014,37965,150036.0,2012
0,7,9,11,185,6157,19175.0,2012
0,8,10,12,250,9477,35218.0,2012
0,9,4,4,109,4416,14029.0,2012
0,10,1,1,0,0,0.0,2012
0,11,6,7,263,9206,29166.0,2012
0,12,7,7,223,9191,25561.0,2012
0,14,3,5,0,0,0.0,2012
0,15,1,1,0,0,0.0,2012
0,16,2,8,0,0,0.0,2012
0,17,1,1,0,0,0.0,2012
0,19,268,281,2506,94673,344348.0,2012
0,20,2,2,0,0,0.0,2012
0,21,1,14,0,0,0.0,2012
0,26,2,2,0,0,0.0,2012
0,1,629,1481,23822,1284779,7595155.0,2012
0,2,156,156,343,19801,110198.0,2012
0,3,122,122,879,35298,188072.0,2012
0,4,65,67,743,32798,167914.0,2012
0,5,47,49,786,40491,178032.0,2012
0,6,390,394,2751,128388,644216.0,2012
0,7,26,28,503,23676,94370.0,2012
0,8,14,16,334,16190,87623.0,2012
0,9,18,18,508,25625,140881.0,2012
0,10,15,24,456,20633,109777.0,2012
0,11,20,31,613,33688,172615.0,2012
0,12,30,67,1207,59644,313166.0,2012
0,13,21,53,940,49890,310294.0,2012
0,14,17,56,1331,57430,314161.0,2012
0,15,9,20,632,37003,164210.0,2012
0,16,13,61,0,44804,283397.0,2012
0,17,4,49,844,66633,365852.0,2012
0,18,7,26,719,43963,146536.0,2012
0,19,584,843,11736,607567,3147098.0,2012
0,20,10,32,0,65267,0.0,2012
0,21,2,5,0,0,0.0,2012
0,22,6,71,0,0,0.0,2012
0,23,8,25,1459,74982,424755.0,2012
0,24,3,26,0,0,0.0,2012
0,25,5,62,874,48063,270779.0,2012
0,26,11,417,6062,339299,2277552.0,2012
0,1,161,442,6538,364014,2537523.0,2012
0,2,51,51,126,5456,38326.0,2012
0,3,28,28,183,8981,44795.0,2012
0,4,15,15,171,5652,32247.0,2012
0,5,9,9,153,7064,33677.0,2012
0,6,103,103,633,27153,149045.0,2012
0,7,8,8,0,0,0.0,2012
0,8,2,2,0,0,0.0,2012
0,9,2,2,0,0,0.0,2012
0,10,2,2,0,0,0.0,2012
0,11,4,4,134,5938,29918.0,2012
0,12,7,9,277,13731,106732.0,2012
0,13,2,2,0,0,0.0,2012
0,14,6,13,289,16164,82718.0,2012
0,15,3,6,58,3245,19376.0,2012
0,16,3,5,146,8596,0.0,2012
0,17,2,2,0,0,0.0,2012
0,19,144,158,2037,102204,601782.0,2012
0,20,4,24,0,0,0.0,2012
0,21,2,2,0,0,0.0,2012
0,23,1,1,0,0,0.0,2012
0,25,3,6,0,0,0.0,2012
0,26,7,251,3822,215300,1647755.0,2012
0,1,330,409,5161,298977,1619589.0,2012
0,2,134,134,253,11602,56307.0,2012
0,3,60,60,409,17258,71944.0,2012
0,4,28,29,330,13666,55610.0,2012
0,5,11,11,181,8316,41004.0,2012
0,6,233,234,1173,50842,224865.0,2012
0,7,15,18,289,13616,72226.0,2012
0,8,12,12,267,13621,48417.0,2012
0,9,5,6,113,6829,32682.0,2012
0,10,4,4,132,6231,37063.0,2012
0,11,4,4,184,8063,34039.0,2012
0,12,9,11,234,23016,96408.0,2012
0,13,5,9,65,4585,25403.0,2012
0,14,7,12,204,13743,50269.0,2012
0,15,6,8,0,0,0.0,2012
0,16,5,5,0,0,0.0,2012
0,17,2,2,0,0,0.0,2012
0,18,3,8,128,6989,53342.0,2012
0,19,310,333,3308,188292,870785.0,2012
0,20,5,9,136,6311,43608.0,2012
0,21,1,1,0,0,0.0,2012
0,22,2,7,0,0,0.0,2012
0,23,1,1,0,0,0.0,2012
0,25,3,16,0,0,0.0,2012
0,26,8,42,789,52538,455869.0,2012
0,1,1607,2235,26036,1417990,8022287.0,2012
0,2,721,721,1308,68255,354359.0,2012
0,3,295,295,2017,85305,370062.0,2012
0,4,141,150,1617,76018,329822.0,2012
0,5,75,77,1231,69534,275406.0,2012
0,6,1232,1243,6173,299112,1329649.0,2012
0,7,45,53,874,43960,180626.0,2012
0,8,26,26,640,30936,141382.0,2012
0,9,25,29,617,36545,171814.0,2012
0,10,30,36,924,44606,174942.0,2012
0,11,22,26,708,37733,199150.0,2012
0,12,31,44,1132,64808,393323.0,2012
0,13,34,58,1082,56372,288416.0,2012
0,14,34,89,1203,78510,381221.0,2012
0,15,22,33,485,22269,116474.0,2012
0,16,21,42,0,70473,418266.0,2012
0,17,11,32,718,42603,0.0,2012
0,18,10,24,725,44048,249990.0,2012
0,19,1543,1735,16404,871975,4318936.0,2012
0,20,16,64,2096,99999,741043.0,2012
0,21,5,21,518,38541,204824.0,2012
0,22,7,45,0,67439,0.0,2012
0,23,10,55,0,0,0.0,2012
0,24,7,37,453,20828,119115.0,2012
0,25,9,68,1581,96155,598273.0,2012
0,26,10,210,2299,135173,864191.0,2012
0,1,1446,1969,17578,967894,4763019.0,2012
0,2,669,669,1212,63142,310559.0,2012
0,3,272,272,1868,78399,330431.0,2012
0,4,128,137,1459,68350,299288.0,2012
0,5,69,70,1127,64865,253081.0,2012
0,6,1138,1148,5666,274756,1193359.0,2012
0,7,40,48,777,39058,157107.0,2012
0,8,22,22,536,26509,119892.0,2012
0,9,23,26,561,33438,148906.0,2012
0,10,24,30,706,35255,130676.0,2012
0,11,16,20,508,26432,130762.0,2012
0,12,21,32,619,39812,202080.0,2012
0,13,30,54,715,39621,182324.0,2012
0,14,28,73,882,61467,219948.0,2012
0,15,21,32,294,13517,73020.0,2012
0,16,16,31,0,0,0.0,2012
0,17,8,27,279,14662,65977.0,2012
0,18,8,19,178,10762,58661.0,2012
0,19,1395,1562,12371,662131,2892795.0,2012
0,20,14,39,829,37560,193980.0,2012
0,21,5,21,518,38541,204824.0,2012
0,22,6,37,578,39002,318319.0,2012
0,23,8,29,625,34223,190394.0,2012
0,24,5,35,407,18952,106592.0,2012
0,25,5,45,0,0,0.0,2012
0,26,8,201,2025,120085,773012.0,2012
0,1,101,147,3874,190500,1625170.0,2012
0,2,32,32,0,3279,25782.0,2012
0,3,14,14,93,3892,25809.0,2012
0,4,7,7,82,3439,14207.0,2012
0,5,3,4,51,2646,14930.0,2012
0,6,56,57,277,13256,80728.0,2012
0,7,3,3,65,3773,17142.0,2012
0,8,2,2,0,0,0.0,2012
0,9,2,2,0,0,0.0,2012
0,10,1,1,0,0,0.0,2012
0,11,6,6,200,11301,68388.0,2012
0,12,8,10,384,18445,143474.0,2012
0,13,3,3,277,12712,82402.0,2012
0,14,2,2,0,0,0.0,2012
0,15,1,1,0,0,0.0,2012
0,16,3,5,0,0,0.0,2012
0,17,1,1,0,0,0.0,2012
0,19,88,93,1903,93474,642175.0,2012
0,20,3,18,0,0,0.0,2012
0,23,2,18,0,0,0.0,2012
0,24,1,1,0,0,0.0,2012
0,25,3,12,0,0,0.0,2012
0,26,4,5,0,0,0.0,2012
0,1,15,30,0,0,0.0,2012
0,2,1,1,0,0,0.0,2012
0,3,2,2,0,0,0.0,2012
0,5,1,1,0,0,0.0,2012
0,6,4,4,0,0,0.0,2012
0,10,1,1,0,0,0.0,2012
0,12,1,1,0,0,0.0,2012
0,17,2,4,0,0,0.0,2012
0,18,2,4,0,0,0.0,2012
0,19,10,14,0,0,0.0,2012
0,20,1,1,0,0,0.0,2012
0,23,2,5,0,0,0.0,2012
0,25,2,10,0,0,0.0,2012
0,1,64,89,2351,117127,724065.0,2012
0,2,19,19,0,1808,9580.0,2012
0,3,7,7,41,2381,11233.0,2012
0,4,6,6,0,4229,0.0,2012
0,5,2,2,0,0,0.0,2012
0,6,34,34,199,10103,42973.0,2012
0,7,2,2,0,0,0.0,2012
0,8,2,2,0,0,0.0,2012
0,9,1,1,0,0,0.0,2012
0,10,4,4,146,6221,31735.0,2012
0,12,1,1,0,0,0.0,2012
0,13,1,1,0,0,0.0,2012
0,14,4,14,0,13491,0.0,2012
0,16,3,6,0,0,0.0,2012
0,18,1,1,0,0,0.0,2012
0,19,53,66,1047,50135,337363.0,2012
0,20,2,6,0,0,0.0,2012
0,22,1,8,0,0,0.0,2012
0,23,3,3,0,0,0.0,2012
0,24,1,1,0,0,0.0,2012
0,25,1,1,0,0,0.0,2012
0,26,3,4,218,11789,56677.0,2012
0,1,249,290,10919,773536,6610780.0,2012
0,2,95,95,161,12992,53786.0,2012
0,3,39,40,266,12208,47324.0,2012
0,4,18,18,210,12963,36981.0,2012
0,5,12,13,195,13239,70693.0,2012
0,6,164,166,832,51402,208784.0,2012
0,7,11,12,227,10319,48381.0,2012
0,8,4,4,104,4650,20132.0,2012
0,9,4,4,0,0,0.0,2012
0,10,4,4,0,0,0.0,2012
0,11,3,4,102,4909,20463.0,2012
0,12,8,8,422,21649,88784.0,2012
0,13,1,1,0,0,0.0,2012
0,14,4,4,299,16069,38851.0,2012
0,15,6,13,640,49221,459581.0,2012
0,16,6,11,0,0,0.0,2012
0,17,1,2,0,0,0.0,2012
0,18,2,3,0,0,0.0,2012
0,19,218,236,3583,209001,1141665.0,2012
0,20,4,5,1912,165490,1237693.0,2012
0,21,1,2,0,0,0.0,2012
0,22,3,3,0,0,0.0,2012
0,23,6,8,726,57921,134920.0,2012
0,24,1,1,0,0,0.0,2012
0,25,8,20,2986,233798,3121125.0,2012
0,26,8,15,0,0,0.0,2012
0,1,22,24,3540,299516,2976805.0,2012
0,2,5,5,0,286,2660.0,2012
0,3,4,4,27,1953,4147.0,2012
0,4,1,1,0,0,0.0,2012
0,6,10,10,46,4383,6807.0,2012
0,10,1,1,0,0,0.0,2012
0,12,1,1,0,0,0.0,2012
0,15,1,2,0,0,0.0,2012
0,19,13,14,260,27156,0.0,2012
0,20,4,5,1912,165490,1237693.0,2012
0,21,1,1,0,0,0.0,2012
0,23,2,2,0,0,0.0,2012
0,25,2,2,0,0,0.0,2012
0,1,8,13,0,0,0.0,2012
0,2,2,2,0,0,0.0,2012
0,3,1,1,0,0,0.0,2012
0,6,3,3,0,587,1954.0,2012
0,19,3,3,0,587,1954.0,2012
0,24,1,1,0,0,0.0,2012
0,25,3,7,0,0,0.0,2012
0,26,1,2,0,0,0.0,2012
0,1,27,30,1774,98561,509818.0,2012
0,2,11,11,0,973,4810.0,2012
0,4,1,1,0,0,0.0,2012
0,5,1,1,0,0,0.0,2012
0,6,13,13,46,2453,11854.0,2012
0,9,2,2,0,0,0.0,2012
0,12,4,4,0,0,0.0,2012
0,14,1,1,0,0,0.0,2012
0,15,1,1,0,0,0.0,2012
0,16,2,2,0,0,0.0,2012
0,19,23,23,831,42131,243728.0,2012
0,21,1,1,0,0,0.0,2012
0,22,1,1,0,0,0.0,2012
0,23,1,2,0,0,0.0,2012
0,26,1,3,0,0,0.0,2012
0,1,193,223,3321,199540,821250.0,2012
0,2,77,77,133,11421,45266.0,2012
0,3,34,35,232,9980,42273.0,2012
0,4,16,16,184,10074,33772.0,2012
0,5,11,12,180,12504,66858.0,2012
0,6,138,140,729,43979,188169.0,2012
0,7,11,12,227,10319,48381.0,2012
0,8,4,4,104,4650,20132.0,2012
0,9,2,2,0,0,0.0,2012
0,10,3,3,111,5172,17985.0,2012
0,11,3,4,102,4909,20463.0,2012
0,12,3,3,0,0,0.0,2012
0,13,1,1,0,0,0.0,2012
0,14,3,3,234,12554,0.0,2012
0,15,4,10,0,0,0.0,2012
0,16,4,9,0,0,0.0,2012
0,17,1,2,0,0,0.0,2012
0,18,2,3,0,0,0.0,2012
0,19,179,196,2481,139127,582174.0,2012
0,22,2,2,0,0,0.0,2012
0,23,3,4,0,0,0.0,2012
0,25,3,11,0,0,0.0,2012
0,26,6,10,92,5201,22536.0,2012
0,1,11667,14263,398200,31496337,128451529.0,2012
0,2,6462,6467,9722,699356,2790701.0,2012
0,3,1601,1610,10643,561996,2137962.0,2012
0,4,821,829,9625,580106,2170164.0,2012
0,5,536,546,8888,527926,1788837.0,2012
0,6,9420,9452,38878,2369384,8887664.0,2012
0,7,353,369,7592,499146,1544291.0,2012
0,8,255,273,6800,452242,1468503.0,2012
0,9,202,217,6330,386205,1197477.0,2012
0,10,144,156,5237,326619,1004546.0,2012
0,11,204,218,8726,549052,1748323.0,2012
0,12,333,387,19267,1345338,4172557.0,2012
0,13,144,186,11756,790356,2539090.0,2012
0,14,163,242,18060,1253717,4125817.0,2012
0,15,87,131,12254,900234,2880873.0,2012
0,16,94,181,19709,1376924,5933416.0,2012
0,17,55,120,15781,1255521,4360839.0,2012
0,18,32,94,9274,622173,2368352.0,2012
0,19,11486,12026,179664,12126911,42231748.0,2012
0,20,36,134,13400,1189869,4013947.0,2012
0,21,14,75,7172,534147,1265505.0,2012
0,22,29,313,22231,2012372,8791117.0,2012
0,23,18,125,9271,803866,3462826.0,2012
0,24,10,103,8047,690094,2239065.0,2012
0,25,31,445,38384,3209865,17222736.0,2012
0,26,43,1042,120031,10929213,49224585.0,2012
0,1,11667,14263,398200,31496337,128451529.0,2012
0,2,6462,6467,9722,699356,2790701.0,2012
0,3,1601,1610,10643,561996,2137962.0,2012
0,4,821,829,9625,580106,2170164.0,2012
0,5,536,546,8888,527926,1788837.0,2012
0,6,9420,9452,38878,2369384,8887664.0,2012
0,7,353,369,7592,499146,1544291.0,2012
0,8,255,273,6800,452242,1468503.0,2012
0,9,202,217,6330,386205,1197477.0,2012
0,10,144,156,5237,326619,1004546.0,2012
0,11,204,218,8726,549052,1748323.0,2012
0,12,333,387,19267,1345338,4172557.0,2012
0,13,144,186,11756,790356,2539090.0,2012
0,14,163,242,18060,1253717,4125817.0,2012
0,15,87,131,12254,900234,2880873.0,2012
0,16,94,181,19709,1376924,5933416.0,2012
0,17,55,120,15781,1255521,4360839.0,2012
0,18,32,94,9274,622173,2368352.0,2012
0,19,11486,12026,179664,12126911,42231748.0,2012
0,20,36,134,13400,1189869,4013947.0,2012
0,21,14,75,7172,534147,1265505.0,2012
0,22,29,313,22231,2012372,8791117.0,2012
0,23,18,125,9271,803866,3462826.0,2012
0,24,10,103,8047,690094,2239065.0,2012
0,25,31,445,38384,3209865,17222736.0,2012
0,26,43,1042,120031,10929213,49224585.0,2012
0,1,11667,14263,398200,31496337,128451529.0,2012
0,2,6462,6467,9722,699356,2790701.0,2012
0,3,1601,1610,10643,561996,2137962.0,2012
0,4,821,829,9625,580106,2170164.0,2012
0,5,536,546,8888,527926,1788837.0,2012
0,6,9420,9452,38878,2369384,8887664.0,2012
0,7,353,369,7592,499146,1544291.0,2012
0,8,255,273,6800,452242,1468503.0,2012
0,9,202,217,6330,386205,1197477.0,2012
0,10,144,156,5237,326619,1004546.0,2012
0,11,204,218,8726,549052,1748323.0,2012
0,12,333,387,19267,1345338,4172557.0,2012
0,13,144,186,11756,790356,2539090.0,2012
0,14,163,242,18060,1253717,4125817.0,2012
0,15,87,131,12254,900234,2880873.0,2012
0,16,94,181,19709,1376924,5933416.0,2012
0,17,55,120,15781,1255521,4360839.0,2012
0,18,32,94,9274,622173,2368352.0,2012
0,19,11486,12026,179664,12126911,42231748.0,2012
0,20,36,134,13400,1189869,4013947.0,2012
0,21,14,75,7172,534147,1265505.0,2012
0,22,29,313,22231,2012372,8791117.0,2012
0,23,18,125,9271,803866,3462826.0,2012
0,24,10,103,8047,690094,2239065.0,2012
0,25,31,445,38384,3209865,17222736.0,2012
0,26,43,1042,120031,10929213,49224585.0,2012
0,1,2144,2539,106368,8469975,33262941.0,2012
0,2,1191,1194,1828,153380,657906.0,2012
0,3,258,259,1707,86985,378134.0,2012
0,4,125,125,1496,91838,314226.0,2012
0,5,100,100,1698,105413,319090.0,2012
0,6,1674,1678,6729,437616,1669356.0,2012
0,7,63,69,1378,84530,263473.0,2012
0,8,53,56,1431,112000,432190.0,2012
0,9,33,33,1014,57671,205902.0,2012
0,10,20,20,674,42609,151754.0,2012
0,11,41,42,1791,107906,322420.0,2012
0,12,66,82,3824,291794,893999.0,2012
0,13,27,34,2162,133561,417214.0,2012
0,14,44,49,5220,337114,1022972.0,2012
0,15,17,19,2729,199790,571274.0,2012
0,16,26,40,6051,409308,1156952.0,2012
0,17,16,28,4880,459221,1495897.0,2012
0,18,5,14,1745,131875,345823.0,2012
0,19,2085,2164,39628,2804995,8949226.0,2012
0,20,13,30,5367,501517,1684645.0,2012
0,21,2,5,0,0,0.0,2012
0,22,14,69,8324,777755,3418832.0,2012
0,23,4,7,1981,192573,600143.0,2012
0,24,1,1,0,0,0.0,2012
0,25,13,74,13229,1075507,6013126.0,2012
0,26,12,189,34912,2856731,11248959.0,2012
0,1,8877,10872,272357,21739034,90645566.0,2012
0,2,4956,4958,7381,512416,1995943.0,2012
0,3,1240,1246,8251,442815,1653247.0,2012
0,4,638,645,7447,443434,1726052.0,2012
0,5,403,412,6685,382566,1364727.0,2012
0,6,7237,7261,29764,1781231,6739969.0,2012
0,7,271,280,5829,395248,1208353.0,2012
0,8,182,196,4817,301150,914978.0,2012
0,9,157,166,4975,312993,932600.0,2012
0,10,116,128,4268,264671,781962.0,2012
0,11,144,155,6151,399040,1275783.0,2012
0,12,250,281,14385,987113,3071282.0,2012
0,13,110,141,8948,620064,1986991.0,2012
0,14,106,162,11300,827330,2837175.0,2012
0,15,61,101,8436,633602,2008834.0,2012
0,16,59,112,12071,851298,4258224.0,2012
0,17,33,76,9102,643401,2287697.0,2012
0,18,24,68,6477,432807,1898650.0,2012
0,19,8750,9127,126523,8449948,30202498.0,2012
0,20,22,92,7312,613741,2064098.0,2012
0,21,10,66,4878,405142,891912.0,2012
0,22,19,219,12813,1186466,5234243.0,2012
0,23,12,86,5846,487141,2288105.0,2012
0,24,8,101,5912,468772,1069779.0,2012
0,25,22,361,24902,2117902,11152370.0,2012
0,26,34,820,84171,8009922,37742561.0,2012
0,1,274,333,9926,559200,1837143.0,2012
0,2,104,104,185,12888,42367.0,2012
0,3,36,36,238,10479,32450.0,2012
0,4,26,26,307,16392,42494.0,2012
0,5,11,11,181,10546,38200.0,2012
0,6,177,177,911,50305,155511.0,2012
0,7,8,8,0,5414,23724.0,2012
0,8,9,9,234,10933,38629.0,2012
0,9,6,10,168,6911,29829.0,2012
0,10,1,1,0,0,0.0,2012
0,11,11,11,467,26683,95137.0,2012
0,12,15,19,818,48716,152148.0,2012
0,13,6,7,0,0,0.0,2012
0,14,11,12,1063,63195,180748.0,2012
0,15,6,6,777,40276,201766.0,2012
0,16,5,6,699,53950,186242.0,2012
0,17,5,11,1088,74659,0.0,2012
0,18,4,11,1045,57261,121622.0,2012
0,19,264,288,7912,459156,1518024.0,2012
0,20,1,2,0,0,0.0,2012
0,22,2,25,0,0,0.0,2012
0,24,1,1,0,0,0.0,2012
0,25,1,1,0,0,0.0,2012
0,26,5,16,610,24597,123647.0,2012
0,1,184,256,6864,554853,2021256.0,2012
0,2,92,92,136,11883,47157.0,2012
0,3,25,25,164,10120,33829.0,2012
0,4,13,13,153,19942,43476.0,2012
0,5,10,10,174,22077,37341.0,2012
0,6,140,140,627,64022,161803.0,2012
0,7,5,5,0,0,0.0,2012
0,8,7,7,188,21442,51335.0,2012
0,9,4,4,123,5881,17867.0,2012
0,10,2,2,0,0,0.0,2012
0,11,3,3,124,7730,28754.0,2012
0,12,2,2,0,0,0.0,2012
0,13,1,1,0,0,0.0,2012
0,14,3,17,0,0,0.0,2012
0,15,3,3,0,0,0.0,2012
0,16,4,21,872,61384,327626.0,2012
0,17,2,5,0,0,0.0,2012
0,19,176,210,3560,302951,1142338.0,2012
0,20,2,10,0,0,0.0,2012
0,21,1,1,0,0,0.0,2012
0,23,1,27,0,0,0.0,2012
0,25,3,7,0,0,0.0,2012
0,26,1,1,0,0,0.0,2012
0,1,235,263,2685,173275,684623.0,2012
0,2,119,119,192,8789,47328.0,2012
0,3,42,44,283,11597,40302.0,2012
0,4,19,20,222,8500,43916.0,2012
0,5,12,13,150,7324,29479.0,2012
0,6,192,196,847,36210,161025.0,2012
0,7,6,7,0,5733,23069.0,2012
0,8,5,5,130,6717,31371.0,2012
0,9,2,4,0,0,0.0,2012
0,10,5,5,177,10037,33596.0,2012
0,11,5,7,193,7693,26229.0,2012
0,12,3,3,130,9434,23688.0,2012
0,13,3,3,0,0,0.0,2012
0,14,2,2,0,0,0.0,2012
0,15,2,2,0,0,0.0,2012
0,16,1,2,0,0,0.0,2012
0,18,1,1,0,0,0.0,2012
0,19,227,237,2041,109861,419662.0,2012
0,21,1,3,0,0,0.0,2012
0,23,3,5,0,0,0.0,2012
0,25,1,2,0,0,0.0,2012
0,26,3,16,0,0,0.0,2012
0,1,5973,17833,641063,59062129,531198715.0,2012
0,2,3072,3096,5939,231122,4148617.0,2012
0,3,984,998,6330,269418,2094449.0,2012
0,4,303,334,3507,188808,2618070.0,2012
0,5,197,230,3163,208867,1846875.0,2012
0,6,4556,4658,18939,898215,10708011.0,2012
0,7,124,150,2684,180530,1582720.0,2012
0,8,126,154,3294,210288,2808595.0,2012
0,9,86,114,2673,185117,3093359.0,2012
0,10,75,100,2719,175994,1864882.0,2012
0,11,130,193,5652,399876,6603926.0,2012
0,12,229,434,13253,1013254,13191409.0,2012
0,13,134,322,10402,761902,8250540.0,2012
0,14,137,413,14648,1009822,12200461.0,2012
0,15,62,254,8757,645942,8844404.0,2012
0,16,65,357,13424,997880,14250015.0,2012
0,17,29,217,8255,666722,8534246.0,2012
0,18,21,129,6925,628878,6890164.0,2012
0,19,5774,7495,111625,7774420,98822732.0,2012
0,20,36,221,14505,1369079,13332624.0,2012
0,21,18,374,8886,794871,14118059.0,2012
0,22,25,408,18636,1702709,13621234.0,2012
0,23,18,438,17363,1485663,14060907.0,2012
0,24,12,501,15456,1345032,14831162.0,2012
0,25,23,813,42993,3767200,41890403.0,2012
0,26,67,7583,411599,40823155,320521594.0,2012
0,1,5973,17833,641063,59062129,531198715.0,2012
0,2,3072,3096,5939,231122,4148617.0,2012
0,3,984,998,6330,269418,2094449.0,2012
0,4,303,334,3507,188808,2618070.0,2012
0,5,197,230,3163,208867,1846875.0,2012
0,6,4556,4658,18939,898215,10708011.0,2012
0,7,124,150,2684,180530,1582720.0,2012
0,8,126,154,3294,210288,2808595.0,2012
0,9,86,114,2673,185117,3093359.0,2012
0,10,75,100,2719,175994,1864882.0,2012
0,11,130,193,5652,399876,6603926.0,2012
0,12,229,434,13253,1013254,13191409.0,2012
0,13,134,322,10402,761902,8250540.0,2012
0,14,137,413,14648,1009822,12200461.0,2012
0,15,62,254,8757,645942,8844404.0,2012
0,16,65,357,13424,997880,14250015.0,2012
0,17,29,217,8255,666722,8534246.0,2012
0,18,21,129,6925,628878,6890164.0,2012
0,19,5774,7495,111625,7774420,98822732.0,2012
0,20,36,221,14505,1369079,13332624.0,2012
0,21,18,374,8886,794871,14118059.0,2012
0,22,25,408,18636,1702709,13621234.0,2012
0,23,18,438,17363,1485663,14060907.0,2012
0,24,12,501,15456,1345032,14831162.0,2012
0,25,23,813,42993,3767200,41890403.0,2012
0,26,67,7583,411599,40823155,320521594.0,2012
0,1,1831,10401,509704,49479949,427201520.0,2012
0,2,439,461,679,73656,2681800.0,2012
0,3,145,153,963,68270,574742.0,2012
0,4,83,104,972,74081,851117.0,2012
0,5,94,109,1541,124627,1206558.0,2012
0,6,761,827,4155,340634,5314217.0,2012
0,7,80,97,1722,133122,1288219.0,2012
0,8,85,101,2206,151545,1513699.0,2012
0,9,62,83,1930,140312,1828934.0,2012
0,10,59,75,2124,141542,1483377.0,2012
0,11,102,155,4482,308845,4261596.0,2012
0,12,196,378,11564,891606,11368545.0,2012
0,13,110,254,9072,680993,6757947.0,2012
0,14,109,351,12555,883928,11431689.0,2012
0,15,50,213,7553,564889,8101026.0,2012
0,16,54,277,11177,860103,11846213.0,2012
0,17,17,137,4736,377233,5763412.0,2012
0,18,14,88,5625,540229,6355780.0,2012
0,19,1699,3036,78901,6014981,77314654.0,2012
0,20,24,116,11049,1085293,8553436.0,2012
0,21,11,224,5924,536681,5090505.0,2012
0,22,14,272,12409,1241462,9080026.0,2012
0,23,6,128,6741,678812,6596098.0,2012
0,24,9,248,0,0,0.0,2012
0,25,17,515,35985,3247346,34655826.0,2012
0,26,51,5862,348375,35715672,273669527.0,2012
0,1,637,2623,134477,14127675,120488161.0,2012
0,2,263,281,419,47821,740691.0,2012
0,3,79,87,535,39644,279264.0,2012
0,4,25,34,269,26285,181664.0,2012
0,5,24,28,365,48893,395404.0,2012
0,6,391,430,1588,162643,1597023.0,2012
0,7,19,22,367,39895,282135.0,2012
0,8,9,9,208,18002,224257.0,2012
0,9,8,10,248,34250,835332.0,2012
0,10,6,6,192,16011,231676.0,2012
0,11,9,16,346,35077,258669.0,2012
0,12,24,47,1263,164103,1304737.0,2012
0,13,17,24,978,145365,916627.0,2012
0,14,17,45,1449,141908,3203366.0,2012
0,15,9,33,933,102884,1903348.0,2012
0,16,13,80,1793,185399,2270705.0,2012
0,17,11,107,2620,227043,3026663.0,2012
0,18,5,46,1988,186608,2537482.0,2012
0,19,538,875,13973,1459188,18592020.0,2012
0,20,10,83,3980,332091,4739081.0,2012
0,21,9,156,3349,330730,3017737.0,2012
0,22,10,136,0,0,0.0,2012
0,23,6,75,3664,361644,4001950.0,2012
0,24,5,123,0,0,0.0,2012
0,25,14,149,9610,908497,8683309.0,2012
0,26,45,1026,88886,9549681,69424207.0,2012
0,1,135,384,3037,244037,2236162.0,2012
0,2,74,92,0,7089,52428.0,2012
0,3,16,21,108,5322,22919.0,2012
0,4,3,4,39,1322,4566.0,2012
0,5,2,2,0,0,0.0,2012
0,6,95,119,294,16090,97377.0,2012
0,7,2,2,0,0,0.0,2012
0,8,2,2,0,0,0.0,2012
0,12,1,1,0,0,0.0,2012
0,13,2,3,0,0,0.0,2012
0,14,1,1,0,0,0.0,2012
0,16,3,5,52,4753,156279.0,2012
0,17,2,60,0,0,0.0,2012
0,18,1,37,0,0,0.0,2012
0,19,109,230,1184,83675,961887.0,2012
0,20,1,1,0,0,0.0,2012
0,21,1,1,0,0,0.0,2012
0,22,2,6,0,0,0.0,2012
0,23,1,1,0,0,0.0,2012
0,24,1,5,0,0,0.0,2012
0,25,4,14,0,0,0.0,2012
0,26,16,126,1350,120166,941328.0,2012
0,1,228,1358,71082,7074083,80260716.0,2012
0,2,46,46,0,15986,461292.0,2012
0,3,9,9,59,7350,39261.0,2012
0,4,4,4,43,3547,20901.0,2012
0,5,10,11,141,26476,287367.0,2012
0,6,69,70,313,53359,808821.0,2012
0,7,5,5,106,6884,208454.0,2012
0,8,3,3,82,7201,52317.0,2012
0,9,3,3,97,8292,0.0,2012
0,10,2,2,0,0,0.0,2012
0,11,6,7,223,23332,208314.0,2012
0,12,13,25,636,119060,1117477.0,2012
0,13,9,13,478,48395,618618.0,2012
0,14,11,34,960,115883,3060301.0,2012
0,15,7,24,650,73727,841329.0,2012
0,16,8,22,948,83293,1182410.0,2012
0,17,7,34,2159,194705,2901656.0,2012
0,18,5,8,1565,145124,2027150.0,2012
0,19,148,250,8289,887262,13919096.0,2012
0,20,7,40,3087,252006,4174302.0,2012
0,21,6,44,2449,212947,0.0,2012
0,22,5,103,0,0,0.0,2012
0,23,5,66,3489,345100,3768068.0,2012
0,24,5,111,0,0,0.0,2012
0,25,13,119,9091,864506,8459141.0,2012
0,26,39,625,37038,3696129,37130376.0,2012
0,1,29,140,50093,5718629,28189943.0,2012
0,2,3,3,0,396,1218.0,2012
0,3,3,3,0,1733,47999.0,2012
0,4,2,3,0,0,0.0,2012
0,6,8,9,0,2608,51197.0,2012
0,11,1,1,0,0,0.0,2012
0,17,1,1,0,0,0.0,2012
0,19,10,11,0,0,0.0,2012
0,22,3,3,0,0,0.0,2012
0,26,16,126,47651,5437550,27474290.0,2012
0,1,72,80,849,83646,389222.0,2012
0,2,38,38,0,5155,45298.0,2012
0,3,13,14,90,7498,82206.0,2012
0,4,4,4,0,0,0.0,2012
0,5,2,2,0,0,0.0,2012
0,6,57,58,212,20724,152656.0,2012
0,7,3,3,0,0,0.0,2012
0,10,2,2,0,0,0.0,2012
0,12,2,2,0,0,0.0,2012
0,13,1,1,0,0,0.0,2012
0,14,1,1,0,0,0.0,2012
0,19,66,67,683,62842,254251.0,2012
0,20,1,1,0,0,0.0,2012
0,21,2,8,0,0,0.0,2012
0,25,1,1,0,0,0.0,2012
0,26,2,3,0,0,0.0,2012
0,1,69,178,2383,280806,2115336.0,2012
0,2,28,28,45,4039,14805.0,2012
0,3,12,12,84,6451,45739.0,2012
0,4,3,3,0,0,0.0,2012
0,5,1,1,0,0,0.0,2012
0,6,44,44,173,17180,168385.0,2012
0,7,2,2,0,0,0.0,2012
0,8,1,1,0,0,0.0,2012
0,9,2,4,0,0,0.0,2012
0,13,1,1,0,0,0.0,2012
0,14,1,2,0,0,0.0,2012
0,15,1,5,0,0,0.0,2012
0,16,2,26,0,0,0.0,2012
0,17,1,2,0,0,0.0,2012
0,18,1,1,0,0,0.0,2012
0,19,56,88,1000,105135,958281.0,2012
0,20,1,27,0,0,0.0,2012
0,21,2,49,0,0,0.0,2012
0,24,1,1,0,0,0.0,2012
0,25,5,6,0,0,0.0,2012
0,26,4,7,0,0,0.0,2012
0,1,12,20,0,0,0.0,2012
0,2,2,2,0,0,0.0,2012
0,3,2,2,0,0,0.0,2012
0,5,1,2,0,0,0.0,2012
0,6,5,6,0,0,0.0,2012
0,7,2,2,0,0,0.0,2012
0,12,1,5,0,0,0.0,2012
0,16,1,3,0,0,0.0,2012
0,19,9,16,0,0,0.0,2012
0,20,1,1,0,0,0.0,2012
0,24,1,2,0,0,0.0,2012
0,26,1,1,0,0,0.0,2012
0,1,50,59,864,77302,555582.0,2012
0,2,22,22,0,9279,88837.0,2012
0,3,4,4,29,1230,5148.0,2012
0,4,3,5,0,4434,21026.0,2012
0,5,2,2,0,0,0.0,2012
0,6,31,33,139,17795,129516.0,2012
0,7,1,1,0,0,0.0,2012
0,8,1,1,0,0,0.0,2012
0,9,1,1,0,0,0.0,2012
0,11,1,7,0,0,0.0,2012
0,12,2,2,0,0,0.0,2012
0,13,1,1,0,0,0.0,2012
0,14,1,1,0,0,0.0,2012
0,16,4,5,0,0,0.0,2012
0,17,1,1,0,0,0.0,2012
0,19,44,53,712,65977,492662.0,2012
0,20,2,2,0,0,0.0,2012
0,22,1,1,0,0,0.0,2012
0,26,3,3,115,8711,49908.0,2012
0,1,133,404,5334,555082,5947327.0,2012
0,2,50,50,90,5347,73888.0,2012
0,3,20,22,134,9491,34006.0,2012
0,4,6,11,0,8336,33709.0,2012
0,5,6,8,88,8689,38039.0,2012
0,6,82,91,383,31863,179642.0,2012
0,7,4,7,87,10486,19152.0,2012
0,8,2,2,0,0,0.0,2012
0,9,2,2,0,0,0.0,2012
0,10,2,2,0,0,0.0,2012
0,11,1,1,0,0,0.0,2012
0,12,5,12,296,17811,56741.0,2012
0,13,3,5,0,0,0.0,2012
0,14,3,6,116,9217,83774.0,2012
0,15,1,4,0,0,0.0,2012
0,16,3,19,0,0,0.0,2012
0,17,2,9,0,0,0.0,2012
0,19,110,160,1724,219454,1768423.0,2012
0,20,1,11,0,0,0.0,2012
0,21,4,54,0,0,0.0,2012
0,22,2,23,0,0,0.0,2012
0,23,3,8,0,0,0.0,2012
0,24,1,4,0,0,0.0,2012
0,25,2,9,0,0,0.0,2012
0,26,10,135,0,0,0.0,2012
0,1,1277,7778,375227,35352274,306713359.0,2012
0,2,177,180,260,25835,0.0,2012
0,3,66,66,428,28626,295478.0,2012
0,4,58,70,703,47796,669453.0,2012
0,5,72,81,1176,75734,811154.0,2012
0,6,373,397,2567,177991,3717194.0,2012
0,7,62,75,1355,93227,1006084.0,2012
0,8,76,92,1998,133543,1289442.0,2012
0,9,54,73,1682,106062,993602.0,2012
0,10,53,69,1932,125531,1251701.0,2012
0,11,94,139,4136,273768,4002927.0,2012
0,12,174,331,10301,727503,10063808.0,2012
0,13,98,230,8094,535628,5841320.0,2012
0,14,94,306,11106,742020,8228323.0,2012
0,15,44,180,6620,462005,6197678.0,2012
0,16,46,197,9384,674704,9575508.0,2012
0,17,7,30,2116,150190,2736749.0,2012
0,18,9,42,3637,353621,3818298.0,2012
0,19,1184,2161,64928,4555793,58722634.0,2012
0,20,15,33,7069,753202,3814355.0,2012
0,21,6,68,2575,205951,2072768.0,2012
0,22,8,136,5172,482323,4276139.0,2012
0,23,4,53,3077,317168,2594148.0,2012
0,24,8,125,0,0,0.0,2012
0,25,14,366,26375,2338849,25972517.0,2012
0,26,38,4836,259489,26165991,204245320.0,2012
0,1,75,252,12903,1497561,9814198.0,2012
0,2,24,24,37,5719,0.0,2012
0,3,2,2,0,0,0.0,2012
0,4,6,6,0,0,0.0,2012
0,5,1,1,0,0,0.0,2012
0,6,33,33,0,0,0.0,2012
0,9,1,1,0,0,0.0,2012
0,11,3,3,0,0,0.0,2012
0,12,4,4,177,12464,184390.0,2012
0,14,2,2,0,0,0.0,2012
0,15,4,4,504,47831,352409.0,2012
0,16,3,3,0,0,0.0,2012
0,17,1,1,0,0,0.0,2012
0,18,2,2,0,0,0.0,2012
0,19,53,53,2258,310746,2341195.0,2012
0,20,7,15,4551,531657,0.0,2012
0,22,1,1,0,0,0.0,2012
0,24,1,2,0,0,0.0,2012
0,26,13,181,0,0,0.0,2012
0,1,1219,7526,362324,33854713,296899161.0,2012
0,2,153,156,223,20116,0.0,2012
0,3,64,64,413,27927,284929.0,2012
0,4,52,64,632,42125,621601.0,2012
0,5,71,80,1159,74694,803966.0,2012
0,6,340,364,2427,164862,3467223.0,2012
0,7,62,75,1355,93227,1006084.0,2012
0,8,76,92,1998,133543,1289442.0,2012
0,9,53,72,1652,103948,969791.0,2012
0,10,53,69,1932,125531,1251701.0,2012
0,11,91,136,4012,261048,3756909.0,2012
0,12,170,327,10124,715039,9879418.0,2012
0,13,98,230,8094,535628,5841320.0,2012
0,14,93,304,11044,732343,8199303.0,2012
0,15,40,176,6116,414174,5845269.0,2012
0,16,44,194,8841,618763,9229323.0,2012
0,17,7,29,2114,149894,2716925.0,2012
0,18,7,40,2961,197047,2928731.0,2012
0,19,1134,2108,62670,4245047,56381439.0,2012
0,20,8,18,2518,221545,1843824.0,2012
0,21,6,68,2575,205951,2072768.0,2012
0,22,7,135,5132,476014,4247096.0,2012
0,23,4,53,3077,317168,2594148.0,2012
0,24,8,123,0,0,0.0,2012
0,25,14,366,26375,2338849,25972517.0,2012
0,26,38,4655,253464,25519932,198771895.0,2012
0,1,482,2489,87117,7138586,91019554.0,2012
0,2,201,202,359,27214,765730.0,2012
0,3,72,74,478,39569,799706.0,2012
0,4,32,34,376,26882,0.0,2012
0,5,18,28,0,21145,344809.0,2012
0,6,323,338,1499,114810,3292154.0,2012
0,7,11,17,237,12876,149022.0,2012
0,8,8,10,217,17934,1112614.0,2012
0,9,9,13,275,24056,1164625.0,2012
0,10,5,6,0,0,0.0,2012
0,11,10,15,416,42970,0.0,2012
0,12,9,15,437,61320,1494532.0,2012
0,13,5,17,331,25242,0.0,2012
0,14,7,18,465,31623,222261.0,2012
0,15,7,26,734,51365,589686.0,2012
0,16,5,33,0,0,0.0,2012
0,17,7,10,1422,151954,2282303.0,2012
0,18,2,22,0,0,0.0,2012
0,19,408,540,7487,632860,16226456.0,2012
0,20,9,67,2630,213872,0.0,2012
0,21,9,146,2923,251595,0.0,2012
0,22,6,44,3959,311931,3681885.0,2012
0,23,9,143,0,657090,6524267.0,2012
0,24,3,132,2751,204885,1786913.0,2012
0,25,9,291,0,514589,7185028.0,2012
0,26,29,1126,52289,4351764,42330240.0,2012
0,1,482,2489,87117,7138586,91019554.0,2012
0,2,201,202,359,27214,765730.0,2012
0,3,72,74,478,39569,799706.0,2012
0,4,32,34,376,26882,0.0,2012
0,5,18,28,0,21145,344809.0,2012
0,6,323,338,1499,114810,3292154.0,2012
0,7,11,17,237,12876,149022.0,2012
0,8,8,10,217,17934,1112614.0,2012
0,9,9,13,275,24056,1164625.0,2012
0,10,5,6,0,0,0.0,2012
0,11,10,15,416,42970,0.0,2012
0,12,9,15,437,61320,1494532.0,2012
0,13,5,17,331,25242,0.0,2012
0,14,7,18,465,31623,222261.0,2012
0,15,7,26,734,51365,589686.0,2012
0,16,5,33,0,0,0.0,2012
0,17,7,10,1422,151954,2282303.0,2012
0,18,2,22,0,0,0.0,2012
0,19,408,540,7487,632860,16226456.0,2012
0,20,9,67,2630,213872,0.0,2012
0,21,9,146,2923,251595,0.0,2012
0,22,6,44,3959,311931,3681885.0,2012
0,23,9,143,0,657090,6524267.0,2012
0,24,3,132,2751,204885,1786913.0,2012
0,25,9,291,0,514589,7185028.0,2012
0,26,29,1126,52289,4351764,42330240.0,2012
0,1,482,2489,87117,7138586,91019554.0,2012
0,2,201,202,359,27214,765730.0,2012
0,3,72,74,478,39569,799706.0,2012
0,4,32,34,376,26882,0.0,2012
0,5,18,28,0,21145,344809.0,2012
0,6,323,338,1499,114810,3292154.0,2012
0,7,11,17,237,12876,149022.0,2012
0,8,8,10,217,17934,1112614.0,2012
0,9,9,13,275,24056,1164625.0,2012
0,10,5,6,0,0,0.0,2012
0,11,10,15,416,42970,0.0,2012
0,12,9,15,437,61320,1494532.0,2012
0,13,5,17,331,25242,0.0,2012
0,14,7,18,465,31623,222261.0,2012
0,15,7,26,734,51365,589686.0,2012
0,16,5,33,0,0,0.0,2012
0,17,7,10,1422,151954,2282303.0,2012
0,18,2,22,0,0,0.0,2012
0,19,408,540,7487,632860,16226456.0,2012
0,20,9,67,2630,213872,0.0,2012
0,21,9,146,2923,251595,0.0,2012
0,22,6,44,3959,311931,3681885.0,2012
0,23,9,143,0,657090,6524267.0,2012
0,24,3,132,2751,204885,1786913.0,2012
0,25,9,291,0,514589,7185028.0,2012
0,26,29,1126,52289,4351764,42330240.0,2012
0,1,3721,4943,44242,2443594,12977641.0,2012
0,2,2433,2433,4901,130252,701087.0,2012
0,3,767,771,4889,161579,720001.0,2012
0,4,189,196,2159,87845,385044.0,2012
0,5,86,93,1336,63095,295508.0,2012
0,6,3475,3493,13285,442771,2101640.0,2012
0,7,34,36,725,34532,145479.0,2012
0,8,34,43,871,40809,182282.0,2012
0,9,15,18,468,20749,99800.0,2012
0,10,11,19,404,23008,130334.0,2012
0,11,19,23,754,48061,230797.0,2012
0,12,25,41,1252,60328,328332.0,2012
0,13,20,51,999,55667,253229.0,2012
0,14,22,44,1628,94271,546511.0,2012
0,15,7,15,0,0,0.0,2012
0,16,8,47,1418,80156,303695.0,2012
0,17,7,70,2097,137535,488531.0,2012
0,18,5,19,0,0,0.0,2012
0,19,3682,3919,25237,1126579,5281622.0,2012
0,20,5,38,0,0,0.0,2012
0,21,2,4,0,0,0.0,2012
0,22,7,92,0,0,0.0,2012
0,23,6,167,0,0,0.0,2012
0,24,3,121,0,0,0.0,2012
0,25,4,7,0,0,0.0,2012
0,26,12,595,10935,755719,4521827.0,2012
0,1,3293,4082,34562,1890786,9523561.0,2012
0,2,2197,2197,4454,115623,608874.0,2012
0,3,683,687,4328,141817,633708.0,2012
0,4,168,174,1920,77853,356155.0,2012
0,5,71,77,1088,51798,235888.0,2012
0,6,3119,3135,11790,387091,1834625.0,2012
0,7,24,26,514,25483,114596.0,2012
0,8,27,32,681,29636,125795.0,2012
0,9,11,14,344,14029,44844.0,2012
0,10,9,14,320,15432,79271.0,2012
0,11,14,17,521,32948,125772.0,2012
0,12,20,32,960,42665,182177.0,2012
0,13,10,18,444,23878,78192.0,2012
0,14,14,26,1148,65573,404027.0,2012
0,15,5,7,0,0,0.0,2012
0,16,6,38,1263,70625,217925.0,2012
0,17,6,68,2089,137195,486123.0,2012
0,18,5,18,0,0,0.0,2012
0,19,3270,3445,21131,919015,4081401.0,2012
0,20,5,38,0,0,0.0,2012
0,21,1,1,0,0,0.0,2012
0,22,5,41,0,0,0.0,2012
0,23,3,44,0,0,0.0,2012
0,24,3,72,0,0,0.0,2012
0,26,6,441,0,0,0.0,2012
0,1,3293,4082,34562,1890786,9523561.0,2012
0,2,2197,2197,4454,115623,608874.0,2012
0,3,683,687,4328,141817,633708.0,2012
0,4,168,174,1920,77853,356155.0,2012
0,5,71,77,1088,51798,235888.0,2012
0,6,3119,3135,11790,387091,1834625.0,2012
0,7,24,26,514,25483,114596.0,2012
0,8,27,32,681,29636,125795.0,2012
0,9,11,14,344,14029,44844.0,2012
0,10,9,14,320,15432,79271.0,2012
0,11,14,17,521,32948,125772.0,2012
0,12,20,32,960,42665,182177.0,2012
0,13,10,18,444,23878,78192.0,2012
0,14,14,26,1148,65573,404027.0,2012
0,15,5,7,0,0,0.0,2012
0,16,6,38,1263,70625,217925.0,2012
0,17,6,68,2089,137195,486123.0,2012
0,18,5,18,0,0,0.0,2012
0,19,3270,3445,21131,919015,4081401.0,2012
0,20,5,38,0,0,0.0,2012
0,21,1,1,0,0,0.0,2012
0,22,5,41,0,0,0.0,2012
0,23,3,44,0,0,0.0,2012
0,24,3,72,0,0,0.0,2012
0,26,6,441,0,0,0.0,2012
0,1,398,735,7086,340394,1589417.0,2012
0,2,222,222,423,14017,87259.0,2012
0,3,79,79,529,18354,73097.0,2012
0,4,21,22,239,9992,28889.0,2012
0,5,13,13,197,8273,27398.0,2012
0,6,335,336,1388,50636,216643.0,2012
0,7,7,7,147,6179,16273.0,2012
0,8,5,5,116,6110,26667.0,2012
0,9,3,3,94,4234,18769.0,2012
0,10,2,2,0,0,0.0,2012
0,11,2,2,0,0,0.0,2012
0,12,5,6,0,0,0.0,2012
0,13,11,30,468,24088,0.0,2012
0,14,7,15,372,18539,68170.0,2012
0,15,2,8,0,0,0.0,2012
0,16,2,5,0,0,0.0,2012
0,17,2,2,0,0,0.0,2012
0,18,1,1,0,0,0.0,2012
0,19,384,422,3211,139039,592333.0,2012
0,21,2,3,0,0,0.0,2012
0,22,3,51,0,0,0.0,2012
0,23,3,121,0,0,0.0,2012
0,24,1,49,0,0,0.0,2012
0,25,2,4,0,0,0.0,2012
0,26,3,85,0,0,0.0,2012
0,1,398,735,7086,340394,1589417.0,2012
0,2,222,222,423,14017,87259.0,2012
0,3,79,79,529,18354,73097.0,2012
0,4,21,22,239,9992,28889.0,2012
0,5,13,13,197,8273,27398.0,2012
0,6,335,336,1388,50636,216643.0,2012
0,7,7,7,147,6179,16273.0,2012
0,8,5,5,116,6110,26667.0,2012
0,9,3,3,94,4234,18769.0,2012
0,10,2,2,0,0,0.0,2012
0,11,2,2,0,0,0.0,2012
0,12,5,6,0,0,0.0,2012
0,13,11,30,468,24088,0.0,2012
0,14,7,15,372,18539,68170.0,2012
0,15,2,8,0,0,0.0,2012
0,16,2,5,0,0,0.0,2012
0,17,2,2,0,0,0.0,2012
0,18,1,1,0,0,0.0,2012
0,19,384,422,3211,139039,592333.0,2012
0,21,2,3,0,0,0.0,2012
0,22,3,51,0,0,0.0,2012
0,23,3,121,0,0,0.0,2012
0,24,1,49,0,0,0.0,2012
0,25,2,4,0,0,0.0,2012
0,26,3,85,0,0,0.0,2012
0,1,50,126,2594,212414,1864663.0,2012
0,2,14,14,0,612,4954.0,2012
0,3,5,5,32,1408,13196.0,2012
0,5,3,3,51,3024,32222.0,2012
0,6,22,22,107,5044,50372.0,2012
0,7,3,3,64,2870,14610.0,2012
0,8,3,6,74,5063,29820.0,2012
0,9,1,1,0,0,0.0,2012
0,10,1,3,0,0,0.0,2012
0,11,3,4,141,11603,90221.0,2012
0,12,2,3,0,0,0.0,2012
0,13,2,3,0,0,0.0,2012
0,14,1,3,0,0,0.0,2012
0,16,2,4,0,0,0.0,2012
0,19,40,52,895,68525,607888.0,2012
0,23,1,2,0,0,0.0,2012
0,25,2,3,0,0,0.0,2012
0,26,7,69,1587,137076,1198348.0,2012
0,1,50,126,2594,212414,1864663.0,2012
0,2,14,14,0,612,4954.0,2012
0,3,5,5,32,1408,13196.0,2012
0,5,3,3,51,3024,32222.0,2012
0,6,22,22,107,5044,50372.0,2012
0,7,3,3,64,2870,14610.0,2012
0,8,3,6,74,5063,29820.0,2012
0,9,1,1,0,0,0.0,2012
0,10,1,3,0,0,0.0,2012
0,11,3,4,141,11603,90221.0,2012
0,12,2,3,0,0,0.0,2012
0,13,2,3,0,0,0.0,2012
0,14,1,3,0,0,0.0,2012
0,16,2,4,0,0,0.0,2012
0,19,40,52,895,68525,607888.0,2012
0,23,1,2,0,0,0.0,2012
0,25,2,3,0,0,0.0,2012
0,26,7,69,1587,137076,1198348.0,2012
0,1,640951,652902,5260942,275201822,1360169655.0,2012
0,2,440665,440684,689120,26311695,166542109.0,2012
0,3,99155,99191,647549,25272948,117986448.0,2012
0,4,36669,36733,428265,19049460,86399122.0,2012
0,5,18294,18380,305970,14622238,66282817.0,2012
0,6,594783,594988,2070904,85256341,437210496.0,2012
0,7,10986,11102,238662,11946452,55367094.0,2012
0,8,7271,7369,194514,9939394,44592537.0,2012
0,9,5001,5127,158022,8276179,38042764.0,2012
0,10,3660,3755,133856,7181618,32805683.0,2012
0,11,4893,5096,213202,11576575,54338909.0,2012
0,12,6012,6598,354532,19728904,90596792.0,2012
0,13,2628,3169,218155,12498947,59239148.0,2012
0,14,2314,3038,266221,15905051,74791212.0,2012
0,15,1024,1609,160896,9821728,45985671.0,2012
0,16,895,1654,188852,11916675,57877889.0,2012
0,17,388,892,112126,7073001,35018720.0,2012
0,18,200,540,70078,4455103,21111403.0,2012
0,19,640055,644937,4380020,215575968,1046978318.0,2012
0,20,291,956,120198,8111321,44553789.0,2012
0,21,130,744,73481,4702408,27330054.0,2012
0,22,130,618,101581,6564979,34955793.0,2012
0,23,74,503,67473,4596351,22749525.0,2012
0,24,48,361,40544,3400503,18894495.0,2012
0,25,91,1376,133294,9503009,57408145.0,2012
0,26,132,3407,344351,22747283,107299536.0,2012
0,1,189692,192052,1040182,54626086,471038752.0,2012
0,2,144748,144754,210961,7935375,70663717.0,2012
0,3,24560,24566,158922,6230333,43780043.0,2012
0,4,8099,8120,94105,4316708,31291034.0,2012
0,5,3822,3835,63612,3130710,23958306.0,2012
0,6,181229,181275,527600,21613126,169693100.0,2012
0,7,2201,2233,47727,2540004,20721442.0,2012
0,8,1347,1365,35989,1939081,14815613.0,2012
0,9,950,972,29712,1687241,13852812.0,2012
0,10,705,722,25614,1444474,11402960.0,2012
0,11,835,874,36053,2097582,17981490.0,2012
0,12,986,1114,56103,3290857,28216464.0,2012
0,13,397,499,31419,1942636,17687517.0,2012
0,14,371,501,40221,2697722,23245998.0,2012
0,15,146,282,19034,1337964,11711058.0,2012
0,16,149,256,24289,1820805,16494844.0,2012
0,17,73,166,15410,1036561,11182071.0,2012
0,18,35,101,9630,720234,5698884.0,2012
0,19,189424,190360,898801,44168287,362704253.0,2012
0,20,70,226,20920,1592739,18332380.0,2012
0,21,38,223,14079,964111,10210823.0,2012
0,22,36,173,16734,1242492,13883367.0,2012
0,23,25,156,7351,471037,6271855.0,2012
0,24,16,81,10270,890195,8009158.0,2012
0,25,35,416,28184,2416219,28767977.0,2012
0,26,48,417,43843,2881006,22858939.0,2012
0,1,149938,151034,519070,22342333,190342871.0,2012
0,2,124170,124174,175791,6109401,53712953.0,2012
0,3,16631,16635,106308,3751484,24822326.0,2012
0,4,4295,4309,49656,1985058,13250086.0,2012
0,5,1727,1733,28617,1226193,8418487.0,2012
0,6,146823,146851,360372,13072136,100203852.0,2012
0,7,915,936,19717,929514,7305965.0,2012
0,8,525,528,13849,637690,4344709.0,2012
0,9,323,339,9971,498649,3895707.0,2012
0,10,255,260,9138,449582,3177933.0,2012
0,11,281,293,12085,617925,5326804.0,2012
0,12,358,444,19503,1017323,7616169.0,2012
0,13,126,157,9346,508544,4335271.0,2012
0,14,107,180,9927,616614,4998371.0,2012
0,15,53,139,5840,370368,3030429.0,2012
0,16,39,75,3927,288639,2864679.0,2012
0,17,20,36,3804,193565,2179315.0,2012
0,18,13,28,3108,233867,1813684.0,2012
0,19,149838,150266,480587,19434416,151092888.0,2012
0,20,32,101,5934,404620,5025709.0,2012
0,21,13,48,0,0,0.0,2012
0,22,10,93,4484,295232,3706297.0,2012
0,23,7,10,0,0,0.0,2012
0,24,5,22,800,62953,0.0,2012
0,25,18,321,11861,1177413,15772169.0,2012
0,26,15,173,9755,538807,6813645.0,2012
0,1,149938,151034,519070,22342333,190342871.0,2012
0,2,124170,124174,175791,6109401,53712953.0,2012
0,3,16631,16635,106308,3751484,24822326.0,2012
0,4,4295,4309,49656,1985058,13250086.0,2012
0,5,1727,1733,28617,1226193,8418487.0,2012
0,6,146823,146851,360372,13072136,100203852.0,2012
0,7,915,936,19717,929514,7305965.0,2012
0,8,525,528,13849,637690,4344709.0,2012
0,9,323,339,9971,498649,3895707.0,2012
0,10,255,260,9138,449582,3177933.0,2012
0,11,281,293,12085,617925,5326804.0,2012
0,12,358,444,19503,1017323,7616169.0,2012
0,13,126,157,9346,508544,4335271.0,2012
0,14,107,180,9927,616614,4998371.0,2012
0,15,53,139,5840,370368,3030429.0,2012
0,16,39,75,3927,288639,2864679.0,2012
0,17,20,36,3804,193565,2179315.0,2012
0,18,13,28,3108,233867,1813684.0,2012
0,19,149838,150266,480587,19434416,151092888.0,2012
0,20,32,101,5934,404620,5025709.0,2012
0,21,13,48,0,0,0.0,2012
0,22,10,93,4484,295232,3706297.0,2012
0,23,7,10,0,0,0.0,2012
0,24,5,22,800,62953,0.0,2012
0,25,18,321,11861,1177413,15772169.0,2012
0,26,15,173,9755,538807,6813645.0,2012
0,1,45716,45798,144055,5951108,47213478.0,2012
0,2,37534,37537,55023,2031111,19755492.0,2012
0,3,5667,5668,36022,1289638,8797327.0,2012
0,4,1291,1295,14857,596540,3965352.0,2012
0,5,474,478,7793,328187,2081025.0,2012
0,6,44966,44978,113695,4245476,34599196.0,2012
0,7,261,261,5615,256470,1800136.0,2012
0,8,117,118,3023,134575,791416.0,2012
0,9,73,78,2272,112253,854414.0,2012
0,10,47,47,1613,84754,600831.0,2012
0,11,56,56,2345,125487,743908.0,2012
0,12,87,107,4439,238849,1269603.0,2012
0,13,25,25,1693,90030,583270.0,2012
0,14,26,30,2357,138221,867308.0,2012
0,15,10,33,1032,74374,604486.0,2012
0,16,8,9,0,35705,148574.0,2012
0,17,3,3,0,3944,17752.0,2012
0,19,45679,45745,138961,5540138,42880894.0,2012
0,20,11,13,1397,98059,522819.0,2012
0,21,5,7,546,38920,206267.0,2012
0,22,2,2,0,0,0.0,2012
0,23,3,3,0,0,0.0,2012
0,24,3,4,274,15676,0.0,2012
0,25,9,14,0,18001,188347.0,2012
0,26,4,10,0,0,0.0,2012
0,1,2591,2615,25207,1669310,18569130.0,2012
0,2,1634,1634,2590,117233,1185780.0,2012
0,3,371,371,2435,113436,1023698.0,2012
0,4,172,172,1942,100973,1195394.0,2012
0,5,98,98,1588,97149,1185195.0,2012
0,6,2275,2275,8555,428791,4590067.0,2012
0,7,61,61,1285,85181,1081876.0,2012
0,8,40,41,1046,73587,838430.0,2012
0,9,34,34,1058,76611,774705.0,2012
0,10,23,23,802,53595,678071.0,2012
0,11,37,38,1543,114396,1436611.0,2012
0,12,38,43,2001,137831,1507144.0,2012
0,13,27,27,1756,121674,1423118.0,2012
0,14,17,24,1377,117215,1378030.0,2012
0,15,7,8,897,71419,798974.0,2012
0,16,8,8,1165,88323,874112.0,2012
0,17,2,3,0,0,0.0,2012
0,18,5,10,1720,135606,1387109.0,2012
0,19,2574,2595,23396,1530771,17021272.0,2012
0,20,9,11,944,66346,621079.0,2012
0,21,1,2,0,0,0.0,2012
0,22,3,3,0,13472,148370.0,2012
0,25,1,1,0,0,0.0,2012
0,26,3,3,0,0,0.0,2012
0,1,13025,13576,80573,4906024,70570039.0,2012
0,2,9970,9970,15983,657344,9305132.0,2012
0,3,1799,1800,11682,492989,5840684.0,2012
0,4,495,499,5741,274913,3393137.0,2012
0,5,216,217,3556,191663,2385958.0,2012
0,6,12480,12486,36962,1616909,20924911.0,2012
0,7,132,149,2896,176103,2546486.0,2012
0,8,67,68,1738,100937,1244832.0,2012
0,9,61,61,1739,100545,1258664.0,2012
0,10,43,44,1528,77379,893939.0,2012
0,11,43,47,1834,105628,1586653.0,2012
0,12,66,88,3184,209892,2814846.0,2012
0,13,21,28,1705,110503,1655859.0,2012
0,14,27,53,2133,177150,2008449.0,2012
0,15,13,44,1190,112681,1184675.0,2012
0,16,18,46,0,113389,0.0,2012
0,17,8,21,1371,73930,1196789.0,2012
0,18,3,3,0,0,0.0,2012
0,19,12982,13138,58106,3028621,39042928.0,2012
0,20,12,64,3188,229392,3840277.0,2012
0,21,6,37,0,0,0.0,2012
0,22,3,31,0,0,0.0,2012
0,23,4,7,0,0,0.0,2012
0,24,5,17,0,0,0.0,2012
0,25,7,214,7689,878140,14736199.0,2012
0,26,6,68,0,306724,5217699.0,2012
0,1,88656,89045,269235,9815891,53990224.0,2012
0,2,75032,75033,102195,3303713,23466549.0,2012
0,3,8795,8796,56169,1855421,9160617.0,2012
0,4,2338,2343,27116,1012632,4696203.0,2012
0,5,940,940,15680,609194,2766309.0,2012
0,6,87105,87112,201160,6780960,40089678.0,2012
0,7,464,465,9921,411760,1877467.0,2012
0,8,301,301,8042,328591,1470031.0,2012
0,9,159,166,4902,209240,1007924.0,2012
0,10,143,146,5195,233854,1005092.0,2012
0,11,147,152,6363,272414,1559632.0,2012
0,12,172,206,9879,430751,2024576.0,2012
0,13,57,77,4192,186337,673024.0,2012
0,14,41,73,4060,184028,744584.0,2012
0,15,25,54,2721,111894,442294.0,2012
0,16,9,12,705,51222,423769.0,2012
0,17,9,9,2228,89149,711749.0,2012
0,18,6,15,756,44686,117974.0,2012
0,19,88638,88788,260124,9334886,52147794.0,2012
0,20,5,13,0,10823,0.0,2012
0,21,2,2,0,0,0.0,2012
0,22,3,57,0,0,0.0,2012
0,24,1,1,0,0,0.0,2012
0,25,3,92,0,0,0.0,2012
0,26,4,92,0,0,0.0,2012
0,1,39813,41018,521112,32283753,280695881.0,2012
0,2,20579,20580,35170,1825974,16950764.0,2012
0,3,7930,7931,52614,2478849,18957717.0,2012
0,4,3804,3811,44449,2331650,18040948.0,2012
0,5,2096,2102,34995,1904517,15539819.0,2012
0,6,34409,34424,167228,8540990,69489248.0,2012
0,7,1286,1297,28010,1610490,13415477.0,2012
0,8,827,837,22140,1301391,10470904.0,2012
0,9,628,633,19741,1188592,9957105.0,2012
0,10,453,462,16476,994892,8225027.0,2012
0,11,557,581,23968,1479657,12654686.0,2012
0,12,630,670,36600,2273534,20600295.0,2012
0,13,276,342,22073,1434092,13352246.0,2012
0,14,267,321,30294,2081108,18247627.0,2012
0,15,94,143,13194,967596,8680629.0,2012
0,16,114,181,20362,1532166,13630165.0,2012
0,17,55,130,11606,842996,9002756.0,2012
0,18,24,73,6522,486367,3885200.0,2012
0,19,39620,40094,418214,24733871,211611365.0,2012
0,20,45,125,14986,1188119,13306671.0,2012
0,21,29,175,10868,719504,7045152.0,2012
0,22,29,80,12250,947260,10177070.0,2012
0,23,18,146,4913,286752,2354379.0,2012
0,24,12,59,9470,827242,7160142.0,2012
0,25,22,95,16323,1238806,12995808.0,2012
0,26,38,244,34088,2342199,16045294.0,2012
0,1,2991,3167,73050,4323309,24582025.0,2012
0,2,1500,1500,2553,135386,1009926.0,2012
0,3,596,596,3940,165906,1003719.0,2012
0,4,272,272,3134,159400,1017192.0,2012
0,5,140,140,2359,120153,731062.0,2012
0,6,2508,2508,11986,580845,3761899.0,2012
0,7,82,82,1674,106245,603523.0,2012
0,8,62,62,1677,89738,480964.0,2012
0,9,51,51,1618,85371,459425.0,2012
0,10,31,31,1144,59596,354541.0,2012
0,11,48,48,2072,121338,769570.0,2012
0,12,49,51,2882,179241,1344138.0,2012
0,13,24,33,1849,125702,815361.0,2012
0,14,24,29,2637,191309,1145841.0,2012
0,15,13,31,1460,96989,401705.0,2012
0,16,22,28,4006,268043,1268080.0,2012
0,17,11,19,2251,147943,910426.0,2012
0,18,7,10,2109,144165,558756.0,2012
0,19,2932,2983,37365,2196525,12874229.0,2012
0,20,10,15,3563,306045,0.0,2012
0,21,9,29,5404,304187,1618055.0,2012
0,22,9,11,2587,142067,1149386.0,2012
0,23,4,8,368,31464,104745.0,2012
0,24,5,14,0,0,0.0,2012
0,25,6,7,0,118801,547741.0,2012
0,26,16,100,17860,1013102,4619421.0,2012
0,1,2991,3167,73050,4323309,24582025.0,2012
0,2,1500,1500,2553,135386,1009926.0,2012
0,3,596,596,3940,165906,1003719.0,2012
0,4,272,272,3134,159400,1017192.0,2012
0,5,140,140,2359,120153,731062.0,2012
0,6,2508,2508,11986,580845,3761899.0,2012
0,7,82,82,1674,106245,603523.0,2012
0,8,62,62,1677,89738,480964.0,2012
0,9,51,51,1618,85371,459425.0,2012
0,10,31,31,1144,59596,354541.0,2012
0,11,48,48,2072,121338,769570.0,2012
0,12,49,51,2882,179241,1344138.0,2012
0,13,24,33,1849,125702,815361.0,2012
0,14,24,29,2637,191309,1145841.0,2012
0,15,13,31,1460,96989,401705.0,2012
0,16,22,28,4006,268043,1268080.0,2012
0,17,11,19,2251,147943,910426.0,2012
0,18,7,10,2109,144165,558756.0,2012
0,19,2932,2983,37365,2196525,12874229.0,2012
0,20,10,15,3563,306045,0.0,2012
0,21,9,29,5404,304187,1618055.0,2012
0,22,9,11,2587,142067,1149386.0,2012
0,23,4,8,368,31464,104745.0,2012
0,24,5,14,0,0,0.0,2012
0,25,6,7,0,118801,547741.0,2012
0,26,16,100,17860,1013102,4619421.0,2012
0,1,36860,37851,448062,27960444,256113856.0,2012
0,2,19079,19080,32617,1690588,15940838.0,2012
0,3,7334,7335,48674,2312943,17953998.0,2012
0,4,3533,3539,41315,2172250,17023756.0,2012
0,5,1957,1962,32636,1784364,14808757.0,2012
0,6,31903,31916,155242,7960145,65727349.0,2012
0,7,1206,1215,26336,1504245,12811954.0,2012
0,8,765,775,20463,1211653,9989940.0,2012
0,9,577,582,18123,1103221,9497680.0,2012
0,10,422,431,15332,935296,7870486.0,2012
0,11,509,533,21896,1358319,11885116.0,2012
0,12,583,619,33718,2094293,19256157.0,2012
0,13,253,309,20224,1308390,12536885.0,2012
0,14,244,292,27657,1889799,17101786.0,2012
0,15,81,112,11734,870607,8278924.0,2012
0,16,93,153,16356,1264123,12362085.0,2012
0,17,47,111,9355,695053,8092330.0,2012
0,18,20,63,4413,342202,3326444.0,2012
0,19,36703,37111,380849,22537346,198737136.0,2012
0,20,36,110,11423,882074,11014570.0,2012
0,21,23,146,5464,415317,5427097.0,2012
0,22,24,69,9663,805193,9027684.0,2012
0,23,15,138,4545,255288,2249634.0,2012
0,24,11,45,6511,616124,5783795.0,2012
0,25,19,88,13379,1120005,12448067.0,2012
0,26,29,144,16228,1329097,11425873.0,2012
0,1,36860,37851,448062,27960444,256113856.0,2012
0,2,19079,19080,32617,1690588,15940838.0,2012
0,3,7334,7335,48674,2312943,17953998.0,2012
0,4,3533,3539,41315,2172250,17023756.0,2012
0,5,1957,1962,32636,1784364,14808757.0,2012
0,6,31903,31916,155242,7960145,65727349.0,2012
0,7,1206,1215,26336,1504245,12811954.0,2012
0,8,765,775,20463,1211653,9989940.0,2012
0,9,577,582,18123,1103221,9497680.0,2012
0,10,422,431,15332,935296,7870486.0,2012
0,11,509,533,21896,1358319,11885116.0,2012
0,12,583,619,33718,2094293,19256157.0,2012
0,13,253,309,20224,1308390,12536885.0,2012
0,14,244,292,27657,1889799,17101786.0,2012
0,15,81,112,11734,870607,8278924.0,2012
0,16,93,153,16356,1264123,12362085.0,2012
0,17,47,111,9355,695053,8092330.0,2012
0,18,20,63,4413,342202,3326444.0,2012
0,19,36703,37111,380849,22537346,198737136.0,2012
0,20,36,110,11423,882074,11014570.0,2012
0,21,23,146,5464,415317,5427097.0,2012
0,22,24,69,9663,805193,9027684.0,2012
0,23,15,138,4545,255288,2249634.0,2012
0,24,11,45,6511,616124,5783795.0,2012
0,25,19,88,13379,1120005,12448067.0,2012
0,26,29,144,16228,1329097,11425873.0,2012
0,1,36763,39133,849599,55933912,283163929.0,2012
0,2,19355,19359,31994,1920621,11654895.0,2012
0,3,6374,6378,42127,2103589,10251837.0,2012
0,4,2937,2944,34236,1925879,9353312.0,2012
0,5,1675,1678,27960,1606061,7679836.0,2012
0,6,30341,30359,136317,7556150,38939880.0,2012
0,7,1166,1183,25272,1506294,7068984.0,2012
0,8,827,834,21869,1295293,6385936.0,2012
0,9,566,583,17632,1103090,5359361.0,2012
0,10,437,442,15756,970875,5075724.0,2012
0,11,651,669,28124,1705267,8700396.0,2012
0,12,885,934,51657,3277363,16332093.0,2012
0,13,478,529,37779,2404377,12258308.0,2012
0,14,437,514,48920,3291662,16637736.0,2012
0,15,244,342,37980,2541661,13861545.0,2012
0,16,234,389,46829,3302430,18732161.0,2012
0,17,99,183,26926,1864638,9943229.0,2012
0,18,55,100,17237,1227816,6525090.0,2012
0,19,36420,37061,512298,32046916,165820443.0,2012
0,20,85,226,27148,2099153,11186508.0,2012
0,21,44,197,21661,1472653,9851314.0,2012
0,22,59,150,39371,2671637,12707429.0,2012
0,23,32,143,26451,1770922,8727846.0,2012
0,24,24,48,10957,1166742,6676856.0,2012
0,25,37,262,48941,3481259,16903234.0,2012
0,26,62,1046,162772,11224630,51290299.0,2012
0,1,17446,18686,466099,29841905,118254327.0,2012
0,2,8486,8489,15045,806145,4296707.0,2012
0,3,3337,3339,22141,993917,4249712.0,2012
0,4,1592,1595,18718,967791,4247232.0,2012
0,5,882,882,14804,784059,3405180.0,2012
0,6,14297,14305,70708,3551912,16198831.0,2012
0,7,603,618,13125,725734,2938164.0,2012
0,8,404,407,10775,584640,2489233.0,2012
0,9,291,294,9187,549501,2416619.0,2012
0,10,215,217,7825,447739,1976006.0,2012
0,11,326,336,14065,790108,3545257.0,2012
0,12,416,441,24773,1490272,6308306.0,2012
0,13,200,227,16227,1021434,4406591.0,2012
0,14,218,264,25129,1631680,6122902.0,2012
0,15,102,154,16701,1099874,4263524.0,2012
0,16,107,147,22368,1549853,6677804.0,2012
0,17,54,102,14454,1026439,4129825.0,2012
0,18,23,54,7877,559261,2169016.0,2012
0,19,17256,17566,253214,15028447,63642078.0,2012
0,20,37,84,13037,1071447,4275418.0,2012
0,21,21,99,9655,646691,2828272.0,2012
0,22,33,78,20359,1343908,5017871.0,2012
0,23,16,56,11158,754501,3027634.0,2012
0,24,14,19,3179,472369,781735.0,2012
0,25,28,138,34965,2440662,8900733.0,2012
0,26,41,646,120532,8083880,29780586.0,2012
0,1,11206,11453,152787,8769035,41394622.0,2012
0,2,5843,5844,10603,500291,2734395.0,2012
0,3,2224,2225,14799,660904,2960822.0,2012
0,4,1010,1010,11867,598660,2672993.0,2012
0,5,532,532,8911,459718,2127585.0,2012
0,6,9609,9611,46180,2219573,10495795.0,2012
0,7,354,361,7698,436887,1924746.0,2012
0,8,232,233,6142,328882,1508162.0,2012
0,9,164,165,5209,300623,1379080.0,2012
0,10,121,123,4357,247786,1184808.0,2012
0,11,177,183,7763,432535,2173312.0,2012
0,12,203,205,11819,664635,3161599.0,2012
0,13,93,102,7704,484874,2565896.0,2012
0,14,90,98,9718,572764,2666336.0,2012
0,15,38,52,6202,384685,1627265.0,2012
0,16,47,66,9045,648190,3585429.0,2012
0,17,15,28,3679,221896,1126583.0,2012
0,18,4,6,1845,140758,626421.0,2012
0,19,11147,11233,127361,7084088,34025432.0,2012
0,20,12,16,3566,220681,1222931.0,2012
0,21,6,10,0,0,0.0,2012
0,22,9,14,2271,118670,496417.0,2012
0,23,6,39,2718,149652,622106.0,2012
0,24,2,3,0,0,0.0,2012
0,25,12,48,0,0,0.0,2012
0,26,12,90,9609,724510,2519119.0,2012
0,1,11206,11453,152787,8769035,41394622.0,2012
0,2,5843,5844,10603,500291,2734395.0,2012
0,3,2224,2225,14799,660904,2960822.0,2012
0,4,1010,1010,11867,598660,2672993.0,2012
0,5,532,532,8911,459718,2127585.0,2012
0,6,9609,9611,46180,2219573,10495795.0,2012
0,7,354,361,7698,436887,1924746.0,2012
0,8,232,233,6142,328882,1508162.0,2012
0,9,164,165,5209,300623,1379080.0,2012
0,10,121,123,4357,247786,1184808.0,2012
0,11,177,183,7763,432535,2173312.0,2012
0,12,203,205,11819,664635,3161599.0,2012
0,13,93,102,7704,484874,2565896.0,2012
0,14,90,98,9718,572764,2666336.0,2012
0,15,38,52,6202,384685,1627265.0,2012
0,16,47,66,9045,648190,3585429.0,2012
0,17,15,28,3679,221896,1126583.0,2012
0,18,4,6,1845,140758,626421.0,2012
0,19,11147,11233,127361,7084088,34025432.0,2012
0,20,12,16,3566,220681,1222931.0,2012
0,21,6,10,0,0,0.0,2012
0,22,9,14,2271,118670,496417.0,2012
0,23,6,39,2718,149652,622106.0,2012
0,24,2,3,0,0,0.0,2012
0,25,12,48,0,0,0.0,2012
0,26,12,90,9609,724510,2519119.0,2012
0,1,1779,2046,143383,10480492,38329489.0,2012
0,2,577,577,839,100379,477370.0,2012
0,3,255,255,1691,89670,355485.0,2012
0,4,142,142,1648,94263,425241.0,2012
0,5,103,103,1715,108234,406944.0,2012
0,6,1077,1077,5893,392546,1665040.0,2012
0,7,76,77,1658,93943,333577.0,2012
0,8,54,56,1460,85648,335061.0,2012
0,9,45,46,1412,93258,415962.0,2012
0,10,34,34,1248,83135,385358.0,2012
0,11,65,66,2733,159998,615650.0,2012
0,12,107,110,6453,418168,1367276.0,2012
0,13,48,52,3708,250470,835194.0,2012
0,14,76,83,9329,654783,2052558.0,2012
0,15,35,46,5900,412017,1617094.0,2012
0,16,45,52,9715,636161,2101690.0,2012
0,17,24,27,6336,489130,1793161.0,2012
0,18,13,20,3887,276362,823669.0,2012
0,19,1699,1746,59732,4045619,14341290.0,2012
0,20,12,39,5903,514067,1919635.0,2012
0,21,6,12,2058,111908,299586.0,2012
0,22,15,36,10325,762388,2568713.0,2012
0,23,8,11,5742,449700,1742708.0,2012
0,24,7,8,0,0,0.0,2012
0,25,14,58,21443,1522459,5033603.0,2012
0,26,18,136,35782,2682507,11860069.0,2012
0,1,1779,2046,143383,10480492,38329489.0,2012
0,2,577,577,839,100379,477370.0,2012
0,3,255,255,1691,89670,355485.0,2012
0,4,142,142,1648,94263,425241.0,2012
0,5,103,103,1715,108234,406944.0,2012
0,6,1077,1077,5893,392546,1665040.0,2012
0,7,76,77,1658,93943,333577.0,2012
0,8,54,56,1460,85648,335061.0,2012
0,9,45,46,1412,93258,415962.0,2012
0,10,34,34,1248,83135,385358.0,2012
0,11,65,66,2733,159998,615650.0,2012
0,12,107,110,6453,418168,1367276.0,2012
0,13,48,52,3708,250470,835194.0,2012
0,14,76,83,9329,654783,2052558.0,2012
0,15,35,46,5900,412017,1617094.0,2012
0,16,45,52,9715,636161,2101690.0,2012
0,17,24,27,6336,489130,1793161.0,2012
0,18,13,20,3887,276362,823669.0,2012
0,19,1699,1746,59732,4045619,14341290.0,2012
0,20,12,39,5903,514067,1919635.0,2012
0,21,6,12,2058,111908,299586.0,2012
0,22,15,36,10325,762388,2568713.0,2012
0,23,8,11,5742,449700,1742708.0,2012
0,24,7,8,0,0,0.0,2012
0,25,14,58,21443,1522459,5033603.0,2012
0,26,18,136,35782,2682507,11860069.0,2012
0,1,4511,5187,169929,10592378,38530216.0,2012
0,2,2066,2068,3603,205475,1084942.0,2012
0,3,858,859,5651,243343,933405.0,2012
0,4,441,443,5203,274868,1148998.0,2012
0,5,247,247,4178,216107,870651.0,2012
0,6,3612,3617,18635,939793,4037996.0,2012
0,7,173,180,3769,194904,679841.0,2012
0,8,118,118,3173,170110,646010.0,2012
0,9,82,83,2566,155620,621577.0,2012
0,10,60,60,2220,116818,405840.0,2012
0,11,84,87,3569,197575,756295.0,2012
0,12,109,126,6501,407469,1779431.0,2012
0,13,60,73,4815,286090,1005501.0,2012
0,14,55,83,6082,404133,1404008.0,2012
0,15,30,56,4599,303172,1019165.0,2012
0,16,17,29,0,0,0.0,2012
0,17,17,47,4439,315413,1210081.0,2012
0,18,6,28,2145,142141,718926.0,2012
0,19,4423,4587,66121,3898740,15275356.0,2012
0,20,15,29,3568,336699,1132852.0,2012
0,21,13,77,6217,455862,2115161.0,2012
0,22,13,28,7763,462850,1952741.0,2012
0,23,4,6,2698,155149,662820.0,2012
0,24,5,8,337,40953,111453.0,2012
0,25,9,32,8084,565262,1878435.0,2012
0,26,29,420,75141,4676863,15401398.0,2012
0,1,4511,5187,169929,10592378,38530216.0,2012
0,2,2066,2068,3603,205475,1084942.0,2012
0,3,858,859,5651,243343,933405.0,2012
0,4,441,443,5203,274868,1148998.0,2012
0,5,247,247,4178,216107,870651.0,2012
0,6,3612,3617,18635,939793,4037996.0,2012
0,7,173,180,3769,194904,679841.0,2012
0,8,118,118,3173,170110,646010.0,2012
0,9,82,83,2566,155620,621577.0,2012
0,10,60,60,2220,116818,405840.0,2012
0,11,84,87,3569,197575,756295.0,2012
0,12,109,126,6501,407469,1779431.0,2012
0,13,60,73,4815,286090,1005501.0,2012
0,14,55,83,6082,404133,1404008.0,2012
0,15,30,56,4599,303172,1019165.0,2012
0,16,17,29,0,0,0.0,2012
0,17,17,47,4439,315413,1210081.0,2012
0,18,6,28,2145,142141,718926.0,2012
0,19,4423,4587,66121,3898740,15275356.0,2012
0,20,15,29,3568,336699,1132852.0,2012
0,21,13,77,6217,455862,2115161.0,2012
0,22,13,28,7763,462850,1952741.0,2012
0,23,4,6,2698,155149,662820.0,2012
0,24,5,8,337,40953,111453.0,2012
0,25,9,32,8084,565262,1878435.0,2012
0,26,29,420,75141,4676863,15401398.0,2012
0,1,6055,6182,53045,3922919,40050602.0,2012
0,2,4643,4643,7142,336925,2947649.0,2012
0,3,676,676,4244,201190,1454387.0,2012
0,4,192,195,2135,142692,1120339.0,2012
0,5,102,102,1600,96631,631868.0,2012
0,6,5613,5616,15121,777438,6154243.0,2012
0,7,64,64,1371,89629,713001.0,2012
0,8,57,57,1381,101441,877894.0,2012
0,9,32,40,916,60922,471115.0,2012
0,10,26,27,836,55524,640217.0,2012
0,11,33,34,1287,76058,674729.0,2012
0,12,50,54,2501,188908,1868375.0,2012
0,13,33,36,2164,154983,1263833.0,2012
0,14,33,37,2762,210290,1954403.0,2012
0,15,21,24,2387,183203,1786055.0,2012
0,16,25,63,3044,240014,3136816.0,2012
0,17,10,20,1916,133593,1667082.0,2012
0,18,4,5,1050,84714,676934.0,2012
0,19,6001,6077,36736,2356717,21884697.0,2012
0,20,11,12,1308,89595,0.0,2012
0,21,6,17,1810,147940,2291971.0,2012
0,22,7,13,2987,216881,2245830.0,2012
0,23,3,3,0,0,0.0,2012
0,24,6,15,4198,460407,4787111.0,2012
0,25,7,15,2189,213240,3300920.0,2012
0,26,14,30,3577,404469,4658733.0,2012
0,1,6055,6182,53045,3922919,40050602.0,2012
0,2,4643,4643,7142,336925,2947649.0,2012
0,3,676,676,4244,201190,1454387.0,2012
0,4,192,195,2135,142692,1120339.0,2012
0,5,102,102,1600,96631,631868.0,2012
0,6,5613,5616,15121,777438,6154243.0,2012
0,7,64,64,1371,89629,713001.0,2012
0,8,57,57,1381,101441,877894.0,2012
0,9,32,40,916,60922,471115.0,2012
0,10,26,27,836,55524,640217.0,2012
0,11,33,34,1287,76058,674729.0,2012
0,12,50,54,2501,188908,1868375.0,2012
0,13,33,36,2164,154983,1263833.0,2012
0,14,33,37,2762,210290,1954403.0,2012
0,15,21,24,2387,183203,1786055.0,2012
0,16,25,63,3044,240014,3136816.0,2012
0,17,10,20,1916,133593,1667082.0,2012
0,18,4,5,1050,84714,676934.0,2012
0,19,6001,6077,36736,2356717,21884697.0,2012
0,20,11,12,1308,89595,0.0,2012
0,21,6,17,1810,147940,2291971.0,2012
0,22,7,13,2987,216881,2245830.0,2012
0,23,3,3,0,0,0.0,2012
0,24,6,15,4198,460407,4787111.0,2012
0,25,7,15,2189,213240,3300920.0,2012
0,26,14,30,3577,404469,4658733.0,2012
0,1,6055,6182,53045,3922919,40050602.0,2012
0,2,4643,4643,7142,336925,2947649.0,2012
0,3,676,676,4244,201190,1454387.0,2012
0,4,192,195,2135,142692,1120339.0,2012
0,5,102,102,1600,96631,631868.0,2012
0,6,5613,5616,15121,777438,6154243.0,2012
0,7,64,64,1371,89629,713001.0,2012
0,8,57,57,1381,101441,877894.0,2012
0,9,32,40,916,60922,471115.0,2012
0,10,26,27,836,55524,640217.0,2012
0,11,33,34,1287,76058,674729.0,2012
0,12,50,54,2501,188908,1868375.0,2012
0,13,33,36,2164,154983,1263833.0,2012
0,14,33,37,2762,210290,1954403.0,2012
0,15,21,24,2387,183203,1786055.0,2012
0,16,25,63,3044,240014,3136816.0,2012
0,17,10,20,1916,133593,1667082.0,2012
0,18,4,5,1050,84714,676934.0,2012
0,19,6001,6077,36736,2356717,21884697.0,2012
0,20,11,12,1308,89595,0.0,2012
0,21,6,17,1810,147940,2291971.0,2012
0,22,7,13,2987,216881,2245830.0,2012
0,23,3,3,0,0,0.0,2012
0,24,6,15,4198,460407,4787111.0,2012
0,25,7,15,2189,213240,3300920.0,2012
0,26,14,30,3577,404469,4658733.0,2012
0,1,9271,10043,251065,16998921,100657731.0,2012
0,2,3924,3924,6142,563918,3173401.0,2012
0,3,1615,1617,10841,683583,3490872.0,2012
0,4,827,828,9614,620325,3142829.0,2012
0,5,525,528,8808,582088,2966838.0,2012
0,6,6891,6897,35405,2449914,12773940.0,2012
0,7,396,397,8582,562145,2827612.0,2012
0,8,304,308,8091,513097,2603219.0,2012
0,9,187,189,5726,394132,2011971.0,2012
0,10,162,163,5874,399493,2180219.0,2012
0,11,240,244,10461,701484,3916283.0,2012
0,12,354,371,20658,1354019,6986559.0,2012
0,13,203,220,15800,1017653,5523924.0,2012
0,14,166,183,18325,1255535,7608963.0,2012
0,15,104,129,15786,1033522,6581248.0,2012
0,16,95,158,19460,1364064,8076672.0,2012
0,17,32,51,8986,593451,3400624.0,2012
0,18,19,27,6044,388637,2670357.0,2012
0,19,9153,9337,179198,12027146,67161591.0,2012
0,20,32,110,10420,729103,5023611.0,2012
0,21,20,71,8215,534448,3975704.0,2012
0,22,14,39,9127,574096,3268073.0,2012
0,23,13,70,10809,671305,3905993.0,2012
0,24,5,5,0,0,0.0,2012
0,25,12,96,10093,710193,4478076.0,2012
0,26,22,315,20345,1586135,11934188.0,2012
0,1,9271,10043,251065,16998921,100657731.0,2012
0,2,3924,3924,6142,563918,3173401.0,2012
0,3,1615,1617,10841,683583,3490872.0,2012
0,4,827,828,9614,620325,3142829.0,2012
0,5,525,528,8808,582088,2966838.0,2012
0,6,6891,6897,35405,2449914,12773940.0,2012
0,7,396,397,8582,562145,2827612.0,2012
0,8,304,308,8091,513097,2603219.0,2012
0,9,187,189,5726,394132,2011971.0,2012
0,10,162,163,5874,399493,2180219.0,2012
0,11,240,244,10461,701484,3916283.0,2012
0,12,354,371,20658,1354019,6986559.0,2012
0,13,203,220,15800,1017653,5523924.0,2012
0,14,166,183,18325,1255535,7608963.0,2012
0,15,104,129,15786,1033522,6581248.0,2012
0,16,95,158,19460,1364064,8076672.0,2012
0,17,32,51,8986,593451,3400624.0,2012
0,18,19,27,6044,388637,2670357.0,2012
0,19,9153,9337,179198,12027146,67161591.0,2012
0,20,32,110,10420,729103,5023611.0,2012
0,21,20,71,8215,534448,3975704.0,2012
0,22,14,39,9127,574096,3268073.0,2012
0,23,13,70,10809,671305,3905993.0,2012
0,24,5,5,0,0,0.0,2012
0,25,12,96,10093,710193,4478076.0,2012
0,26,22,315,20345,1586135,11934188.0,2012
0,1,9271,10043,251065,16998921,100657731.0,2012
0,2,3924,3924,6142,563918,3173401.0,2012
0,3,1615,1617,10841,683583,3490872.0,2012
0,4,827,828,9614,620325,3142829.0,2012
0,5,525,528,8808,582088,2966838.0,2012
0,6,6891,6897,35405,2449914,12773940.0,2012
0,7,396,397,8582,562145,2827612.0,2012
0,8,304,308,8091,513097,2603219.0,2012
0,9,187,189,5726,394132,2011971.0,2012
0,10,162,163,5874,399493,2180219.0,2012
0,11,240,244,10461,701484,3916283.0,2012
0,12,354,371,20658,1354019,6986559.0,2012
0,13,203,220,15800,1017653,5523924.0,2012
0,14,166,183,18325,1255535,7608963.0,2012
0,15,104,129,15786,1033522,6581248.0,2012
0,16,95,158,19460,1364064,8076672.0,2012
0,17,32,51,8986,593451,3400624.0,2012
0,18,19,27,6044,388637,2670357.0,2012
0,19,9153,9337,179198,12027146,67161591.0,2012
0,20,32,110,10420,729103,5023611.0,2012
0,21,20,71,8215,534448,3975704.0,2012
0,22,14,39,9127,574096,3268073.0,2012
0,23,13,70,10809,671305,3905993.0,2012
0,24,5,5,0,0,0.0,2012
0,25,12,96,10093,710193,4478076.0,2012
0,26,22,315,20345,1586135,11934188.0,2012
0,1,4092,4222,79390,5170167,24201269.0,2012
0,2,2303,2303,3665,213633,1237138.0,2012
0,3,746,746,4901,224899,1056866.0,2012
0,4,326,326,3769,195071,842912.0,2012
0,5,166,166,2748,143283,675950.0,2012
0,6,3541,3541,15083,776886,3812866.0,2012
0,7,103,104,2194,128786,590207.0,2012
0,8,62,62,1622,96115,415590.0,2012
0,9,56,60,1803,98535,459656.0,2012
0,10,34,35,1221,68119,279282.0,2012
0,11,54,55,2311,137617,564127.0,2012
0,12,66,68,3725,244164,1168853.0,2012
0,13,44,46,3588,210307,1063960.0,2012
0,14,25,30,2704,194157,951468.0,2012
0,15,20,35,3106,225062,1230718.0,2012
0,16,15,21,1957,148499,840869.0,2012
0,17,8,10,1570,111155,745698.0,2012
0,18,11,14,2266,195204,1008783.0,2012
0,19,4039,4081,43150,2634606,13132077.0,2012
0,20,11,20,2383,209008,1264026.0,2012
0,21,5,10,1981,143574,755367.0,2012
0,22,8,20,6898,536752,2175655.0,2012
0,23,6,14,4244,311446,1536332.0,2012
0,24,4,9,0,0,0.0,2012
0,25,7,13,0,117164,0.0,2012
0,26,12,55,18318,1150146,4916792.0,2012
0,1,4092,4222,79390,5170167,24201269.0,2012
0,2,2303,2303,3665,213633,1237138.0,2012
0,3,746,746,4901,224899,1056866.0,2012
0,4,326,326,3769,195071,842912.0,2012
0,5,166,166,2748,143283,675950.0,2012
0,6,3541,3541,15083,776886,3812866.0,2012
0,7,103,104,2194,128786,590207.0,2012
0,8,62,62,1622,96115,415590.0,2012
0,9,56,60,1803,98535,459656.0,2012
0,10,34,35,1221,68119,279282.0,2012
0,11,54,55,2311,137617,564127.0,2012
0,12,66,68,3725,244164,1168853.0,2012
0,13,44,46,3588,210307,1063960.0,2012
0,14,25,30,2704,194157,951468.0,2012
0,15,20,35,3106,225062,1230718.0,2012
0,16,15,21,1957,148499,840869.0,2012
0,17,8,10,1570,111155,745698.0,2012
0,18,11,14,2266,195204,1008783.0,2012
0,19,4039,4081,43150,2634606,13132077.0,2012
0,20,11,20,2383,209008,1264026.0,2012
0,21,5,10,1981,143574,755367.0,2012
0,22,8,20,6898,536752,2175655.0,2012
0,23,6,14,4244,311446,1536332.0,2012
0,24,4,9,0,0,0.0,2012
0,25,7,13,0,117164,0.0,2012
0,26,12,55,18318,1150146,4916792.0,2012
0,1,4092,4222,79390,5170167,24201269.0,2012
0,2,2303,2303,3665,213633,1237138.0,2012
0,3,746,746,4901,224899,1056866.0,2012
0,4,326,326,3769,195071,842912.0,2012
0,5,166,166,2748,143283,675950.0,2012
0,6,3541,3541,15083,776886,3812866.0,2012
0,7,103,104,2194,128786,590207.0,2012
0,8,62,62,1622,96115,415590.0,2012
0,9,56,60,1803,98535,459656.0,2012
0,10,34,35,1221,68119,279282.0,2012
0,11,54,55,2311,137617,564127.0,2012
0,12,66,68,3725,244164,1168853.0,2012
0,13,44,46,3588,210307,1063960.0,2012
0,14,25,30,2704,194157,951468.0,2012
0,15,20,35,3106,225062,1230718.0,2012
0,16,15,21,1957,148499,840869.0,2012
0,17,8,10,1570,111155,745698.0,2012
0,18,11,14,2266,195204,1008783.0,2012
0,19,4039,4081,43150,2634606,13132077.0,2012
0,20,11,20,2383,209008,1264026.0,2012
0,21,5,10,1981,143574,755367.0,2012
0,22,8,20,6898,536752,2175655.0,2012
0,23,6,14,4244,311446,1536332.0,2012
0,24,4,9,0,0,0.0,2012
0,25,7,13,0,117164,0.0,2012
0,26,12,55,18318,1150146,4916792.0,2012
0,1,415024,421717,3371161,164641824,605966974.0,2012
0,2,276566,276571,446165,16455699,84223497.0,2012
0,3,68222,68247,446500,16939026,63954568.0,2012
0,4,25640,25669,299924,12806873,45754776.0,2012
0,5,12809,12867,214398,9885467,34644675.0,2012
0,6,383237,383354,1406987,56087065,228577516.0,2012
0,7,7628,7686,165663,7900154,27576668.0,2012
0,8,5104,5170,136656,6705020,23390988.0,2012
0,9,3497,3572,110678,5485848,18830591.0,2012
0,10,2528,2591,92486,4766269,16326999.0,2012
0,11,3418,3553,149025,7773726,27657023.0,2012
0,12,4176,4550,246772,13160684,46048235.0,2012
0,13,1788,2141,148957,8151934,29293323.0,2012
0,14,1541,2023,177080,9915667,34907478.0,2012
0,15,667,985,103882,5942103,20413068.0,2012
0,16,557,1009,117734,6793440,22650884.0,2012
0,17,249,543,69790,4171802,13893420.0,2012
0,18,131,339,43211,2507053,8887429.0,2012
0,19,414521,417516,2968921,139360765,518453622.0,2012
0,20,169,504,72130,4419429,15034901.0,2012
0,21,69,324,37741,2265644,7267917.0,2012
0,22,70,295,45476,2650850,8364997.0,2012
0,23,43,204,33671,2354392,7749824.0,2012
0,24,23,232,19317,1343566,4208481.0,2012
0,25,53,698,56169,3605531,11736934.0,2012
0,26,76,1944,137736,8641647,33150298.0,2012
0,1,85082,85801,657508,28408472,111574869.0,2012
0,2,55854,55854,87039,3342638,19296516.0,2012
0,3,14323,14330,93463,3227831,13109038.0,2012
0,4,5282,5287,61821,2388206,9156385.0,2012
0,5,2758,2773,46136,1919028,6962325.0,2012
0,6,78217,78244,288459,10877703,48524264.0,2012
0,7,1623,1635,35237,1511055,5396225.0,2012
0,8,1087,1096,29015,1302698,4761777.0,2012
0,9,769,781,24261,1087939,3837923.0,2012
0,10,554,564,20154,940433,3346564.0,2012
0,11,757,788,33115,1555910,5585986.0,2012
0,12,952,1013,55859,2641571,9592190.0,2012
0,13,371,430,30689,1477926,5353434.0,2012
0,14,335,402,37510,1867999,6768340.0,2012
0,15,145,209,23008,1094329,3924430.0,2012
0,16,110,195,21422,979508,3456268.0,2012
0,17,43,88,12006,584170,1931146.0,2012
0,18,23,43,6447,379433,1626130.0,2012
0,19,84986,85488,617182,26300674,104104677.0,2012
0,20,32,77,11115,536329,1933993.0,2012
0,21,9,46,2899,152909,565900.0,2012
0,22,13,30,7000,324541,1083538.0,2012
0,23,6,16,1194,49133,185253.0,2012
0,24,6,49,0,0,0.0,2012
0,25,18,66,12441,749162,2635822.0,2012
0,26,12,29,1475,87606,340030.0,2012
0,1,18895,19026,166696,7538877,30066710.0,2012
0,2,11710,11710,18154,845293,4255045.0,2012
0,3,3526,3527,23067,802571,3165519.0,2012
0,4,1311,1312,15273,595064,2296923.0,2012
0,5,691,691,11492,468996,1736183.0,2012
0,6,17238,17240,67986,2711924,11453670.0,2012
0,7,373,375,8035,345595,1271812.0,2012
0,8,274,275,7320,325133,1307660.0,2012
0,9,181,186,5729,251707,876724.0,2012
0,10,135,137,4978,234274,870808.0,2012
0,11,181,184,7960,363153,1480229.0,2012
0,12,217,225,12782,613850,2448662.0,2012
0,13,97,108,8115,393161,1467037.0,2012
0,14,80,91,9347,455895,1907658.0,2012
0,15,32,43,5284,249325,1097542.0,2012
0,16,35,38,6489,332859,1206567.0,2012
0,17,14,18,3944,253700,758593.0,2012
0,18,9,16,2639,154211,675640.0,2012
0,19,18866,18936,150608,6684787,26822602.0,2012
0,20,11,28,4613,246792,910838.0,2012
0,21,2,4,0,0,0.0,2012
0,22,4,5,3081,121467,402312.0,2012
0,23,1,1,0,0,0.0,2012
0,24,1,12,0,0,0.0,2012
0,25,7,35,0,0,0.0,2012
0,26,3,5,0,0,0.0,2012
0,1,18895,19026,166696,7538877,30066710.0,2012
0,2,11710,11710,18154,845293,4255045.0,2012
0,3,3526,3527,23067,802571,3165519.0,2012
0,4,1311,1312,15273,595064,2296923.0,2012
0,5,691,691,11492,468996,1736183.0,2012
0,6,17238,17240,67986,2711924,11453670.0,2012
0,7,373,375,8035,345595,1271812.0,2012
0,8,274,275,7320,325133,1307660.0,2012
0,9,181,186,5729,251707,876724.0,2012
0,10,135,137,4978,234274,870808.0,2012
0,11,181,184,7960,363153,1480229.0,2012
0,12,217,225,12782,613850,2448662.0,2012
0,13,97,108,8115,393161,1467037.0,2012
0,14,80,91,9347,455895,1907658.0,2012
0,15,32,43,5284,249325,1097542.0,2012
0,16,35,38,6489,332859,1206567.0,2012
0,17,14,18,3944,253700,758593.0,2012
0,18,9,16,2639,154211,675640.0,2012
0,19,18866,18936,150608,6684787,26822602.0,2012
0,20,11,28,4613,246792,910838.0,2012
0,21,2,4,0,0,0.0,2012
0,22,4,5,3081,121467,402312.0,2012
0,23,1,1,0,0,0.0,2012
0,24,1,12,0,0,0.0,2012
0,25,7,35,0,0,0.0,2012
0,26,3,5,0,0,0.0,2012
0,1,3279,3327,59563,3005656,9930140.0,2012
0,2,1318,1318,2224,120720,564079.0,2012
0,3,625,625,4191,176503,670708.0,2012
0,4,358,358,4216,188857,629195.0,2012
0,5,217,218,3693,181962,576223.0,2012
0,6,2518,2519,14324,668042,2440205.0,2012
0,7,141,141,3101,151588,489945.0,2012
0,8,105,105,2817,135183,431176.0,2012
0,9,76,76,2418,120254,398754.0,2012
0,10,57,57,2040,110175,331744.0,2012
0,11,94,94,4020,200441,625490.0,2012
0,12,117,118,6906,349434,1104175.0,2012
0,13,48,52,4020,195159,637813.0,2012
0,14,54,58,6205,328127,1047288.0,2012
0,15,20,23,3188,162507,507735.0,2012
0,16,20,24,2709,149744,490805.0,2012
0,17,5,7,1428,79564,193781.0,2012
0,18,3,3,0,0,0.0,2012
0,19,3258,3277,54002,2707176,8886284.0,2012
0,20,3,13,0,0,0.0,2012
0,21,2,2,0,0,0.0,2012
0,22,5,8,0,0,0.0,2012
0,23,2,10,0,0,0.0,2012
0,24,2,3,0,0,0.0,2012
0,25,2,2,0,0,0.0,2012
0,26,5,12,869,53369,196090.0,2012
0,1,3279,3327,59563,3005656,9930140.0,2012
0,2,1318,1318,2224,120720,564079.0,2012
0,3,625,625,4191,176503,670708.0,2012
0,4,358,358,4216,188857,629195.0,2012
0,5,217,218,3693,181962,576223.0,2012
0,6,2518,2519,14324,668042,2440205.0,2012
0,7,141,141,3101,151588,489945.0,2012
0,8,105,105,2817,135183,431176.0,2012
0,9,76,76,2418,120254,398754.0,2012
0,10,57,57,2040,110175,331744.0,2012
0,11,94,94,4020,200441,625490.0,2012
0,12,117,118,6906,349434,1104175.0,2012
0,13,48,52,4020,195159,637813.0,2012
0,14,54,58,6205,328127,1047288.0,2012
0,15,20,23,3188,162507,507735.0,2012
0,16,20,24,2709,149744,490805.0,2012
0,17,5,7,1428,79564,193781.0,2012
0,18,3,3,0,0,0.0,2012
0,19,3258,3277,54002,2707176,8886284.0,2012
0,20,3,13,0,0,0.0,2012
0,21,2,2,0,0,0.0,2012
0,22,5,8,0,0,0.0,2012
0,23,2,10,0,0,0.0,2012
0,24,2,3,0,0,0.0,2012
0,25,2,2,0,0,0.0,2012
0,26,5,12,869,53369,196090.0,2012
0,1,10056,10078,53150,1855957,8290979.0,2012
0,2,7641,7641,12066,403415,2527586.0,2012
0,3,1441,1442,9200,284545,1137943.0,2012
0,4,397,397,4650,163198,678668.0,2012
0,5,167,168,2794,103125,407660.0,2012
0,6,9646,9648,28710,954283,4751857.0,2012
0,7,98,98,2128,76099,258051.0,2012
0,8,64,67,1636,76285,341690.0,2012
0,9,41,41,1275,50943,197778.0,2012
0,10,31,31,1155,44231,153441.0,2012
0,11,35,35,1561,56428,224706.0,2012
0,12,54,56,3181,123476,537129.0,2012
0,13,16,17,1287,36931,138469.0,2012
0,14,33,36,3702,153235,642593.0,2012
0,15,14,17,2448,81086,288022.0,2012
0,16,9,10,1843,43282,252542.0,2012
0,17,3,3,0,0,0.0,2012
0,18,1,3,0,0,0.0,2012
0,19,10045,10062,50344,1734163,7892202.0,2012
0,20,3,3,1206,47411,154661.0,2012
0,22,2,2,0,0,0.0,2012
0,23,1,1,0,0,0.0,2012
0,25,3,8,0,0,0.0,2012
0,26,2,2,0,0,0.0,2012
0,1,10056,10078,53150,1855957,8290979.0,2012
0,2,7641,7641,12066,403415,2527586.0,2012
0,3,1441,1442,9200,284545,1137943.0,2012
0,4,397,397,4650,163198,678668.0,2012
0,5,167,168,2794,103125,407660.0,2012
0,6,9646,9648,28710,954283,4751857.0,2012
0,7,98,98,2128,76099,258051.0,2012
0,8,64,67,1636,76285,341690.0,2012
0,9,41,41,1275,50943,197778.0,2012
0,10,31,31,1155,44231,153441.0,2012
0,11,35,35,1561,56428,224706.0,2012
0,12,54,56,3181,123476,537129.0,2012
0,13,16,17,1287,36931,138469.0,2012
0,14,33,36,3702,153235,642593.0,2012
0,15,14,17,2448,81086,288022.0,2012
0,16,9,10,1843,43282,252542.0,2012
0,17,3,3,0,0,0.0,2012
0,18,1,3,0,0,0.0,2012
0,19,10045,10062,50344,1734163,7892202.0,2012
0,20,3,3,1206,47411,154661.0,2012
0,22,2,2,0,0,0.0,2012
0,23,1,1,0,0,0.0,2012
0,25,3,8,0,0,0.0,2012
0,26,2,2,0,0,0.0,2012
0,1,18237,18324,119500,4831634,16302127.0,2012
0,2,12751,12751,18908,689485,3355034.0,2012
0,3,2759,2760,17955,598457,2169682.0,2012
0,4,992,992,11566,414673,1350702.0,2012
0,5,481,482,8065,326069,1008680.0,2012
0,6,16983,16985,56494,2028684,7884098.0,2012
0,7,308,308,6720,287198,895398.0,2012
0,8,196,196,5271,229124,694719.0,2012
0,9,139,142,4360,178635,538602.0,2012
0,10,104,104,3715,157139,492152.0,2012
0,11,132,134,5817,279768,821912.0,2012
0,12,181,187,10614,472047,1398213.0,2012
0,13,63,66,5147,239634,792702.0,2012
0,14,50,54,5807,254414,711754.0,2012
0,15,30,41,4505,205181,610241.0,2012
0,16,22,35,4315,194790,558983.0,2012
0,17,8,10,2010,61123,202542.0,2012
0,18,5,6,666,35224,93311.0,2012
0,19,18221,18268,115441,4622961,15694627.0,2012
0,20,6,9,2078,93733,282428.0,2012
0,21,3,37,1414,85299,260817.0,2012
0,22,1,1,0,0,0.0,2012
0,25,3,3,286,16677,0.0,2012
0,26,3,6,0,0,0.0,2012
0,1,18237,18324,119500,4831634,16302127.0,2012
0,2,12751,12751,18908,689485,3355034.0,2012
0,3,2759,2760,17955,598457,2169682.0,2012
0,4,992,992,11566,414673,1350702.0,2012
0,5,481,482,8065,326069,1008680.0,2012
0,6,16983,16985,56494,2028684,7884098.0,2012
0,7,308,308,6720,287198,895398.0,2012
0,8,196,196,5271,229124,694719.0,2012
0,9,139,142,4360,178635,538602.0,2012
0,10,104,104,3715,157139,492152.0,2012
0,11,132,134,5817,279768,821912.0,2012
0,12,181,187,10614,472047,1398213.0,2012
0,13,63,66,5147,239634,792702.0,2012
0,14,50,54,5807,254414,711754.0,2012
0,15,30,41,4505,205181,610241.0,2012
0,16,22,35,4315,194790,558983.0,2012
0,17,8,10,2010,61123,202542.0,2012
0,18,5,6,666,35224,93311.0,2012
0,19,18221,18268,115441,4622961,15694627.0,2012
0,20,6,9,2078,93733,282428.0,2012
0,21,3,37,1414,85299,260817.0,2012
0,22,1,1,0,0,0.0,2012
0,25,3,3,286,16677,0.0,2012
0,26,3,6,0,0,0.0,2012
0,1,4879,4963,40859,1934302,7512219.0,2012
0,2,2647,2647,4948,170879,854558.0,2012
0,3,1139,1142,7461,295158,1086981.0,2012
0,4,408,410,4785,223106,785279.0,2012
0,5,216,217,3635,177325,661824.0,2012
0,6,4410,4416,20829,866468,3388642.0,2012
0,7,123,125,2649,126720,473196.0,2012
0,8,83,87,2174,110418,396854.0,2012
0,9,51,51,1583,84640,300467.0,2012
0,10,44,48,1573,83810,318725.0,2012
0,11,44,54,1856,94984,359410.0,2012
0,12,52,60,2859,151480,559241.0,2012
0,13,28,36,2238,131522,472038.0,2012
0,14,22,32,2365,128756,501104.0,2012
0,15,10,23,1264,53989,250463.0,2012
0,16,5,12,0,0,0.0,2012
0,17,3,11,651,52975,268844.0,2012
0,18,1,4,0,0,0.0,2012
0,19,4876,4959,40634,1921119,7454120.0,2012
0,20,1,1,0,0,0.0,2012
0,22,1,2,0,0,0.0,2012
0,23,1,1,0,0,0.0,2012
0,1,4879,4963,40859,1934302,7512219.0,2012
0,2,2647,2647,4948,170879,854558.0,2012
0,3,1139,1142,7461,295158,1086981.0,2012
0,4,408,410,4785,223106,785279.0,2012
0,5,216,217,3635,177325,661824.0,2012
0,6,4410,4416,20829,866468,3388642.0,2012
0,7,123,125,2649,126720,473196.0,2012
0,8,83,87,2174,110418,396854.0,2012
0,9,51,51,1583,84640,300467.0,2012
0,10,44,48,1573,83810,318725.0,2012
0,11,44,54,1856,94984,359410.0,2012
0,12,52,60,2859,151480,559241.0,2012
0,13,28,36,2238,131522,472038.0,2012
0,14,22,32,2365,128756,501104.0,2012
0,15,10,23,1264,53989,250463.0,2012
0,16,5,12,0,0,0.0,2012
0,17,3,11,651,52975,268844.0,2012
0,18,1,4,0,0,0.0,2012
0,19,4876,4959,40634,1921119,7454120.0,2012
0,20,1,1,0,0,0.0,2012
0,22,1,2,0,0,0.0,2012
0,23,1,1,0,0,0.0,2012
0,1,17265,17491,146220,6116294,27294945.0,2012
0,2,10681,10681,16493,639123,4964952.0,2012
0,3,2991,2991,19692,667600,3210036.0,2012
0,4,1222,1223,14360,533210,2377960.0,2012
0,5,711,713,11913,467011,1849416.0,2012
0,6,15605,15608,62458,2306944,12402364.0,2012
0,7,404,410,8774,355395,1402712.0,2012
0,8,257,257,6932,299535,1161215.0,2012
0,9,195,198,6185,280401,1068607.0,2012
0,10,130,131,4693,201534,825288.0,2012
0,11,202,214,8811,395576,1496749.0,2012
0,12,247,265,14435,659185,2682425.0,2012
0,13,93,114,7571,355042,1413758.0,2012
0,14,72,101,7966,428848,1513086.0,2012
0,15,24,44,3832,189967,757102.0,2012
0,16,13,54,3060,121082,470266.0,2012
0,17,8,22,0,77393,0.0,2012
0,18,4,7,1284,68942,330528.0,2012
0,19,17254,17425,137708,5739844,25821788.0,2012
0,20,5,20,1937,83262,392839.0,2012
0,21,1,1,0,0,0.0,2012
0,22,1,12,0,0,0.0,2012
0,24,3,32,0,0,0.0,2012
0,25,1,1,0,0,0.0,2012
0,1,17265,17491,146220,6116294,27294945.0,2012
0,2,10681,10681,16493,639123,4964952.0,2012
0,3,2991,2991,19692,667600,3210036.0,2012
0,4,1222,1223,14360,533210,2377960.0,2012
0,5,711,713,11913,467011,1849416.0,2012
0,6,15605,15608,62458,2306944,12402364.0,2012
0,7,404,410,8774,355395,1402712.0,2012
0,8,257,257,6932,299535,1161215.0,2012
0,9,195,198,6185,280401,1068607.0,2012
0,10,130,131,4693,201534,825288.0,2012
0,11,202,214,8811,395576,1496749.0,2012
0,12,247,265,14435,659185,2682425.0,2012
0,13,93,114,7571,355042,1413758.0,2012
0,14,72,101,7966,428848,1513086.0,2012
0,15,24,44,3832,189967,757102.0,2012
0,16,13,54,3060,121082,470266.0,2012
0,17,8,22,0,77393,0.0,2012
0,18,4,7,1284,68942,330528.0,2012
0,19,17254,17425,137708,5739844,25821788.0,2012
0,20,5,20,1937,83262,392839.0,2012
0,21,1,1,0,0,0.0,2012
0,22,1,12,0,0,0.0,2012
0,24,3,32,0,0,0.0,2012
0,25,1,1,0,0,0.0,2012
0,1,7394,7437,31202,1127544,5238828.0,2012
0,2,5745,5745,8923,274777,1793062.0,2012
0,3,988,988,6404,204054,935577.0,2012
0,4,284,284,3304,119463,494470.0,2012
0,5,125,126,2067,78250,340009.0,2012
0,6,7142,7143,20698,676544,3563118.0,2012
0,7,78,79,1672,68348,288023.0,2012
0,8,41,42,1119,46331,167065.0,2012
0,9,27,27,861,36386,137761.0,2012
0,10,19,20,699,39388,149951.0,2012
0,11,24,24,1097,49671,174980.0,2012
0,12,29,37,1665,70951,228213.0,2012
0,13,11,16,903,44742,160318.0,2012
0,14,8,12,593,28327,112786.0,2012
0,15,3,3,0,0,0.0,2012
0,16,4,11,0,0,0.0,2012
0,17,3,16,895,26179,112852.0,2012
0,19,7389,7430,31034,1120458,5204903.0,2012
0,20,2,2,0,0,0.0,2012
0,23,1,1,0,0,0.0,2012
0,24,1,2,0,0,0.0,2012
0,26,1,2,0,0,0.0,2012
0,1,7394,7437,31202,1127544,5238828.0,2012
0,2,5745,5745,8923,274777,1793062.0,2012
0,3,988,988,6404,204054,935577.0,2012
0,4,284,284,3304,119463,494470.0,2012
0,5,125,126,2067,78250,340009.0,2012
0,6,7142,7143,20698,676544,3563118.0,2012
0,7,78,79,1672,68348,288023.0,2012
0,8,41,42,1119,46331,167065.0,2012
0,9,27,27,861,36386,137761.0,2012
0,10,19,20,699,39388,149951.0,2012
0,11,24,24,1097,49671,174980.0,2012
0,12,29,37,1665,70951,228213.0,2012
0,13,11,16,903,44742,160318.0,2012
0,14,8,12,593,28327,112786.0,2012
0,15,3,3,0,0,0.0,2012
0,16,4,11,0,0,0.0,2012
0,17,3,16,895,26179,112852.0,2012
0,19,7389,7430,31034,1120458,5204903.0,2012
0,20,2,2,0,0,0.0,2012
0,23,1,1,0,0,0.0,2012
0,24,1,2,0,0,0.0,2012
0,26,1,2,0,0,0.0,2012
0,1,5122,5155,40318,1998208,6938921.0,2012
0,2,3361,3361,5323,198946,982200.0,2012
0,3,855,855,5493,198943,732592.0,2012
0,4,311,311,3667,150635,543188.0,2012
0,5,151,158,2477,116290,382330.0,2012
0,6,4678,4685,16960,664814,2640310.0,2012
0,7,99,99,2158,100112,317088.0,2012
0,8,67,67,1746,80689,261398.0,2012
0,9,60,60,1850,84973,319230.0,2012
0,10,36,36,1301,69882,204455.0,2012
0,11,46,49,1993,115889,402510.0,2012
0,12,59,65,3417,201148,634132.0,2012
0,13,19,21,1408,81735,271299.0,2012
0,14,17,18,1525,90397,332071.0,2012
0,15,15,15,2223,137815,376526.0,2012
0,16,11,11,1899,90607,308698.0,2012
0,17,1,1,0,0,0.0,2012
0,18,2,4,0,0,0.0,2012
0,19,5110,5131,37411,1770166,6328151.0,2012
0,20,1,1,0,0,0.0,2012
0,21,2,2,0,0,0.0,2012
0,23,1,2,0,0,0.0,2012
0,25,6,17,2513,197912,537095.0,2012
0,26,2,2,0,0,0.0,2012
0,1,5122,5155,40318,1998208,6938921.0,2012
0,2,3361,3361,5323,198946,982200.0,2012
0,3,855,855,5493,198943,732592.0,2012
0,4,311,311,3667,150635,543188.0,2012
0,5,151,158,2477,116290,382330.0,2012
0,6,4678,4685,16960,664814,2640310.0,2012
0,7,99,99,2158,100112,317088.0,2012
0,8,67,67,1746,80689,261398.0,2012
0,9,60,60,1850,84973,319230.0,2012
0,10,36,36,1301,69882,204455.0,2012
0,11,46,49,1993,115889,402510.0,2012
0,12,59,65,3417,201148,634132.0,2012
0,13,19,21,1408,81735,271299.0,2012
0,14,17,18,1525,90397,332071.0,2012
0,15,15,15,2223,137815,376526.0,2012
0,16,11,11,1899,90607,308698.0,2012
0,17,1,1,0,0,0.0,2012
0,18,2,4,0,0,0.0,2012
0,19,5110,5131,37411,1770166,6328151.0,2012
0,20,1,1,0,0,0.0,2012
0,21,2,2,0,0,0.0,2012
0,23,1,2,0,0,0.0,2012
0,25,6,17,2513,197912,537095.0,2012
0,26,2,2,0,0,0.0,2012
0,1,165862,170002,1629581,88043182,304014454.0,2012
0,2,103833,103835,181560,6693726,30176939.0,2012
0,3,29840,29846,195990,7972296,27692177.0,2012
0,4,11717,11727,137065,6318903,21024693.0,2012
0,5,5642,5661,94562,4716455,15613227.0,2012
0,6,151032,151069,609177,25701380,94507036.0,2012
0,7,3486,3508,75899,3926643,12808752.0,2012
0,8,2292,2315,61402,3275011,10757631.0,2012
0,9,1592,1629,50512,2725797,8896778.0,2012
0,10,1174,1191,42970,2394267,7953289.0,2012
0,11,1562,1631,68181,3864848,13077883.0,2012
0,12,1963,2163,116554,6775433,22527862.0,2012
0,13,868,1037,72932,4330556,14791721.0,2012
0,14,754,1031,87959,5393261,17987518.0,2012
0,15,332,490,51549,3267898,10554384.0,2012
0,16,287,528,63933,4149600,13239876.0,2012
0,17,146,313,42204,2687239,8421030.0,2012
0,18,67,196,22795,1358703,4466180.0,2012
0,19,165555,167101,1366067,69850636,239989940.0,2012
0,20,98,249,42044,2799805,9377454.0,2012
0,21,45,196,26767,1667437,5410503.0,2012
0,22,42,141,26251,1720134,5683558.0,2012
0,23,33,175,28554,2049755,6920375.0,2012
0,24,11,31,9354,778778,2075020.0,2012
0,25,28,532,37012,2498714,7966571.0,2012
0,26,50,1577,93532,6677923,26591033.0,2012
0,1,68636,70215,682659,37261693,128680954.0,2012
0,2,43825,43826,75574,2798597,12111690.0,2012
0,3,11831,11833,77441,3213953,10875372.0,2012
0,4,4489,4492,52276,2448595,8013430.0,2012
0,5,2219,2225,37300,1883295,6099011.0,2012
0,6,62364,62376,242591,10344440,37099503.0,2012
0,7,1400,1415,30540,1583859,5109101.0,2012
0,8,918,930,24612,1330830,4308423.0,2012
0,9,632,644,20043,1103964,3521342.0,2012
0,10,515,520,18835,1051446,3384014.0,2012
0,11,677,702,29524,1679899,5401054.0,2012
0,12,842,920,50370,2927458,9601265.0,2012
0,13,379,454,31660,1887422,6579055.0,2012
0,14,319,430,37252,2221870,7230364.0,2012
0,15,166,244,25514,1599421,4892278.0,2012
0,16,151,281,33301,2119447,6722764.0,2012
0,17,80,171,21777,1406822,4323580.0,2012
0,18,36,80,12357,727626,2486644.0,2012
0,19,68479,69167,578376,29984504,100659387.0,2012
0,20,45,140,19195,1278638,4320905.0,2012
0,21,22,63,10390,673762,2065449.0,2012
0,22,19,57,10781,724733,2437555.0,2012
0,23,19,121,14895,1075362,3352149.0,2012
0,24,6,14,0,0,0.0,2012
0,25,16,204,16902,1076488,3891479.0,2012
0,26,30,449,26662,2060367,10750294.0,2012
0,1,68636,70215,682659,37261693,128680954.0,2012
0,2,43825,43826,75574,2798597,12111690.0,2012
0,3,11831,11833,77441,3213953,10875372.0,2012
0,4,4489,4492,52276,2448595,8013430.0,2012
0,5,2219,2225,37300,1883295,6099011.0,2012
0,6,62364,62376,242591,10344440,37099503.0,2012
0,7,1400,1415,30540,1583859,5109101.0,2012
0,8,918,930,24612,1330830,4308423.0,2012
0,9,632,644,20043,1103964,3521342.0,2012
0,10,515,520,18835,1051446,3384014.0,2012
0,11,677,702,29524,1679899,5401054.0,2012
0,12,842,920,50370,2927458,9601265.0,2012
0,13,379,454,31660,1887422,6579055.0,2012
0,14,319,430,37252,2221870,7230364.0,2012
0,15,166,244,25514,1599421,4892278.0,2012
0,16,151,281,33301,2119447,6722764.0,2012
0,17,80,171,21777,1406822,4323580.0,2012
0,18,36,80,12357,727626,2486644.0,2012
0,19,68479,69167,578376,29984504,100659387.0,2012
0,20,45,140,19195,1278638,4320905.0,2012
0,21,22,63,10390,673762,2065449.0,2012
0,22,19,57,10781,724733,2437555.0,2012
0,23,19,121,14895,1075362,3352149.0,2012
0,24,6,14,0,0,0.0,2012
0,25,16,204,16902,1076488,3891479.0,2012
0,26,30,449,26662,2060367,10750294.0,2012
0,1,91490,93000,821579,43017559,151693725.0,2012
0,2,57086,57086,100795,3661870,16908111.0,2012
0,3,16912,16913,111167,4425496,15665848.0,2012
0,4,6674,6680,78173,3536146,11953539.0,2012
0,5,3140,3150,52465,2553727,8588468.0,2012
0,6,83812,83829,342600,14177239,53115966.0,2012
0,7,1916,1922,41668,2128933,7074374.0,2012
0,8,1230,1240,32940,1735894,5819776.0,2012
0,9,867,890,27471,1449797,4875752.0,2012
0,10,590,600,21664,1202622,4120319.0,2012
0,11,787,827,34335,1933830,6789321.0,2012
0,12,968,1067,57191,3315585,11259778.0,2012
0,13,442,525,37030,2180426,7476905.0,2012
0,14,379,496,43954,2740428,9527284.0,2012
0,15,145,211,22507,1437445,5060828.0,2012
0,16,123,202,26504,1744229,5757500.0,2012
0,17,58,109,17116,1099282,3637399.0,2012
0,18,27,63,7961,485127,1532066.0,2012
0,19,91344,91981,712941,35630837,126047268.0,2012
0,20,47,82,19175,1378716,4679151.0,2012
0,21,20,96,13679,832074,2909386.0,2012
0,22,23,79,14080,924151,3057205.0,2012
0,23,12,44,10268,747775,2901075.0,2012
0,24,6,8,3301,345408,717031.0,2012
0,25,11,60,4755,321966,886524.0,2012
0,26,27,650,43380,2836632,10496085.0,2012
0,1,91490,93000,821579,43017559,151693725.0,2012
0,2,57086,57086,100795,3661870,16908111.0,2012
0,3,16912,16913,111167,4425496,15665848.0,2012
0,4,6674,6680,78173,3536146,11953539.0,2012
0,5,3140,3150,52465,2553727,8588468.0,2012
0,6,83812,83829,342600,14177239,53115966.0,2012
0,7,1916,1922,41668,2128933,7074374.0,2012
0,8,1230,1240,32940,1735894,5819776.0,2012
0,9,867,890,27471,1449797,4875752.0,2012
0,10,590,600,21664,1202622,4120319.0,2012
0,11,787,827,34335,1933830,6789321.0,2012
0,12,968,1067,57191,3315585,11259778.0,2012
0,13,442,525,37030,2180426,7476905.0,2012
0,14,379,496,43954,2740428,9527284.0,2012
0,15,145,211,22507,1437445,5060828.0,2012
0,16,123,202,26504,1744229,5757500.0,2012
0,17,58,109,17116,1099282,3637399.0,2012
0,18,27,63,7961,485127,1532066.0,2012
0,19,91344,91981,712941,35630837,126047268.0,2012
0,20,47,82,19175,1378716,4679151.0,2012
0,21,20,96,13679,832074,2909386.0,2012
0,22,23,79,14080,924151,3057205.0,2012
0,23,12,44,10268,747775,2901075.0,2012
0,24,6,8,3301,345408,717031.0,2012
0,25,11,60,4755,321966,886524.0,2012
0,26,27,650,43380,2836632,10496085.0,2012
0,1,5826,6787,125343,7763930,23639775.0,2012
0,2,2922,2923,5191,233259,1157138.0,2012
0,3,1097,1100,7382,332847,1150957.0,2012
0,4,554,555,6616,334162,1057724.0,2012
0,5,283,286,4797,279433,925748.0,2012
0,6,4856,4864,23986,1179701,4291567.0,2012
0,7,170,171,3691,213851,625277.0,2012
0,8,145,145,3850,208287,629432.0,2012
0,9,94,95,2998,172036,499684.0,2012
0,10,71,71,2471,140199,448956.0,2012
0,11,100,102,4322,251119,887508.0,2012
0,12,155,176,8993,532390,1666819.0,2012
0,13,50,58,4242,262708,735761.0,2012
0,14,63,105,6753,430963,1229870.0,2012
0,15,24,35,3528,231032,601278.0,2012
0,16,22,45,4128,285924,759612.0,2012
0,17,16,33,3311,181135,460051.0,2012
0,18,9,53,2477,145950,447470.0,2012
0,19,5775,5953,74750,4235295,13283285.0,2012
0,20,9,27,3674,142451,377398.0,2012
0,21,7,37,2698,161601,435668.0,2012
0,22,4,5,0,0,0.0,2012
0,23,5,10,0,0,0.0,2012
0,24,3,9,595,45531,154253.0,2012
0,25,9,268,0,0,0.0,2012
0,26,14,478,23490,1780924,5344654.0,2012
0,1,5826,6787,125343,7763930,23639775.0,2012
0,2,2922,2923,5191,233259,1157138.0,2012
0,3,1097,1100,7382,332847,1150957.0,2012
0,4,554,555,6616,334162,1057724.0,2012
0,5,283,286,4797,279433,925748.0,2012
0,6,4856,4864,23986,1179701,4291567.0,2012
0,7,170,171,3691,213851,625277.0,2012
0,8,145,145,3850,208287,629432.0,2012
0,9,94,95,2998,172036,499684.0,2012
0,10,71,71,2471,140199,448956.0,2012
0,11,100,102,4322,251119,887508.0,2012
0,12,155,176,8993,532390,1666819.0,2012
0,13,50,58,4242,262708,735761.0,2012
0,14,63,105,6753,430963,1229870.0,2012
0,15,24,35,3528,231032,601278.0,2012
0,16,22,45,4128,285924,759612.0,2012
0,17,16,33,3311,181135,460051.0,2012
0,18,9,53,2477,145950,447470.0,2012
0,19,5775,5953,74750,4235295,13283285.0,2012
0,20,9,27,3674,142451,377398.0,2012
0,21,7,37,2698,161601,435668.0,2012
0,22,4,5,0,0,0.0,2012
0,23,5,10,0,0,0.0,2012
0,24,3,9,595,45531,154253.0,2012
0,25,9,268,0,0,0.0,2012
0,26,14,478,23490,1780924,5344654.0,2012
0,1,101727,102700,608945,24577735,88148669.0,2012
0,2,74847,74850,114639,3601552,18962068.0,2012
0,3,14093,14099,91939,3104885,11696044.0,2012
0,4,4822,4826,56284,2102240,7239214.0,2012
0,5,2410,2417,40256,1624806,5456669.0,2012
0,6,96172,96192,303118,10433483,43353995.0,2012
0,7,1377,1388,29761,1242652,4331683.0,2012
0,8,971,992,25947,1131932,3769936.0,2012
0,9,622,636,19746,840198,2731078.0,2012
0,10,432,448,15892,728210,2259717.0,2012
0,11,586,612,25593,1162465,3965870.0,2012
0,12,697,755,41033,1929132,6256395.0,2012
0,13,302,383,24749,1159059,3764416.0,2012
0,14,235,299,26056,1266677,3906852.0,2012
0,15,110,151,16206,812119,2392080.0,2012
0,16,95,169,17721,868837,2629747.0,2012
0,17,40,90,9247,488147,1821023.0,2012
0,18,20,30,6762,305994,873362.0,2012
0,19,101659,102145,561831,22368905,82056154.0,2012
0,20,24,103,9616,535113,1603944.0,2012
0,21,12,57,4154,219222,664841.0,2012
0,22,14,61,6862,365225,798617.0,2012
0,23,2,2,0,0,0.0,2012
0,24,3,95,0,0,0.0,2012
0,25,4,9,0,0,0.0,2012
0,26,9,228,23485,945634,2575176.0,2012
0,1,16613,17138,183884,7933651,26198064.0,2012
0,2,10382,10383,16834,563431,3184238.0,2012
0,3,2757,2759,18231,611338,2312875.0,2012
0,4,1062,1062,12506,475055,1719302.0,2012
0,5,648,649,10896,423823,1473889.0,2012
0,6,14849,14853,58467,2073647,8690304.0,2012
0,7,376,378,8097,321758,1076946.0,2012
0,8,253,264,6827,276699,910199.0,2012
0,9,187,193,6053,243702,818365.0,2012
0,10,117,119,4189,192728,530601.0,2012
0,11,180,185,7996,357998,1132478.0,2012
0,12,267,276,16213,746528,2345444.0,2012
0,13,125,141,10694,478825,1502190.0,2012
0,14,101,114,11863,583663,1662064.0,2012
0,15,50,63,8412,434356,1079521.0,2012
0,16,44,53,9522,456748,1466141.0,2012
0,17,22,40,6278,290053,827453.0,2012
0,18,10,17,4435,209249,635404.0,2012
0,19,16581,16696,159046,6665954,22677110.0,2012
0,20,16,82,7330,409508,1114052.0,2012
0,21,4,34,2476,119669,348867.0,2012
0,22,6,44,4659,214003,547275.0,2012
0,24,3,90,0,0,0.0,2012
0,26,3,192,0,0,0.0,2012
0,1,16613,17138,183884,7933651,26198064.0,2012
0,2,10382,10383,16834,563431,3184238.0,2012
0,3,2757,2759,18231,611338,2312875.0,2012
0,4,1062,1062,12506,475055,1719302.0,2012
0,5,648,649,10896,423823,1473889.0,2012
0,6,14849,14853,58467,2073647,8690304.0,2012
0,7,376,378,8097,321758,1076946.0,2012
0,8,253,264,6827,276699,910199.0,2012
0,9,187,193,6053,243702,818365.0,2012
0,10,117,119,4189,192728,530601.0,2012
0,11,180,185,7996,357998,1132478.0,2012
0,12,267,276,16213,746528,2345444.0,2012
0,13,125,141,10694,478825,1502190.0,2012
0,14,101,114,11863,583663,1662064.0,2012
0,15,50,63,8412,434356,1079521.0,2012
0,16,44,53,9522,456748,1466141.0,2012
0,17,22,40,6278,290053,827453.0,2012
0,18,10,17,4435,209249,635404.0,2012
0,19,16581,16696,159046,6665954,22677110.0,2012
0,20,16,82,7330,409508,1114052.0,2012
0,21,4,34,2476,119669,348867.0,2012
0,22,6,44,4659,214003,547275.0,2012
0,24,3,90,0,0,0.0,2012
0,26,3,192,0,0,0.0,2012
0,1,31317,31376,163073,6202613,18780950.0,2012
0,2,23933,23933,35637,1136561,5038301.0,2012
0,3,4070,4072,26383,851710,2607805.0,2012
0,4,1321,1322,15439,535577,1468359.0,2012
0,5,629,630,10525,406254,1075703.0,2012
0,6,29953,29957,87984,2930102,10190168.0,2012
0,7,322,323,7051,288288,843842.0,2012
0,8,288,290,7728,324895,865388.0,2012
0,9,156,156,4998,215560,550260.0,2012
0,10,124,124,4551,211400,598664.0,2012
0,11,158,165,6905,308118,870735.0,2012
0,12,158,162,9373,444318,1204173.0,2012
0,13,62,66,5274,266754,741153.0,2012
0,14,48,55,5354,228850,617809.0,2012
0,15,19,23,2810,141380,397744.0,2012
0,16,16,33,3098,140829,360062.0,2012
0,17,3,6,0,0,0.0,2012
0,18,1,1,0,0,0.0,2012
0,19,31308,31361,146125,5573458,17433316.0,2012
0,20,1,1,0,0,0.0,2012
0,21,1,1,0,0,0.0,2012
0,22,3,6,0,0,0.0,2012
0,23,1,1,0,0,0.0,2012
0,25,1,1,0,0,0.0,2012
0,26,2,5,0,0,0.0,2012
0,1,31317,31376,163073,6202613,18780950.0,2012
0,2,23933,23933,35637,1136561,5038301.0,2012
0,3,4070,4072,26383,851710,2607805.0,2012
0,4,1321,1322,15439,535577,1468359.0,2012
0,5,629,630,10525,406254,1075703.0,2012
0,6,29953,29957,87984,2930102,10190168.0,2012
0,7,322,323,7051,288288,843842.0,2012
0,8,288,290,7728,324895,865388.0,2012
0,9,156,156,4998,215560,550260.0,2012
0,10,124,124,4551,211400,598664.0,2012
0,11,158,165,6905,308118,870735.0,2012
0,12,158,162,9373,444318,1204173.0,2012
0,13,62,66,5274,266754,741153.0,2012
0,14,48,55,5354,228850,617809.0,2012
0,15,19,23,2810,141380,397744.0,2012
0,16,16,33,3098,140829,360062.0,2012
0,17,3,6,0,0,0.0,2012
0,18,1,1,0,0,0.0,2012
0,19,31308,31361,146125,5573458,17433316.0,2012
0,20,1,1,0,0,0.0,2012
0,21,1,1,0,0,0.0,2012
0,22,3,6,0,0,0.0,2012
0,23,1,1,0,0,0.0,2012
0,25,1,1,0,0,0.0,2012
0,26,2,5,0,0,0.0,2012
0,1,13428,13567,58645,2292665,10972807.0,2012
0,2,10466,10467,16204,462056,2885800.0,2012
0,3,1709,1709,11062,377577,1741038.0,2012
0,4,490,491,5708,225335,951547.0,2012
0,5,253,255,4208,187242,796270.0,2012
0,6,12918,12922,37182,1252210,6374655.0,2012
0,7,142,145,3022,131582,594877.0,2012
0,8,97,104,2581,118962,443996.0,2012
0,9,60,61,1922,88225,341043.0,2012
0,10,38,44,1396,67434,281841.0,2012
0,11,50,53,2185,104489,423188.0,2012
0,12,61,68,3437,174596,735663.0,2012
0,13,21,70,1699,82394,405942.0,2012
0,14,18,24,1702,94243,421485.0,2012
0,15,3,12,452,24682,163685.0,2012
0,16,11,25,1004,55011,201628.0,2012
0,17,3,12,0,0,0.0,2012
0,18,2,2,0,0,0.0,2012
0,19,13424,13542,57818,2243586,10634909.0,2012
0,21,1,1,0,0,0.0,2012
0,23,1,1,0,0,0.0,2012
0,26,2,23,0,0,0.0,2012
0,1,13428,13567,58645,2292665,10972807.0,2012
0,2,10466,10467,16204,462056,2885800.0,2012
0,3,1709,1709,11062,377577,1741038.0,2012
0,4,490,491,5708,225335,951547.0,2012
0,5,253,255,4208,187242,796270.0,2012
0,6,12918,12922,37182,1252210,6374655.0,2012
0,7,142,145,3022,131582,594877.0,2012
0,8,97,104,2581,118962,443996.0,2012
0,9,60,61,1922,88225,341043.0,2012
0,10,38,44,1396,67434,281841.0,2012
0,11,50,53,2185,104489,423188.0,2012
0,12,61,68,3437,174596,735663.0,2012
0,13,21,70,1699,82394,405942.0,2012
0,14,18,24,1702,94243,421485.0,2012
0,15,3,12,452,24682,163685.0,2012
0,16,11,25,1004,55011,201628.0,2012
0,17,3,12,0,0,0.0,2012
0,18,2,2,0,0,0.0,2012
0,19,13424,13542,57818,2243586,10634909.0,2012
0,21,1,1,0,0,0.0,2012
0,23,1,1,0,0,0.0,2012
0,26,2,23,0,0,0.0,2012
0,1,8523,8543,41628,1590780,5880811.0,2012
0,2,6350,6350,9416,280104,1447869.0,2012
0,3,1125,1125,7421,255224,961019.0,2012
0,4,440,440,5044,185344,615381.0,2012
0,5,193,193,3238,129737,416306.0,2012
0,6,8108,8108,25119,850409,3440575.0,2012
0,7,123,123,2661,108008,351991.0,2012
0,8,72,73,1926,80670,286047.0,2012
0,9,46,46,1461,61285,223916.0,2012
0,10,44,49,1685,76250,240960.0,2012
0,11,43,44,1803,85265,290919.0,2012
0,12,41,41,2367,104262,346312.0,2012
0,13,21,22,1618,69832,222938.0,2012
0,14,18,26,2073,95064,288577.0,2012
0,15,1,1,0,0,0.0,2012
0,16,5,9,689,49268,152290.0,2012
0,17,1,1,0,0,0.0,2012
0,19,8523,8543,41628,1590780,5880811.0,2012
0,1,8523,8543,41628,1590780,5880811.0,2012
0,2,6350,6350,9416,280104,1447869.0,2012
0,3,1125,1125,7421,255224,961019.0,2012
0,4,440,440,5044,185344,615381.0,2012
0,5,193,193,3238,129737,416306.0,2012
0,6,8108,8108,25119,850409,3440575.0,2012
0,7,123,123,2661,108008,351991.0,2012
0,8,72,73,1926,80670,286047.0,2012
0,9,46,46,1461,61285,223916.0,2012
0,10,44,49,1685,76250,240960.0,2012
0,11,43,44,1803,85265,290919.0,2012
0,12,41,41,2367,104262,346312.0,2012
0,13,21,22,1618,69832,222938.0,2012
0,14,18,26,2073,95064,288577.0,2012
0,15,1,1,0,0,0.0,2012
0,16,5,9,689,49268,152290.0,2012
0,17,1,1,0,0,0.0,2012
0,19,8523,8543,41628,1590780,5880811.0,2012
0,1,25724,25845,106476,4230572,18799199.0,2012
0,2,20015,20015,30365,938349,5331792.0,2012
0,3,3342,3344,21725,763675,3138720.0,2012
0,4,1052,1054,12275,476579,1862243.0,2012
0,5,431,433,7107,305959,1199724.0,2012
0,6,24840,24846,71472,2484562,11532479.0,2012
0,7,264,268,5708,254877,1076077.0,2012
0,8,164,164,4371,220772,955520.0,2012
0,9,100,104,3036,131881,515442.0,2012
0,10,55,55,2045,95173,373599.0,2012
0,11,83,90,3620,169742,809256.0,2012
0,12,98,124,5451,253688,978493.0,2012
0,13,36,38,2481,121119,448382.0,2012
0,14,24,32,2223,123007,435625.0,2012
0,15,18,24,1652,89554,411957.0,2012
0,16,12,28,1520,83247,217591.0,2012
0,17,9,26,0,0,0.0,2012
0,18,3,3,59,2481,10738.0,2012
0,19,25706,25802,104624,4107936,18319244.0,2012
0,20,6,16,950,75499,303476.0,2012
0,21,3,9,366,20646,67892.0,2012
0,22,4,9,0,7547,28036.0,2012
0,24,1,2,0,0,0.0,2012
0,25,1,1,0,0,0.0,2012
0,26,3,6,0,0,0.0,2012
0,1,25724,25845,106476,4230572,18799199.0,2012
0,2,20015,20015,30365,938349,5331792.0,2012
0,3,3342,3344,21725,763675,3138720.0,2012
0,4,1052,1054,12275,476579,1862243.0,2012
0,5,431,433,7107,305959,1199724.0,2012
0,6,24840,24846,71472,2484562,11532479.0,2012
0,7,264,268,5708,254877,1076077.0,2012
0,8,164,164,4371,220772,955520.0,2012
0,9,100,104,3036,131881,515442.0,2012
0,10,55,55,2045,95173,373599.0,2012
0,11,83,90,3620,169742,809256.0,2012
0,12,98,124,5451,253688,978493.0,2012
0,13,36,38,2481,121119,448382.0,2012
0,14,24,32,2223,123007,435625.0,2012
0,15,18,24,1652,89554,411957.0,2012
0,16,12,28,1520,83247,217591.0,2012
0,17,9,26,0,0,0.0,2012
0,18,3,3,59,2481,10738.0,2012
0,19,25706,25802,104624,4107936,18319244.0,2012
0,20,6,16,950,75499,303476.0,2012
0,21,3,9,366,20646,67892.0,2012
0,22,4,9,0,7547,28036.0,2012
0,24,1,2,0,0,0.0,2012
0,25,1,1,0,0,0.0,2012
0,26,3,6,0,0,0.0,2012
0,1,6149,6231,55239,2327454,7516838.0,2012
0,2,3701,3702,6183,221051,1074068.0,2012
0,3,1090,1090,7117,245361,934587.0,2012
0,4,457,457,5312,204350,622382.0,2012
0,5,256,257,4282,171791,494777.0,2012
0,6,5504,5506,22894,842553,3125814.0,2012
0,7,150,151,3222,138139,387950.0,2012
0,8,97,97,2514,109934,308786.0,2012
0,9,73,76,2276,99545,282052.0,2012
0,10,55,57,2026,85225,234052.0,2012
0,11,72,75,3084,136853,439294.0,2012
0,12,73,84,4192,205740,646310.0,2012
0,13,37,46,2983,140135,443811.0,2012
0,14,27,48,2841,141850,481292.0,2012
0,15,21,28,2703,114820,311396.0,2012
0,16,14,21,1888,83734,232035.0,2012
0,17,5,5,0,0,0.0,2012
0,18,5,7,1418,59709,139042.0,2012
0,19,6133,6201,52590,2187191,7110764.0,2012
0,20,4,4,750,20398,54285.0,2012
0,21,5,12,0,0,0.0,2012
0,22,2,2,0,0,0.0,2012
0,24,1,3,0,0,0.0,2012
0,25,2,7,0,0,0.0,2012
0,26,2,2,0,0,0.0,2012
0,1,6149,6231,55239,2327454,7516838.0,2012
0,2,3701,3702,6183,221051,1074068.0,2012
0,3,1090,1090,7117,245361,934587.0,2012
0,4,457,457,5312,204350,622382.0,2012
0,5,256,257,4282,171791,494777.0,2012
0,6,5504,5506,22894,842553,3125814.0,2012
0,7,150,151,3222,138139,387950.0,2012
0,8,97,97,2514,109934,308786.0,2012
0,9,73,76,2276,99545,282052.0,2012
0,10,55,57,2026,85225,234052.0,2012
0,11,72,75,3084,136853,439294.0,2012
0,12,73,84,4192,205740,646310.0,2012
0,13,37,46,2983,140135,443811.0,2012
0,14,27,48,2841,141850,481292.0,2012
0,15,21,28,2703,114820,311396.0,2012
0,16,14,21,1888,83734,232035.0,2012
0,17,5,5,0,0,0.0,2012
0,18,5,7,1418,59709,139042.0,2012
0,19,6133,6201,52590,2187191,7110764.0,2012
0,20,4,4,750,20398,54285.0,2012
0,21,5,12,0,0,0.0,2012
0,22,2,2,0,0,0.0,2012
0,24,1,3,0,0,0.0,2012
0,25,2,7,0,0,0.0,2012
0,26,2,2,0,0,0.0,2012
0,1,62522,63214,475127,23612435,102228982.0,2012
0,2,42032,42032,62927,2817783,15787974.0,2012
0,3,9970,9972,65108,2634014,11457309.0,2012
0,4,3820,3829,44754,1997524,8334484.0,2012
0,5,2004,2016,33444,1625178,6612454.0,2012
0,6,57826,57849,206233,9074499,42192221.0,2012
0,7,1146,1155,24766,1219804,5040008.0,2012
0,8,758,767,20292,995379,4101644.0,2012
0,9,515,526,16159,831914,3364812.0,2012
0,10,370,388,13470,703359,2767429.0,2012
0,11,514,522,22136,1190503,5027284.0,2012
0,12,578,619,33326,1814548,7671788.0,2012
0,13,256,291,20587,1184393,5383752.0,2012
0,14,234,291,25555,1387730,6244768.0,2012
0,15,90,135,13119,767757,3542174.0,2012
0,16,76,117,14658,795495,3324993.0,2012
0,17,30,52,6333,412246,1720221.0,2012
0,18,26,70,7207,462923,1921757.0,2012
0,19,62419,62782,423841,20840550,92302851.0,2012
0,20,25,75,9355,548182,2119510.0,2012
0,21,10,25,3921,226076,0.0,2012
0,22,13,63,5363,240950,799284.0,2012
0,23,7,11,3806,250450,619274.0,2012
0,24,9,57,3225,235682,1041089.0,2012
0,25,13,91,0,0,0.0,2012
0,26,26,110,19244,930484,3644059.0,2012
0,1,33806,34142,281496,14489908,64469944.0,2012
0,2,21989,21989,34634,1478783,8178528.0,2012
0,3,5490,5490,35851,1489427,6465043.0,2012
0,4,2138,2141,25129,1187828,4908205.0,2012
0,5,1185,1188,19797,1014501,4207626.0,2012
0,6,30802,30808,115411,5170539,23759402.0,2012
0,7,680,684,14676,741286,3149375.0,2012
0,8,478,481,12842,652664,2756482.0,2012
0,9,300,307,9458,501269,2111727.0,2012
0,10,246,252,8903,484236,1939262.0,2012
0,11,347,352,15074,818499,3602595.0,2012
0,12,388,413,22373,1268297,5578067.0,2012
0,13,188,215,15120,897073,4100508.0,2012
0,14,157,178,17113,964621,4559102.0,2012
0,15,60,80,8796,528700,2497744.0,2012
0,16,53,57,10719,562922,2503511.0,2012
0,17,18,24,4071,252901,1011365.0,2012
0,18,17,49,5596,369691,1587215.0,2012
0,19,33734,33900,260152,13212698,59156355.0,2012
0,20,19,55,6812,413111,1549434.0,2012
0,21,5,8,2030,84909,201634.0,2012
0,22,9,56,3278,160677,636271.0,2012
0,23,5,6,0,0,0.0,2012
0,24,7,55,3175,231915,1027703.0,2012
0,25,8,13,1057,79894,394528.0,2012
0,26,19,49,4138,265369,1332294.0,2012
0,1,33806,34142,281496,14489908,64469944.0,2012
0,2,21989,21989,34634,1478783,8178528.0,2012
0,3,5490,5490,35851,1489427,6465043.0,2012
0,4,2138,2141,25129,1187828,4908205.0,2012
0,5,1185,1188,19797,1014501,4207626.0,2012
0,6,30802,30808,115411,5170539,23759402.0,2012
0,7,680,684,14676,741286,3149375.0,2012
0,8,478,481,12842,652664,2756482.0,2012
0,9,300,307,9458,501269,2111727.0,2012
0,10,246,252,8903,484236,1939262.0,2012
0,11,347,352,15074,818499,3602595.0,2012
0,12,388,413,22373,1268297,5578067.0,2012
0,13,188,215,15120,897073,4100508.0,2012
0,14,157,178,17113,964621,4559102.0,2012
0,15,60,80,8796,528700,2497744.0,2012
0,16,53,57,10719,562922,2503511.0,2012
0,17,18,24,4071,252901,1011365.0,2012
0,18,17,49,5596,369691,1587215.0,2012
0,19,33734,33900,260152,13212698,59156355.0,2012
0,20,19,55,6812,413111,1549434.0,2012
0,21,5,8,2030,84909,201634.0,2012
0,22,9,56,3278,160677,636271.0,2012
0,23,5,6,0,0,0.0,2012
0,24,7,55,3175,231915,1027703.0,2012
0,25,8,13,1057,79894,394528.0,2012
0,26,19,49,4138,265369,1332294.0,2012
0,1,28734,29072,193631,9122527,37759038.0,2012
0,2,20043,20043,28293,1339000,7609446.0,2012
0,3,4480,4482,29257,1144587,4992266.0,2012
0,4,1682,1688,19625,809696,3426279.0,2012
0,5,821,828,13647,610677,2404828.0,2012
0,6,27026,27041,90822,3903960,18432819.0,2012
0,7,466,471,10090,478518,1890633.0,2012
0,8,280,286,7450,342715,1345162.0,2012
0,9,216,219,6701,330645,1253085.0,2012
0,10,124,136,4567,219123,828167.0,2012
0,11,167,170,7062,372004,1424689.0,2012
0,12,190,206,10953,546251,2093721.0,2012
0,13,68,76,5467,287320,1283244.0,2012
0,14,80,113,8442,423109,1685666.0,2012
0,15,32,55,4323,239057,1044430.0,2012
0,16,23,60,3939,232573,821482.0,2012
0,17,12,28,0,0,0.0,2012
0,18,10,21,1611,93232,334542.0,2012
0,19,28694,28882,163689,7627852,33146496.0,2012
0,20,7,20,2543,135071,570076.0,2012
0,21,6,17,0,0,0.0,2012
0,22,5,7,2085,80273,163013.0,2012
0,23,3,5,0,209115,447549.0,2012
0,24,2,2,0,0,0.0,2012
0,25,7,78,0,0,0.0,2012
0,26,10,61,15106,665115,0.0,2012
0,1,28734,29072,193631,9122527,37759038.0,2012
0,2,20043,20043,28293,1339000,7609446.0,2012
0,3,4480,4482,29257,1144587,4992266.0,2012
0,4,1682,1688,19625,809696,3426279.0,2012
0,5,821,828,13647,610677,2404828.0,2012
0,6,27026,27041,90822,3903960,18432819.0,2012
0,7,466,471,10090,478518,1890633.0,2012
0,8,280,286,7450,342715,1345162.0,2012
0,9,216,219,6701,330645,1253085.0,2012
0,10,124,136,4567,219123,828167.0,2012
0,11,167,170,7062,372004,1424689.0,2012
0,12,190,206,10953,546251,2093721.0,2012
0,13,68,76,5467,287320,1283244.0,2012
0,14,80,113,8442,423109,1685666.0,2012
0,15,32,55,4323,239057,1044430.0,2012
0,16,23,60,3939,232573,821482.0,2012
0,17,12,28,0,0,0.0,2012
0,18,10,21,1611,93232,334542.0,2012
0,19,28694,28882,163689,7627852,33146496.0,2012
0,20,7,20,2543,135071,570076.0,2012
0,21,6,17,0,0,0.0,2012
0,22,5,7,2085,80273,163013.0,2012
0,23,3,5,0,209115,447549.0,2012
0,24,2,2,0,0,0.0,2012
0,25,7,78,0,0,0.0,2012
0,26,10,61,15106,665115,0.0,2012
0,1,256363,297221,11192043,598562299,5730233884.0,2012
0,2,106932,106993,199847,8311531,46408019.0,2012
0,3,47612,47694,317445,11373994,52345651.0,2012
0,4,23826,23985,279676,10874012,49132102.0,2012
0,5,14738,14929,246984,10217276,45814225.0,2012
0,6,193108,193601,1043952,40776813,193699997.0,2012
0,7,9900,10131,214571,9184472,41554926.0,2012
0,8,7257,7504,192783,8460724,39486137.0,2012
0,9,5537,5777,173278,7826023,36508516.0,2012
0,10,4409,4661,159528,7305740,38463754.0,2012
0,11,6529,7040,281591,12894652,69129151.0,2012
0,12,8958,10191,521848,24145731,127521211.0,2012
0,13,4853,6077,396111,18430603,101777482.0,2012
0,14,5140,7082,573093,27103855,169089814.0,2012
0,15,2491,4087,383711,18398789,113443365.0,2012
0,16,2531,4904,523520,25348467,173213913.0,2012
0,17,1281,2999,364409,18191571,126863210.0,2012
0,18,743,1873,258510,13424134,100457767.0,2012
0,19,252737,265927,5086905,231491574,1331209243.0,2012
0,20,1054,3711,487922,25348187,210087477.0,2012
0,21,544,2465,335640,17604899,141617964.0,2012
0,22,512,2990,430702,22715409,201804371.0,2012
0,23,333,2455,374303,20797387,213469917.0,2012
0,24,186,1746,244331,14265229,162162003.0,2012
0,25,466,4981,889097,50107099,541546686.0,2012
0,26,531,12946,3343143,216232515,2928336223.0,2012
0,1,21621,25798,1414237,54839831,742711541.0,2012
0,2,8271,8278,15486,426509,4176266.0,2012
0,3,4229,4242,28059,591759,5252269.0,2012
0,4,2194,2218,25696,590353,4822150.0,2012
0,5,1245,1272,20511,531085,4489863.0,2012
0,6,15939,16010,89752,2139706,18740548.0,2012
0,7,829,853,17599,489942,3807999.0,2012
0,8,558,581,14541,417647,3529003.0,2012
0,9,428,456,13181,395844,3521143.0,2012
0,10,321,349,11269,354875,3147257.0,2012
0,11,546,616,22784,751770,6822876.0,2012
0,12,737,843,41528,1540804,14837706.0,2012
0,13,430,533,34543,1290010,12948755.0,2012
0,14,479,628,50441,2007667,20494566.0,2012
0,15,242,372,34760,1385754,13576949.0,2012
0,16,293,460,55877,2441162,29779974.0,2012
0,17,181,382,50256,2025322,23461503.0,2012
0,18,96,192,32668,1379805,15799435.0,2012
0,19,21079,22275,469199,16620308,170467714.0,2012
0,20,142,359,62676,2818977,33395002.0,2012
0,21,82,231,49162,1962343,24459240.0,2012
0,22,75,328,60522,2509360,34243145.0,2012
0,23,58,258,60464,2648367,36112128.0,2012
0,24,17,63,13132,598434,10022285.0,2012
0,25,71,529,133754,5256671,76976899.0,2012
0,26,97,1755,565328,22425371,357035128.0,2012
0,1,1100,1690,44419,2173021,57305763.0,2012
0,2,332,333,637,31144,644623.0,2012
0,3,203,203,1386,47775,1038568.0,2012
0,4,112,112,1278,49259,877128.0,2012
0,5,68,70,1087,43597,900634.0,2012
0,6,715,718,4388,171775,3460953.0,2012
0,7,47,51,962,40882,692577.0,2012
0,8,33,38,859,31247,563202.0,2012
0,9,34,39,1106,44502,831929.0,2012
0,10,14,17,472,21526,462465.0,2012
0,11,32,43,1314,65017,1209288.0,2012
0,12,45,62,2166,89365,1670729.0,2012
0,13,18,34,1163,72188,1006513.0,2012
0,14,23,47,1471,62266,1452097.0,2012
0,15,29,66,2920,124087,2129226.0,2012
0,16,26,75,2720,152072,3708001.0,2012
0,17,10,33,0,0,0.0,2012
0,18,8,12,765,32114,865112.0,2012
0,19,1034,1235,21420,965350,20298788.0,2012
0,20,15,59,2210,99663,2016546.0,2012
0,21,6,11,0,99290,1012973.0,2012
0,22,6,25,851,36462,831201.0,2012
0,23,5,11,380,20659,0.0,2012
0,24,1,2,0,0,0.0,2012
0,25,11,30,2871,134808,3163165.0,2012
0,26,22,317,14564,813615,28256780.0,2012
0,1,1100,1690,44419,2173021,57305763.0,2012
0,2,332,333,637,31144,644623.0,2012
0,3,203,203,1386,47775,1038568.0,2012
0,4,112,112,1278,49259,877128.0,2012
0,5,68,70,1087,43597,900634.0,2012
0,6,715,718,4388,171775,3460953.0,2012
0,7,47,51,962,40882,692577.0,2012
0,8,33,38,859,31247,563202.0,2012
0,9,34,39,1106,44502,831929.0,2012
0,10,14,17,472,21526,462465.0,2012
0,11,32,43,1314,65017,1209288.0,2012
0,12,45,62,2166,89365,1670729.0,2012
0,13,18,34,1163,72188,1006513.0,2012
0,14,23,47,1471,62266,1452097.0,2012
0,15,29,66,2920,124087,2129226.0,2012
0,16,26,75,2720,152072,3708001.0,2012
0,17,10,33,0,0,0.0,2012
0,18,8,12,765,32114,865112.0,2012
0,19,1034,1235,21420,965350,20298788.0,2012
0,20,15,59,2210,99663,2016546.0,2012
0,21,6,11,0,99290,1012973.0,2012
0,22,6,25,851,36462,831201.0,2012
0,23,5,11,380,20659,0.0,2012
0,24,1,2,0,0,0.0,2012
0,25,11,30,2871,134808,3163165.0,2012
0,26,22,317,14564,813615,28256780.0,2012
0,1,230,297,17529,922784,21287617.0,2012
0,2,92,92,146,6888,130821.0,2012
0,3,34,34,235,7551,137122.0,2012
0,4,11,11,125,4454,101034.0,2012
0,5,8,8,135,4096,78280.0,2012
0,6,145,145,641,22989,447257.0,2012
0,7,8,8,175,7337,129985.0,2012
0,8,9,10,228,6140,97019.0,2012
0,9,6,6,192,7164,69410.0,2012
0,10,2,2,0,0,0.0,2012
0,11,5,6,197,10003,108432.0,2012
0,12,8,8,452,12514,211925.0,2012
0,13,1,1,0,0,0.0,2012
0,14,5,9,0,0,0.0,2012
0,15,10,14,1412,48699,681084.0,2012
0,16,7,13,1181,61277,1616197.0,2012
0,17,2,2,0,0,0.0,2012
0,18,3,3,118,5188,0.0,2012
0,19,211,227,5509,221631,4185253.0,2012
0,20,3,6,0,0,0.0,2012
0,21,3,8,0,93713,770562.0,2012
0,22,2,2,0,0,0.0,2012
0,25,3,7,0,0,0.0,2012
0,26,8,47,7484,478566,14419913.0,2012
0,1,878,1393,26890,1250237,36018146.0,2012
0,2,240,241,491,24256,513802.0,2012
0,3,169,169,1151,40224,901446.0,2012
0,4,101,101,1153,44805,776094.0,2012
0,5,60,62,952,39501,822354.0,2012
0,6,570,573,3747,148786,3013696.0,2012
0,7,39,43,787,33545,562592.0,2012
0,8,24,28,631,25107,466183.0,2012
0,9,28,33,914,37338,762519.0,2012
0,10,12,15,406,18497,350247.0,2012
0,11,27,37,1117,55014,1100856.0,2012
0,12,37,54,1714,76851,1458804.0,2012
0,13,17,33,1063,64475,958064.0,2012
0,14,18,38,1035,46137,1145551.0,2012
0,15,21,52,1508,75388,1448142.0,2012
0,16,19,62,1539,90795,2091804.0,2012
0,17,8,31,803,44860,2163316.0,2012
0,18,5,9,647,26926,591761.0,2012
0,19,825,1008,15911,743719,16113535.0,2012
0,20,13,53,1248,53704,1578553.0,2012
0,21,3,3,0,0,0.0,2012
0,22,5,23,654,25238,679578.0,2012
0,23,5,11,380,20659,0.0,2012
0,24,1,2,0,0,0.0,2012
0,25,9,23,1432,63117,1840892.0,2012
0,26,17,270,7080,335049,13836867.0,2012
0,1,450,814,54170,3094722,103912513.0,2012
0,2,132,132,280,14221,523911.0,2012
0,3,56,56,367,14366,389988.0,2012
0,4,29,29,325,12243,324692.0,2012
0,5,27,27,460,22601,417229.0,2012
0,6,244,244,1432,63431,1655820.0,2012
0,7,17,17,346,11768,206523.0,2012
0,8,10,11,246,10555,159653.0,2012
0,9,7,7,220,11551,350995.0,2012
0,10,8,9,262,10657,229882.0,2012
0,11,16,17,0,27432,396472.0,2012
0,12,26,36,1529,75510,1363082.0,2012
0,13,14,21,1099,66644,1822334.0,2012
0,14,18,29,1882,91893,2422848.0,2012
0,15,11,18,1356,57960,1682511.0,2012
0,16,14,27,2170,128053,3291630.0,2012
0,17,11,37,2386,150841,2647559.0,2012
0,18,4,9,997,44545,2053498.0,2012
0,19,400,482,14488,750840,18282807.0,2012
0,20,6,19,1480,85601,1898349.0,2012
0,21,4,7,0,0,0.0,2012
0,22,6,17,1088,60755,0.0,2012
0,23,3,14,3048,204100,3451799.0,2012
0,24,3,15,0,0,0.0,2012
0,25,10,43,0,344195,0.0,2012
0,26,18,217,23252,1445251,56111769.0,2012
0,1,229,402,15756,815478,20625979.0,2012
0,2,64,64,138,9067,231441.0,2012
0,3,26,26,169,5210,135386.0,2012
0,4,15,15,170,6676,126720.0,2012
0,5,13,13,225,13645,125011.0,2012
0,6,118,118,702,34598,618558.0,2012
0,7,9,9,177,5488,65121.0,2012
0,8,4,5,119,4256,0.0,2012
0,9,4,4,126,5944,81228.0,2012
0,10,7,8,240,9523,122714.0,2012
0,11,8,8,318,15601,210838.0,2012
0,12,14,20,0,0,0.0,2012
0,13,6,10,384,23699,850659.0,2012
0,14,12,20,1188,56041,1373843.0,2012
0,15,7,13,805,29322,565283.0,2012
0,16,10,20,1254,74359,1435138.0,2012
0,17,7,29,1645,107439,2075526.0,2012
0,19,206,264,7768,401804,8069634.0,2012
0,20,4,16,0,0,0.0,2012
0,21,2,2,0,0,0.0,2012
0,22,3,4,214,10434,146039.0,2012
0,23,1,3,0,0,0.0,2012
0,24,1,1,0,0,0.0,2012
0,25,2,6,0,0,0.0,2012
0,26,10,106,5387,292121,9904326.0,2012
0,1,165,302,10953,572176,15457281.0,2012
0,2,49,49,102,6712,187124.0,2012
0,3,22,22,146,4498,124109.0,2012
0,4,10,10,109,4015,78347.0,2012
0,5,8,8,133,7894,81026.0,2012
0,6,89,89,490,23119,470606.0,2012
0,7,6,6,113,3796,33014.0,2012
0,8,4,5,119,4256,0.0,2012
0,9,4,4,126,5944,81228.0,2012
0,10,4,4,152,6401,85893.0,2012
0,11,5,5,196,9478,113677.0,2012
0,12,10,16,0,0,0.0,2012
0,13,5,9,311,20070,753542.0,2012
0,14,6,8,0,26764,0.0,2012
0,15,4,6,393,10992,243539.0,2012
0,16,6,15,0,0,0.0,2012
0,17,6,23,1340,85506,1758673.0,2012
0,19,149,190,5033,255711,5384545.0,2012
0,20,2,4,0,0,0.0,2012
0,21,1,1,0,0,0.0,2012
0,22,3,4,214,10434,146039.0,2012
0,25,2,5,0,0,0.0,2012
0,26,8,98,4916,265909,8950370.0,2012
0,1,50,68,3631,170800,3732112.0,2012
0,2,8,8,24,1997,36855.0,2012
0,3,4,4,0,712,11277.0,2012
0,4,5,5,0,2661,48373.0,2012
0,5,4,4,0,4727,31091.0,2012
0,6,21,21,180,10097,127596.0,2012
0,7,2,2,0,0,0.0,2012
0,10,2,3,0,0,0.0,2012
0,11,2,2,0,0,0.0,2012
0,12,4,4,0,0,0.0,2012
0,13,1,1,0,0,0.0,2012
0,14,5,7,492,22235,643572.0,2012
0,15,1,3,0,0,0.0,2012
0,16,3,4,498,27325,0.0,2012
0,19,41,47,1771,86484,1654873.0,2012
0,20,2,12,0,0,0.0,2012
0,21,1,1,0,0,0.0,2012
0,23,1,3,0,0,0.0,2012
0,24,1,1,0,0,0.0,2012
0,25,1,1,0,0,0.0,2012
0,26,3,3,263,13319,547586.0,2012
0,1,19,32,1172,72502,1436586.0,2012
0,2,7,7,0,358,7462.0,2012
0,5,1,1,0,0,0.0,2012
0,6,8,8,0,1382,20356.0,2012
0,7,1,1,0,0,0.0,2012
0,10,1,1,0,0,0.0,2012
0,11,1,1,0,0,0.0,2012
0,14,2,5,0,0,0.0,2012
0,15,2,4,0,0,0.0,2012
0,16,1,1,0,0,0.0,2012
0,17,1,6,0,0,0.0,2012
0,19,17,27,964,59609,1030216.0,2012
0,26,2,5,0,0,0.0,2012
0,1,195,349,24684,1430889,71831187.0,2012
0,2,55,55,116,4450,276741.0,2012
0,3,25,25,166,8424,241879.0,2012
0,4,14,14,155,5567,197972.0,2012
0,5,12,12,203,7898,281162.0,2012
0,6,106,106,640,26339,997754.0,2012
0,7,8,8,169,6280,0.0,2012
0,8,6,6,127,6299,83890.0,2012
0,9,3,3,94,5607,269767.0,2012
0,10,1,1,0,0,0.0,2012
0,11,7,8,0,0,0.0,2012
0,12,11,15,657,36999,719548.0,2012
0,13,7,10,621,38443,933612.0,2012
0,14,6,9,694,35852,1049005.0,2012
0,15,4,5,551,28638,1117228.0,2012
0,16,2,4,0,0,0.0,2012
0,17,3,6,0,0,0.0,2012
0,18,4,9,997,44545,2053498.0,2012
0,19,168,190,5772,304030,9800740.0,2012
0,20,2,3,0,0,0.0,2012
0,21,1,2,0,0,0.0,2012
0,22,4,13,0,0,0.0,2012
0,23,2,6,0,0,0.0,2012
0,24,3,14,0,0,0.0,2012
0,25,6,28,0,0,0.0,2012
0,26,9,93,10012,575279,37297198.0,2012
0,1,31,63,6687,487486,12359066.0,2012
0,2,11,11,0,988,31010.0,2012
0,4,1,1,0,0,0.0,2012
0,5,3,3,50,1965,44994.0,2012
0,6,15,15,0,3342,88476.0,2012
0,7,3,3,0,0,0.0,2012
0,8,1,1,0,0,0.0,2012
0,11,1,1,0,0,0.0,2012
0,12,1,2,0,0,0.0,2012
0,13,1,3,0,0,0.0,2012
0,14,2,5,0,0,0.0,2012
0,17,1,4,0,0,0.0,2012
0,19,25,34,854,48317,782356.0,2012
0,20,1,2,0,0,0.0,2012
0,23,1,5,0,0,0.0,2012
0,24,1,10,0,0,0.0,2012
0,26,3,12,0,0,0.0,2012
0,1,84,153,7893,438800,41252441.0,2012
0,2,26,26,57,2292,213316.0,2012
0,3,11,11,0,2720,154397.0,2012
0,4,7,7,79,2843,120514.0,2012
0,5,5,5,84,3163,176305.0,2012
0,6,49,49,298,11018,664532.0,2012
0,7,2,2,0,0,0.0,2012
0,8,3,3,0,0,0.0,2012
0,9,1,1,0,0,0.0,2012
0,10,1,1,0,0,0.0,2012
0,12,3,3,0,0,0.0,2012
0,13,4,5,370,21991,572758.0,2012
0,14,2,2,0,0,0.0,2012
0,15,1,2,0,0,0.0,2012
0,16,1,3,0,0,0.0,2012
0,18,2,3,0,0,0.0,2012
0,19,69,74,2016,100983,4751600.0,2012
0,20,1,1,0,0,0.0,2012
0,22,2,10,0,0,0.0,2012
0,23,1,1,0,0,0.0,2012
0,24,2,2,0,0,0.0,2012
0,25,4,12,0,0,0.0,2012
0,26,5,53,3406,195541,21801251.0,2012
0,1,90,133,10104,504603,18219680.0,2012
0,2,18,18,28,1170,32415.0,2012
0,3,14,14,88,5704,87482.0,2012
0,4,6,6,65,2335,64986.0,2012
0,5,4,4,69,2770,59863.0,2012
0,6,42,42,250,11979,244746.0,2012
0,7,3,3,61,1619,0.0,2012
0,8,2,2,0,0,0.0,2012
0,9,2,2,0,0,0.0,2012
0,11,6,7,0,0,0.0,2012
0,12,7,10,425,27604,477833.0,2012
0,13,2,2,0,0,0.0,2012
0,14,2,2,0,0,0.0,2012
0,15,3,3,397,17194,452786.0,2012
0,16,1,1,0,0,0.0,2012
0,17,2,2,0,0,0.0,2012
0,18,3,6,0,0,0.0,2012
0,19,75,82,2902,154730,4266784.0,2012
0,21,1,2,0,0,0.0,2012
0,22,2,3,0,0,0.0,2012
0,24,1,2,0,0,0.0,2012
0,25,3,16,0,0,0.0,2012
0,26,8,28,3488,174734,8948658.0,2012
0,1,37,63,0,0,0.0,2012
0,2,13,13,0,704,15729.0,2012
0,3,5,5,0,0,0.0,2012
0,5,2,2,0,0,0.0,2012
0,6,20,20,90,2494,39508.0,2012
0,11,1,1,0,0,0.0,2012
0,12,1,1,0,0,0.0,2012
0,13,1,1,0,0,0.0,2012
0,16,2,3,0,0,0.0,2012
0,17,2,2,0,0,0.0,2012
0,19,27,28,948,45006,412433.0,2012
0,21,1,3,0,0,0.0,2012
0,23,1,5,0,0,0.0,2012
0,25,4,9,2912,94665,935458.0,2012
0,26,4,18,0,0,0.0,2012
0,1,37,63,0,0,0.0,2012
0,2,13,13,0,704,15729.0,2012
0,3,5,5,0,0,0.0,2012
0,5,2,2,0,0,0.0,2012
0,6,20,20,90,2494,39508.0,2012
0,11,1,1,0,0,0.0,2012
0,12,1,1,0,0,0.0,2012
0,13,1,1,0,0,0.0,2012
0,16,2,3,0,0,0.0,2012
0,17,2,2,0,0,0.0,2012
0,19,27,28,948,45006,412433.0,2012
0,21,1,3,0,0,0.0,2012
0,23,1,5,0,0,0.0,2012
0,25,4,9,2912,94665,935458.0,2012
0,26,4,18,0,0,0.0,2012
0,1,1724,1907,70789,3045643,34549186.0,2012
0,2,629,632,1166,26649,125990.0,2012
0,3,380,387,2526,43565,218782.0,2012
0,4,196,203,2327,43318,236298.0,2012
0,5,113,125,1820,39674,179034.0,2012
0,6,1318,1347,7839,153206,760104.0,2012
0,7,72,82,1522,35533,174417.0,2012
0,8,47,49,1129,23024,119201.0,2012
0,9,29,32,870,17548,0.0,2012
0,10,17,19,617,20841,171298.0,2012
0,11,31,42,1218,33095,190192.0,2012
0,12,48,49,2418,94657,694323.0,2012
0,13,22,29,1830,72845,683787.0,2012
0,14,37,47,3766,136610,1214181.0,2012
0,15,22,34,3136,125162,1052872.0,2012
0,16,18,26,3527,147427,1216161.0,2012
0,17,9,15,0,0,0.0,2012
0,18,6,7,1435,81330,1025126.0,2012
0,19,1676,1778,31848,1050889,8232402.0,2012
0,20,11,20,4723,288644,3446048.0,2012
0,21,5,15,3408,144115,1344056.0,2012
0,22,5,18,3165,164031,2697066.0,2012
0,23,3,13,3694,229052,3271057.0,2012
0,24,2,2,0,0,0.0,2012
0,25,7,18,5201,156980,1278431.0,2012
0,26,15,43,18059,969984,13447132.0,2012
0,1,48,83,12372,680504,10561036.0,2012
0,2,5,5,0,1189,8553.0,2012
0,3,5,5,0,826,5594.0,2012
0,4,1,1,0,0,0.0,2012
0,5,2,2,0,0,0.0,2012
0,6,13,13,91,3407,23860.0,2012
0,8,1,1,0,0,0.0,2012
0,9,1,1,0,0,0.0,2012
0,10,1,1,0,0,0.0,2012
0,11,2,5,0,0,0.0,2012
0,12,4,4,0,0,0.0,2012
0,13,5,7,382,20912,390026.0,2012
0,14,3,3,371,17596,577787.0,2012
0,15,2,3,0,0,0.0,2012
0,17,2,5,0,0,0.0,2012
0,18,2,3,0,0,0.0,2012
0,19,36,46,3074,175840,2669386.0,2012
0,20,3,3,0,0,0.0,2012
0,21,2,8,0,0,0.0,2012
0,22,2,10,0,0,0.0,2012
0,23,3,13,3694,229052,3271057.0,2012
0,24,1,1,0,0,0.0,2012
0,26,1,2,0,0,0.0,2012
0,1,15,31,5790,270777,4621777.0,2012
0,3,1,1,0,0,0.0,2012
0,5,1,1,0,0,0.0,2012
0,6,2,2,0,0,0.0,2012
0,8,1,1,0,0,0.0,2012
0,9,1,1,0,0,0.0,2012
0,11,1,1,0,0,0.0,2012
0,12,2,2,0,0,0.0,2012
0,18,2,3,0,0,0.0,2012
0,19,9,10,1055,67236,979131.0,2012
0,21,1,5,0,0,0.0,2012
0,22,2,10,0,0,0.0,2012
0,23,2,5,0,0,0.0,2012
0,26,1,1,0,0,0.0,2012
0,1,35,52,6582,409727,5939259.0,2012
0,2,5,5,0,1189,8553.0,2012
0,3,4,4,0,574,4358.0,2012
0,4,1,1,0,0,0.0,2012
0,5,1,1,0,0,0.0,2012
0,6,11,11,63,2728,18710.0,2012
0,10,1,1,0,0,0.0,2012
0,11,1,4,0,0,0.0,2012
0,12,2,2,0,0,0.0,2012
0,13,5,7,382,20912,390026.0,2012
0,14,3,3,371,17596,577787.0,2012
0,15,2,3,0,0,0.0,2012
0,17,2,5,0,0,0.0,2012
0,19,27,36,2019,108604,1690255.0,2012
0,20,3,3,0,0,0.0,2012
0,21,1,3,0,0,0.0,2012
0,23,2,8,0,0,0.0,2012
0,24,1,1,0,0,0.0,2012
0,26,1,1,0,0,0.0,2012
0,1,426,445,20419,943667,9154362.0,2012
0,2,175,175,279,6741,39889.0,2012
0,3,77,78,518,12602,91493.0,2012
0,4,41,41,464,9999,66693.0,2012
0,5,19,20,289,6563,45242.0,2012
0,6,312,314,1550,35905,243317.0,2012
0,7,18,18,404,14161,82689.0,2012
0,8,10,10,249,7273,50596.0,2012
0,9,4,4,0,0,0.0,2012
0,10,4,4,150,5873,24936.0,2012
0,11,11,13,466,12263,69749.0,2012
0,12,11,11,566,27650,217833.0,2012
0,13,3,3,0,0,0.0,2012
0,14,15,15,1709,56320,373101.0,2012
0,15,8,10,1128,43203,391422.0,2012
0,16,5,5,1094,42199,457962.0,2012
0,17,3,4,0,0,0.0,2012
0,18,2,2,0,0,0.0,2012
0,19,406,413,9008,327898,2482954.0,2012
0,20,3,4,1468,98930,629025.0,2012
0,21,1,2,0,0,0.0,2012
0,22,2,3,0,0,0.0,2012
0,25,5,6,0,0,0.0,2012
0,26,9,17,8173,448201,5423662.0,2012
0,1,426,445,20419,943667,9154362.0,2012
0,2,175,175,279,6741,39889.0,2012
0,3,77,78,518,12602,91493.0,2012
0,4,41,41,464,9999,66693.0,2012
0,5,19,20,289,6563,45242.0,2012
0,6,312,314,1550,35905,243317.0,2012
0,7,18,18,404,14161,82689.0,2012
0,8,10,10,249,7273,50596.0,2012
0,9,4,4,0,0,0.0,2012
0,10,4,4,150,5873,24936.0,2012
0,11,11,13,466,12263,69749.0,2012
0,12,11,11,566,27650,217833.0,2012
0,13,3,3,0,0,0.0,2012
0,14,15,15,1709,56320,373101.0,2012
0,15,8,10,1128,43203,391422.0,2012
0,16,5,5,1094,42199,457962.0,2012
0,17,3,4,0,0,0.0,2012
0,18,2,2,0,0,0.0,2012
0,19,406,413,9008,327898,2482954.0,2012
0,20,3,4,1468,98930,629025.0,2012
0,21,1,2,0,0,0.0,2012
0,22,2,3,0,0,0.0,2012
0,25,5,6,0,0,0.0,2012
0,26,9,17,8173,448201,5423662.0,2012
0,1,1263,1379,37998,1421472,14833788.0,2012
0,2,449,452,879,18719,77548.0,2012
0,3,298,304,1977,30137,121695.0,2012
0,4,156,161,1851,32671,166705.0,2012
0,5,92,103,1491,32367,126979.0,2012
0,6,995,1020,6198,113894,492927.0,2012
0,7,54,64,1118,21372,91728.0,2012
0,8,36,38,857,14803,60167.0,2012
0,9,24,27,712,12001,44082.0,2012
0,10,12,14,425,12342,0.0,2012
0,11,18,24,661,15319,62505.0,2012
0,12,33,34,1692,55261,309141.0,2012
0,13,14,19,1172,34428,194240.0,2012
0,14,19,29,1686,62694,263293.0,2012
0,15,14,21,1705,60990,350212.0,2012
0,16,13,21,2433,105228,758199.0,2012
0,17,4,6,1042,36263,267180.0,2012
0,18,2,2,0,0,0.0,2012
0,19,1238,1319,19766,547151,3080062.0,2012
0,20,6,13,2170,113257,1923107.0,2012
0,21,2,5,0,0,0.0,2012
0,22,2,5,0,0,0.0,2012
0,24,1,1,0,0,0.0,2012
0,25,5,12,4270,120679,819062.0,2012
0,26,9,24,9623,509632,7884093.0,2012
0,1,161,172,8531,412013,6256895.0,2012
0,2,71,71,118,2452,15348.0,2012
0,3,30,30,177,3395,21900.0,2012
0,4,20,20,242,7459,73226.0,2012
0,5,5,5,84,2967,17111.0,2012
0,6,126,126,621,16273,127585.0,2012
0,7,4,4,81,2662,18521.0,2012
0,9,4,4,0,0,0.0,2012
0,10,1,1,0,0,0.0,2012
0,11,1,1,0,0,0.0,2012
0,12,4,4,193,4673,11759.0,2012
0,13,2,2,0,0,0.0,2012
0,14,2,2,0,0,0.0,2012
0,15,1,1,0,0,0.0,2012
0,16,2,2,0,0,0.0,2012
0,17,1,1,0,0,0.0,2012
0,18,1,1,0,0,0.0,2012
0,19,149,149,2238,84839,616243.0,2012
0,20,3,10,1486,86956,0.0,2012
0,22,2,2,0,0,0.0,2012
0,25,2,3,0,0,0.0,2012
0,26,5,8,3762,182547,3554807.0,2012
0,1,1110,1207,29467,1009459,8576893.0,2012
0,2,379,381,761,16267,62200.0,2012
0,3,268,274,1800,26742,99795.0,2012
0,4,136,141,1609,25212,93479.0,2012
0,5,87,98,1407,29400,109868.0,2012
0,6,870,894,5577,97621,365342.0,2012
0,7,50,60,1037,18710,73207.0,2012
0,8,36,38,857,14803,60167.0,2012
0,9,20,23,586,9325,28115.0,2012
0,10,11,13,392,10622,0.0,2012
0,11,17,23,618,14069,57310.0,2012
0,12,30,30,1499,50588,297382.0,2012
0,13,12,17,986,26813,155685.0,2012
0,14,17,27,1564,59766,253081.0,2012
0,15,14,20,1687,60201,348680.0,2012
0,16,11,19,1966,72603,490253.0,2012
0,17,3,5,0,0,0.0,2012
0,18,1,1,0,0,0.0,2012
0,19,1092,1170,17528,462312,2463819.0,2012
0,20,3,3,0,0,0.0,2012
0,21,2,5,0,0,0.0,2012
0,22,1,3,0,0,0.0,2012
0,24,1,1,0,0,0.0,2012
0,25,4,9,0,0,0.0,2012
0,26,7,16,5861,327085,4329286.0,2012
0,1,1339,1702,152540,6450730,69458262.0,2012
0,2,377,377,683,22955,224501.0,2012
0,3,172,172,1137,35508,301303.0,2012
0,4,121,122,1440,41483,400702.0,2012
0,5,66,66,1103,40937,282175.0,2012
0,6,736,737,4363,140883,1208681.0,2012
0,7,51,51,1132,41798,320407.0,2012
0,8,32,32,864,32821,291857.0,2012
0,9,36,37,1126,43973,346608.0,2012
0,10,33,34,1173,41721,342153.0,2012
0,11,45,47,1988,71206,632660.0,2012
0,12,88,94,5208,206589,1644025.0,2012
0,13,42,47,3440,124647,1209175.0,2012
0,14,45,53,5027,207154,1716844.0,2012
0,15,28,36,3922,150463,1403978.0,2012
0,16,44,59,7907,324593,4039944.0,2012
0,17,32,50,9317,346834,3605342.0,2012
0,18,19,35,6392,240474,2114503.0,2012
0,19,1231,1312,51859,1973156,18876177.0,2012
0,20,25,46,10440,511517,5287603.0,2012
0,21,16,47,6756,270554,2554929.0,2012
0,22,13,56,8371,361733,3793114.0,2012
0,23,13,37,9669,367378,3748510.0,2012
0,24,4,15,4590,185615,1408439.0,2012
0,25,14,83,16396,828117,8198379.0,2012
0,26,23,106,44459,1952660,25591111.0,2012
0,1,528,684,83607,3069379,28759418.0,2012
0,2,96,96,177,6783,60520.0,2012
0,3,67,67,447,15009,117732.0,2012
0,4,54,54,640,19624,211516.0,2012
0,5,27,27,467,15810,110491.0,2012
0,6,244,244,1731,57226,500259.0,2012
0,7,24,24,505,16759,124808.0,2012
0,8,15,15,405,16591,184246.0,2012
0,9,9,9,293,7434,44777.0,2012
0,10,11,12,364,11658,91304.0,2012
0,11,26,27,1159,36782,300128.0,2012
0,12,37,41,2149,78222,543907.0,2012
0,13,21,24,1631,58734,624751.0,2012
0,14,14,16,1627,47933,357351.0,2012
0,15,16,17,2274,71024,515304.0,2012
0,16,25,30,4595,167514,1353093.0,2012
0,17,17,27,4804,162391,1708607.0,2012
0,18,10,15,3644,118973,996795.0,2012
0,19,469,501,25181,851241,7345330.0,2012
0,20,10,15,3282,136835,1206576.0,2012
0,21,7,15,3182,91954,681410.0,2012
0,22,7,19,2848,87638,821412.0,2012
0,23,8,17,5836,209610,1733553.0,2012
0,24,4,15,4590,185615,1408439.0,2012
0,25,8,31,0,0,0.0,2012
0,26,15,71,30503,1155173,12094996.0,2012
0,1,148,221,29327,1083747,11572097.0,2012
0,2,23,23,35,1220,12388.0,2012
0,3,17,17,0,7259,51770.0,2012
0,4,12,12,146,6795,84291.0,2012
0,5,5,5,87,5521,35732.0,2012
0,6,57,57,376,20795,184181.0,2012
0,7,7,7,0,0,0.0,2012
0,8,5,5,133,8677,132377.0,2012
0,9,3,3,0,0,0.0,2012
0,10,2,2,0,0,0.0,2012
0,11,8,9,377,12119,105112.0,2012
0,12,7,7,336,15398,138421.0,2012
0,13,6,9,505,21673,177387.0,2012
0,14,5,7,600,16947,128587.0,2012
0,15,3,3,332,12316,113558.0,2012
0,16,10,11,2020,70072,672648.0,2012
0,17,8,15,2240,82587,981729.0,2012
0,18,5,6,1996,54148,0.0,2012
0,19,126,141,9234,325379,3161463.0,2012
0,20,4,8,1065,44764,410352.0,2012
0,21,2,9,0,0,0.0,2012
0,22,4,16,2552,75654,705484.0,2012
0,23,2,7,0,0,0.0,2012
0,24,2,3,0,0,0.0,2012
0,25,5,17,0,0,0.0,2012
0,26,3,20,8176,308290,3615164.0,2012
0,1,389,463,54280,1985632,17187321.0,2012
0,2,73,73,142,5563,48132.0,2012
0,3,50,50,339,7750,65962.0,2012
0,4,42,42,494,12829,127225.0,2012
0,5,22,22,380,10289,74759.0,2012
0,6,187,187,1355,36431,316078.0,2012
0,7,17,17,364,11549,77955.0,2012
0,8,10,10,272,7914,51869.0,2012
0,9,6,6,188,4097,25994.0,2012
0,10,9,10,291,9558,75742.0,2012
0,11,18,18,782,24663,195016.0,2012
0,12,30,34,1813,62824,405486.0,2012
0,13,15,15,1126,37061,447364.0,2012
0,14,9,9,0,30986,228764.0,2012
0,15,13,14,1942,58708,401746.0,2012
0,16,16,19,2575,97442,680445.0,2012
0,17,9,12,2564,79804,726878.0,2012
0,18,7,9,1648,64825,550530.0,2012
0,19,346,360,15947,525862,4183867.0,2012
0,20,6,7,2217,92071,796224.0,2012
0,21,5,6,2091,59133,432849.0,2012
0,22,3,3,0,0,0.0,2012
0,23,6,10,3591,122381,928156.0,2012
0,24,3,12,0,0,0.0,2012
0,25,5,14,0,0,0.0,2012
0,26,15,51,22327,846883,8479832.0,2012
0,1,832,1018,68933,3381351,40698844.0,2012
0,2,281,281,506,16172,163981.0,2012
0,3,105,105,690,20499,183571.0,2012
0,4,67,68,800,21859,189186.0,2012
0,5,39,39,636,25127,171684.0,2012
0,6,492,493,2632,83657,708422.0,2012
0,7,27,27,627,25039,195599.0,2012
0,8,17,17,459,16230,107611.0,2012
0,9,27,28,833,36539,301831.0,2012
0,10,22,22,809,30063,250849.0,2012
0,11,19,20,829,34424,332532.0,2012
0,12,52,53,3059,128367,1100118.0,2012
0,13,21,23,1809,65913,584424.0,2012
0,14,31,37,3400,159221,1359493.0,2012
0,15,14,19,1648,79439,888674.0,2012
0,16,19,29,3312,157079,2686851.0,2012
0,17,17,23,4513,184443,1896735.0,2012
0,18,9,20,2748,121501,1117708.0,2012
0,19,767,811,26678,1121915,11530847.0,2012
0,20,16,31,7158,374682,4081027.0,2012
0,21,10,32,3574,178600,1873519.0,2012
0,22,10,37,5523,274095,2971702.0,2012
0,23,6,20,3833,157768,2014957.0,2012
0,25,10,52,8211,476804,4730677.0,2012
0,26,13,35,13956,797487,13496115.0,2012
0,1,575,693,42282,2133559,23959610.0,2012
0,2,209,209,374,10970,118762.0,2012
0,3,76,76,489,14589,137595.0,2012
0,4,41,41,486,12599,104188.0,2012
0,5,28,28,438,19276,128413.0,2012
0,6,354,354,1787,57434,488958.0,2012
0,7,17,17,396,15852,114901.0,2012
0,8,14,14,374,12044,83402.0,2012
0,9,15,15,457,19049,146774.0,2012
0,10,13,13,482,19302,177371.0,2012
0,11,11,11,418,18203,147806.0,2012
0,12,34,35,1989,79879,750442.0,2012
0,13,12,14,976,39585,391608.0,2012
0,14,20,26,2286,108590,980242.0,2012
0,15,10,13,1127,56901,722333.0,2012
0,16,14,20,2245,90153,939334.0,2012
0,17,11,14,2934,125823,1355520.0,2012
0,18,7,12,1862,86861,799944.0,2012
0,19,532,558,17333,729676,7098635.0,2012
0,20,10,20,4634,268903,2600049.0,2012
0,21,5,14,1613,84973,976924.0,2012
0,22,6,18,2810,139233,1796069.0,2012
0,23,4,15,2366,96704,1283773.0,2012
0,25,7,44,6565,421828,4040682.0,2012
0,26,11,24,6961,392242,6163478.0,2012
0,1,106,120,12641,667587,10234423.0,2012
0,2,36,36,73,2385,22060.0,2012
0,3,12,12,74,1474,13838.0,2012
0,4,13,13,157,4609,42496.0,2012
0,5,2,2,0,0,0.0,2012
0,6,63,63,340,9243,88968.0,2012
0,7,3,3,73,2250,21733.0,2012
0,8,1,1,0,0,0.0,2012
0,9,2,2,0,0,0.0,2012
0,10,4,4,145,5140,44190.0,2012
0,11,1,1,0,0,0.0,2012
0,12,5,5,310,11334,0.0,2012
0,13,1,1,0,0,0.0,2012
0,14,6,6,528,28707,254212.0,2012
0,15,1,2,0,0,0.0,2012
0,16,1,1,0,0,0.0,2012
0,17,4,4,0,0,0.0,2012
0,19,92,93,2663,121007,1047902.0,2012
0,20,3,5,1463,70788,1129074.0,2012
0,21,3,4,379,16400,223879.0,2012
0,22,2,6,0,0,0.0,2012
0,25,2,3,0,0,0.0,2012
0,26,4,9,6657,387032,0.0,2012
0,1,167,205,14010,580205,6504811.0,2012
0,2,36,36,0,2817,23159.0,2012
0,3,17,17,0,4436,32138.0,2012
0,4,13,14,157,4651,42502.0,2012
0,5,9,9,0,5076,32697.0,2012
0,6,75,76,505,16980,130496.0,2012
0,7,7,7,158,6937,58965.0,2012
0,8,2,2,0,0,0.0,2012
0,9,10,11,306,15518,136881.0,2012
0,10,5,5,182,5621,29288.0,2012
0,11,8,8,365,15180,171742.0,2012
0,12,13,13,760,37154,263989.0,2012
0,13,8,8,751,24148,181629.0,2012
0,14,5,5,586,21924,125039.0,2012
0,15,3,4,353,9311,89443.0,2012
0,16,4,8,775,54165,1635743.0,2012
0,17,3,5,0,0,0.0,2012
0,18,3,8,0,0,0.0,2012
0,19,146,160,6682,271232,3384310.0,2012
0,20,4,6,1061,34991,351904.0,2012
0,21,2,14,0,0,0.0,2012
0,22,5,13,1957,92379,829014.0,2012
0,23,3,5,1467,61064,731184.0,2012
0,25,5,5,923,25099,397900.0,2012
0,26,2,2,0,0,0.0,2012
0,1,1093,1607,133670,6476885,107954846.0,2012
0,2,306,306,497,25547,307809.0,2012
0,3,166,166,1130,28468,433678.0,2012
0,4,93,95,1117,31066,383983.0,2012
0,5,69,69,1176,39906,598363.0,2012
0,6,634,636,3920,124987,1723833.0,2012
0,7,39,40,850,22071,312992.0,2012
0,8,31,32,816,27962,442686.0,2012
0,9,22,22,632,21980,316085.0,2012
0,10,20,23,640,24252,298441.0,2012
0,11,44,49,1894,72115,961490.0,2012
0,12,56,62,3234,132334,2087102.0,2012
0,13,36,41,2726,118202,1476385.0,2012
0,14,50,56,4838,218531,3583079.0,2012
0,15,21,25,2820,124352,1469942.0,2012
0,16,21,35,4134,229698,4122350.0,2012
0,17,20,41,5305,230188,3219067.0,2012
0,18,13,21,3777,166301,2782492.0,2012
0,19,1007,1083,35586,1512973,22795944.0,2012
0,20,18,50,7180,377765,6391744.0,2012
0,21,7,31,3422,173456,4836648.0,2012
0,22,9,55,7717,397165,7511650.0,2012
0,23,9,46,10718,536729,12377131.0,2012
0,24,2,3,0,0,0.0,2012
0,25,15,105,20703,971372,14202992.0,2012
0,26,26,234,48170,2499586,39729965.0,2012
0,1,760,1216,114496,5674826,100742897.0,2012
0,2,168,168,306,13016,215972.0,2012
0,3,107,107,725,20712,372495.0,2012
0,4,55,55,667,21802,322321.0,2012
0,5,49,49,830,31615,494896.0,2012
0,6,379,379,2528,87145,1405684.0,2012
0,7,28,28,620,18661,297334.0,2012
0,8,26,26,678,22830,407299.0,2012
0,9,18,18,552,19711,298973.0,2012
0,10,17,20,563,22456,282906.0,2012
0,11,33,35,1448,56119,854424.0,2012
0,12,49,55,2907,123940,2048805.0,2012
0,13,30,35,2315,102139,1369207.0,2012
0,14,41,46,4189,194502,3354473.0,2012
0,15,14,17,2098,103604,1322329.0,2012
0,16,20,34,4108,228509,4113068.0,2012
0,17,19,40,4962,215414,3125961.0,2012
0,18,9,16,2728,132979,2464946.0,2012
0,19,683,749,29696,1328009,21345409.0,2012
0,20,17,48,7012,370265,6336802.0,2012
0,21,7,26,3187,163479,4758793.0,2012
0,22,9,55,7717,397165,7511650.0,2012
0,23,9,45,10708,536718,12377021.0,2012
0,24,1,2,0,0,0.0,2012
0,25,12,90,17145,816527,12745063.0,2012
0,26,22,201,38907,2057677,35600683.0,2012
0,1,246,442,51709,2626743,37039369.0,2012
0,2,45,45,72,3530,42314.0,2012
0,3,29,29,200,5215,64060.0,2012
0,4,13,13,0,5252,61181.0,2012
0,5,10,10,174,7373,92936.0,2012
0,6,97,97,605,21370,260491.0,2012
0,7,8,8,171,4598,47005.0,2012
0,8,5,5,118,4530,53614.0,2012
0,9,5,5,154,5076,62527.0,2012
0,10,5,5,188,7482,72533.0,2012
0,11,14,15,631,26030,461952.0,2012
0,12,20,20,1119,48621,711244.0,2012
0,13,8,10,590,21876,225425.0,2012
0,14,12,12,1370,66023,872326.0,2012
0,15,5,5,709,38311,292734.0,2012
0,16,12,21,2245,127514,1625826.0,2012
0,17,4,5,916,37728,512908.0,2012
0,18,5,8,2016,96259,1147445.0,2012
0,19,200,216,10832,505418,6346030.0,2012
0,20,10,16,2565,142117,2127415.0,2012
0,21,3,6,616,34577,715407.0,2012
0,22,6,24,3866,185916,2262179.0,2012
0,23,3,8,0,0,0.0,2012
0,25,7,51,8992,445462,5428115.0,2012
0,26,17,121,23323,1225737,18366017.0,2012
0,1,30,38,2008,90802,3035784.0,2012
0,2,5,5,0,0,0.0,2012
0,3,8,8,0,0,0.0,2012
0,4,1,1,0,0,0.0,2012
0,5,2,2,0,0,0.0,2012
0,6,16,16,0,0,0.0,2012
0,8,3,3,83,3309,81213.0,2012
0,9,1,1,0,0,0.0,2012
0,10,1,1,0,0,0.0,2012
0,12,1,1,0,0,0.0,2012
0,14,1,1,0,0,0.0,2012
0,19,23,23,415,17001,469043.0,2012
0,20,2,6,0,0,0.0,2012
0,21,1,1,0,0,0.0,2012
0,22,2,3,0,0,0.0,2012
0,23,1,1,0,0,0.0,2012
0,26,1,4,0,0,0.0,2012
0,1,390,546,45212,2069346,41078791.0,2012
0,2,96,96,182,7338,134162.0,2012
0,3,56,56,367,8444,145921.0,2012
0,4,32,32,394,11607,174066.0,2012
0,5,28,28,463,15087,235833.0,2012
0,6,212,212,1406,42476,689982.0,2012
0,7,19,19,428,13372,237036.0,2012
0,8,14,14,375,11645,208120.0,2012
0,9,9,9,0,0,0.0,2012
0,10,8,10,234,8104,107361.0,2012
0,11,14,14,616,19769,277297.0,2012
0,12,23,27,1417,58979,960992.0,2012
0,13,16,18,1284,48227,678512.0,2012
0,14,18,22,1780,73678,1450504.0,2012
0,15,7,9,1047,47116,811587.0,2012
0,16,7,9,0,55035,915492.0,2012
0,17,12,31,3463,152209,2323749.0,2012
0,18,2,2,0,0,0.0,2012
0,19,361,396,13875,559642,9589106.0,2012
0,20,7,22,2860,143036,2287485.0,2012
0,21,4,14,1794,77620,1956801.0,2012
0,22,4,15,0,0,0.0,2012
0,23,6,30,7994,374905,8379909.0,2012
0,25,3,27,0,0,0.0,2012
0,26,5,42,0,0,0.0,2012
0,1,133,190,15567,887935,19588953.0,2012
0,2,22,22,0,1884,30515.0,2012
0,3,14,14,100,5040,90230.0,2012
0,4,9,9,102,4748,80081.0,2012
0,5,9,9,156,7756,141343.0,2012
0,6,54,54,396,19428,342169.0,2012
0,7,1,1,0,0,0.0,2012
0,8,4,4,102,3346,64352.0,2012
0,9,3,3,96,4816,54272.0,2012
0,10,4,4,0,0,0.0,2012
0,11,5,6,201,10320,115175.0,2012
0,12,6,7,315,14382,283475.0,2012
0,13,6,7,0,0,0.0,2012
0,14,10,11,944,49679,908618.0,2012
0,15,2,3,0,0,0.0,2012
0,16,3,4,0,0,0.0,2012
0,17,4,4,583,25477,289304.0,2012
0,18,2,6,0,0,0.0,2012
0,19,104,114,4574,245948,4941230.0,2012
0,20,2,4,0,0,0.0,2012
0,21,2,5,0,0,0.0,2012
0,22,4,13,0,54205,1187934.0,2012
0,23,4,6,0,0,0.0,2012
0,24,1,2,0,0,0.0,2012
0,25,7,12,1083,58867,1099027.0,2012
0,26,9,34,6217,358766,0.0,2012
0,1,347,391,19174,802059,7211949.0,2012
0,2,138,138,191,12531,91837.0,2012
0,3,59,59,405,7756,61183.0,2012
0,4,38,40,450,9264,61662.0,2012
0,5,20,20,346,8291,103467.0,2012
0,6,255,257,1392,37842,318149.0,2012
0,7,11,12,230,3410,15658.0,2012
0,8,5,6,138,5132,35387.0,2012
0,9,4,4,80,2269,17112.0,2012
0,10,3,3,0,0,0.0,2012
0,11,11,14,446,15996,107066.0,2012
0,12,7,7,327,8394,38297.0,2012
0,13,6,6,0,0,0.0,2012
0,14,9,10,649,24029,228606.0,2012
0,15,7,8,722,20748,147613.0,2012
0,16,1,1,0,0,0.0,2012
0,17,1,1,0,0,0.0,2012
0,18,5,5,1049,33322,317546.0,2012
0,19,325,334,5890,184964,1450535.0,2012
0,20,2,2,0,0,0.0,2012
0,21,1,5,0,0,0.0,2012
0,23,1,1,0,0,0.0,2012
0,24,1,1,0,0,0.0,2012
0,25,5,15,3558,154845,1457929.0,2012
0,26,12,33,9263,441909,4129282.0,2012
0,1,347,391,19174,802059,7211949.0,2012
0,2,138,138,191,12531,91837.0,2012
0,3,59,59,405,7756,61183.0,2012
0,4,38,40,450,9264,61662.0,2012
0,5,20,20,346,8291,103467.0,2012
0,6,255,257,1392,37842,318149.0,2012
0,7,11,12,230,3410,15658.0,2012
0,8,5,6,138,5132,35387.0,2012
0,9,4,4,80,2269,17112.0,2012
0,10,3,3,0,0,0.0,2012
0,11,11,14,446,15996,107066.0,2012
0,12,7,7,327,8394,38297.0,2012
0,13,6,6,0,0,0.0,2012
0,14,9,10,649,24029,228606.0,2012
0,15,7,8,722,20748,147613.0,2012
0,16,1,1,0,0,0.0,2012
0,17,1,1,0,0,0.0,2012
0,18,5,5,1049,33322,317546.0,2012
0,19,325,334,5890,184964,1450535.0,2012
0,20,2,2,0,0,0.0,2012
0,21,1,5,0,0,0.0,2012
0,23,1,1,0,0,0.0,2012
0,24,1,1,0,0,0.0,2012
0,25,5,15,3558,154845,1457929.0,2012
0,26,12,33,9263,441909,4129282.0,2012
0,1,3000,3593,486478,15465978,198715540.0,2012
0,2,1085,1085,2123,59049,804318.0,2012
0,3,603,604,4025,87279,1081283.0,2012
0,4,308,310,3589,91861,1030243.0,2012
0,5,132,132,2112,59264,571411.0,2012
0,6,2128,2131,11849,297453,3487255.0,2012
0,7,88,88,1898,71275,713333.0,2012
0,8,71,72,1841,69406,634907.0,2012
0,9,61,63,1840,63606,529949.0,2012
0,10,50,53,1719,58570,635309.0,2012
0,11,72,72,3122,106629,1008581.0,2012
0,12,104,112,5998,228444,2715258.0,2012
0,13,74,83,6261,219588,2466812.0,2012
0,14,78,89,8594,326766,3292412.0,2012
0,15,31,37,5113,186891,1692355.0,2012
0,16,51,63,10878,409338,5156661.0,2012
0,17,39,52,11751,435703,4355680.0,2012
0,18,16,32,5330,230921,2630001.0,2012
0,19,2863,2947,76194,2704590,29318513.0,2012
0,20,32,53,16006,552530,7038733.0,2012
0,21,24,45,18508,575847,8097393.0,2012
0,22,19,54,19541,634464,6495879.0,2012
0,23,13,75,20539,703523,7554552.0,2012
0,24,3,6,0,0,0.0,2012
0,25,17,67,41739,1202276,14559070.0,2012
0,26,29,346,291430,9011947,124342214.0,2012
0,1,3000,3593,486478,15465978,198715540.0,2012
0,2,1085,1085,2123,59049,804318.0,2012
0,3,603,604,4025,87279,1081283.0,2012
0,4,308,310,3589,91861,1030243.0,2012
0,5,132,132,2112,59264,571411.0,2012
0,6,2128,2131,11849,297453,3487255.0,2012
0,7,88,88,1898,71275,713333.0,2012
0,8,71,72,1841,69406,634907.0,2012
0,9,61,63,1840,63606,529949.0,2012
0,10,50,53,1719,58570,635309.0,2012
0,11,72,72,3122,106629,1008581.0,2012
0,12,104,112,5998,228444,2715258.0,2012
0,13,74,83,6261,219588,2466812.0,2012
0,14,78,89,8594,326766,3292412.0,2012
0,15,31,37,5113,186891,1692355.0,2012
0,16,51,63,10878,409338,5156661.0,2012
0,17,39,52,11751,435703,4355680.0,2012
0,18,16,32,5330,230921,2630001.0,2012
0,19,2863,2947,76194,2704590,29318513.0,2012
0,20,32,53,16006,552530,7038733.0,2012
0,21,24,45,18508,575847,8097393.0,2012
0,22,19,54,19541,634464,6495879.0,2012
0,23,13,75,20539,703523,7554552.0,2012
0,24,3,6,0,0,0.0,2012
0,25,17,67,41739,1202276,14559070.0,2012
0,26,29,346,291430,9011947,124342214.0,2012
0,1,1427,1513,154061,5195851,90767089.0,2012
0,2,585,585,1215,27093,428566.0,2012
0,3,375,376,2477,48904,710569.0,2012
0,4,170,170,1967,45427,589408.0,2012
0,5,42,42,681,16982,184876.0,2012
0,6,1172,1173,6340,138406,1913419.0,2012
0,7,27,27,581,16565,165551.0,2012
0,8,25,26,664,23758,217907.0,2012
0,9,19,21,559,15184,137554.0,2012
0,10,16,18,603,18743,225051.0,2012
0,11,16,16,704,21028,280361.0,2012
0,12,24,26,1397,50312,544563.0,2012
0,13,24,25,1905,62492,826146.0,2012
0,14,17,22,1720,71998,792267.0,2012
0,15,7,9,1071,33603,509813.0,2012
0,16,21,22,4198,157715,1832406.0,2012
0,17,9,10,2702,90058,1419362.0,2012
0,18,4,6,1150,39956,777569.0,2012
0,19,1381,1401,23594,739818,9641969.0,2012
0,20,11,12,4321,162172,2077416.0,2012
0,21,9,11,6123,190037,4263631.0,2012
0,22,4,7,4515,160428,2150114.0,2012
0,23,5,6,0,0,0.0,2012
0,24,1,1,0,0,0.0,2012
0,25,3,7,0,0,0.0,2012
0,26,13,68,103483,3508668,65873510.0,2012
0,1,1202,1349,103526,3797730,45699868.0,2012
0,2,390,390,710,22690,251259.0,2012
0,3,197,197,1345,31956,306760.0,2012
0,4,104,104,1233,33062,315980.0,2012
0,5,68,68,1088,32438,269587.0,2012
0,6,759,759,4376,120146,1143586.0,2012
0,7,47,47,1026,42397,418597.0,2012
0,8,33,33,851,32900,291265.0,2012
0,9,28,28,886,29368,240528.0,2012
0,10,23,23,779,27205,253239.0,2012
0,11,36,36,1512,54456,438128.0,2012
0,12,61,64,3481,129424,1603991.0,2012
0,13,44,47,3647,133882,1369992.0,2012
0,14,43,46,5024,186619,1830629.0,2012
0,15,21,24,3306,131872,1006138.0,2012
0,16,26,33,5025,197834,2677580.0,2012
0,17,20,26,5998,254339,2055736.0,2012
0,18,7,8,1789,82115,972280.0,2012
0,19,1148,1174,37700,1422557,14301689.0,2012
0,20,12,20,4734,157343,2698783.0,2012
0,21,9,14,0,189560,0.0,2012
0,22,7,19,6455,220908,1972661.0,2012
0,23,4,13,4475,169834,1987073.0,2012
0,24,2,5,0,0,0.0,2012
0,25,5,10,0,0,0.0,2012
0,26,15,94,39944,1462133,19764303.0,2012
0,1,114,214,8370,440261,5422673.0,2012
0,2,26,26,0,1909,40708.0,2012
0,3,9,9,58,2419,29677.0,2012
0,4,13,15,137,6836,63859.0,2012
0,5,6,6,98,3499,58399.0,2012
0,6,54,56,338,14663,192643.0,2012
0,7,4,4,0,0,0.0,2012
0,8,8,8,193,8686,93572.0,2012
0,9,7,7,183,9928,77427.0,2012
0,10,3,4,63,4330,87470.0,2012
0,11,4,4,180,9141,100872.0,2012
0,12,10,11,0,0,0.0,2012
0,13,3,5,144,8287,118724.0,2012
0,14,3,6,270,18613,153800.0,2012
0,17,3,7,0,0,0.0,2012
0,18,2,10,0,0,0.0,2012
0,19,101,122,2886,179714,1914218.0,2012
0,20,1,4,0,0,0.0,2012
0,21,1,8,0,0,0.0,2012
0,22,1,14,0,0,0.0,2012
0,23,2,46,0,0,0.0,2012
0,25,2,3,0,0,0.0,2012
0,26,6,17,871,38779,820418.0,2012
0,1,307,517,220521,6032136,56825910.0,2012
0,2,84,84,153,7357,83785.0,2012
0,3,22,22,145,4000,34277.0,2012
0,4,21,21,252,6536,60996.0,2012
0,5,16,16,245,6345,58549.0,2012
0,6,143,143,795,24238,237607.0,2012
0,7,10,10,0,9081,80654.0,2012
0,8,5,5,133,4062,32163.0,2012
0,9,7,7,0,0,0.0,2012
0,10,8,8,274,8292,69549.0,2012
0,11,16,16,726,22004,189220.0,2012
0,12,11,11,645,20567,197114.0,2012
0,13,6,6,565,14927,151950.0,2012
0,14,15,15,1580,49536,515716.0,2012
0,15,4,4,736,21416,0.0,2012
0,16,8,8,1655,53789,646675.0,2012
0,17,9,9,2624,69334,534293.0,2012
0,18,5,8,1861,56129,554852.0,2012
0,19,247,250,12014,362501,3460637.0,2012
0,20,12,17,6570,214036,1893756.0,2012
0,21,9,12,6443,166491,1495309.0,2012
0,22,8,14,7750,219352,1899165.0,2012
0,23,5,10,7364,196046,1786900.0,2012
0,25,10,47,33248,871343,8406160.0,2012
0,26,16,167,147132,4002367,37883983.0,2012
0,1,497,589,30988,1196207,10253211.0,2012
0,2,166,166,249,24109,163306.0,2012
0,3,65,67,459,19271,152037.0,2012
0,4,32,32,387,18819,131455.0,2012
0,5,20,20,324,9425,68950.0,2012
0,6,283,285,1419,71624,515748.0,2012
0,7,27,28,553,24142,184518.0,2012
0,8,16,16,408,14709,143728.0,2012
0,9,12,12,398,11235,66354.0,2012
0,10,14,14,513,18307,120272.0,2012
0,11,20,20,893,24133,281160.0,2012
0,12,29,31,1627,52680,467383.0,2012
0,13,22,23,1824,46950,328729.0,2012
0,14,24,35,2596,113130,879289.0,2012
0,15,11,14,1736,87649,671750.0,2012
0,16,11,17,2144,72275,700774.0,2012
0,17,4,9,1221,58972,347841.0,2012
0,18,3,4,1145,49964,479058.0,2012
0,19,476,508,16477,645770,5186604.0,2012
0,20,6,10,1999,63607,0.0,2012
0,21,4,17,2609,155863,1536502.0,2012
0,22,6,28,4654,155876,1251798.0,2012
0,23,1,2,0,0,0.0,2012
0,25,1,2,0,0,0.0,2012
0,26,3,22,0,0,0.0,2012
0,1,497,589,30988,1196207,10253211.0,2012
0,2,166,166,249,24109,163306.0,2012
0,3,65,67,459,19271,152037.0,2012
0,4,32,32,387,18819,131455.0,2012
0,5,20,20,324,9425,68950.0,2012
0,6,283,285,1419,71624,515748.0,2012
0,7,27,28,553,24142,184518.0,2012
0,8,16,16,408,14709,143728.0,2012
0,9,12,12,398,11235,66354.0,2012
0,10,14,14,513,18307,120272.0,2012
0,11,20,20,893,24133,281160.0,2012
0,12,29,31,1627,52680,467383.0,2012
0,13,22,23,1824,46950,328729.0,2012
0,14,24,35,2596,113130,879289.0,2012
0,15,11,14,1736,87649,671750.0,2012
0,16,11,17,2144,72275,700774.0,2012
0,17,4,9,1221,58972,347841.0,2012
0,18,3,4,1145,49964,479058.0,2012
0,19,476,508,16477,645770,5186604.0,2012
0,20,6,10,1999,63607,0.0,2012
0,21,4,17,2609,155863,1536502.0,2012
0,22,6,28,4654,155876,1251798.0,2012
0,23,1,2,0,0,0.0,2012
0,25,1,2,0,0,0.0,2012
0,26,3,22,0,0,0.0,2012
0,1,497,589,30988,1196207,10253211.0,2012
0,2,166,166,249,24109,163306.0,2012
0,3,65,67,459,19271,152037.0,2012
0,4,32,32,387,18819,131455.0,2012
0,5,20,20,324,9425,68950.0,2012
0,6,283,285,1419,71624,515748.0,2012
0,7,27,28,553,24142,184518.0,2012
0,8,16,16,408,14709,143728.0,2012
0,9,12,12,398,11235,66354.0,2012
0,10,14,14,513,18307,120272.0,2012
0,11,20,20,893,24133,281160.0,2012
0,12,29,31,1627,52680,467383.0,2012
0,13,22,23,1824,46950,328729.0,2012
0,14,24,35,2596,113130,879289.0,2012
0,15,11,14,1736,87649,671750.0,2012
0,16,11,17,2144,72275,700774.0,2012
0,17,4,9,1221,58972,347841.0,2012
0,18,3,4,1145,49964,479058.0,2012
0,19,476,508,16477,645770,5186604.0,2012
0,20,6,10,1999,63607,0.0,2012
0,21,4,17,2609,155863,1536502.0,2012
0,22,6,28,4654,155876,1251798.0,2012
0,23,1,2,0,0,0.0,2012
0,25,1,2,0,0,0.0,2012
0,26,3,22,0,0,0.0,2012
0,1,9898,10618,273545,9541006,64011445.0,2012
0,2,4284,4287,8212,158607,588002.0,2012
0,3,2108,2111,13901,221363,827622.0,2012
0,4,1046,1056,12192,208597,760852.0,2012
0,5,592,602,9807,177623,641486.0,2012
0,6,8030,8056,44112,766190,2817962.0,2012
0,7,390,398,8282,163688,600537.0,2012
0,8,242,254,6356,138878,633128.0,2012
0,9,165,179,5027,111839,404267.0,2012
0,10,123,132,4289,94656,324111.0,2012
0,11,201,238,8221,218276,955325.0,2012
0,12,207,238,11626,336038,1611301.0,2012
0,13,117,145,9020,276305,1371893.0,2012
0,14,124,158,12910,414950,2075115.0,2012
0,15,49,78,7126,238074,1058469.0,2012
0,16,61,77,11942,491513,2850379.0,2012
0,17,36,70,8787,316839,2063305.0,2012
0,18,25,35,6944,265107,1596270.0,2012
0,19,9770,10058,144642,3832353,18362062.0,2012
0,20,24,54,9933,434052,3145398.0,2012
0,21,14,27,0,136918,863900.0,2012
0,22,13,37,6392,291614,1733254.0,2012
0,23,8,36,0,0,0.0,2012
0,24,5,6,0,17941,91688.0,2012
0,25,22,88,16357,615109,5881150.0,2012
0,26,42,312,86189,3953770,31795902.0,2012
0,1,8915,9471,203555,6650167,37477933.0,2012
0,2,3977,3980,7671,143768,483199.0,2012
0,3,1953,1956,12863,200175,697571.0,2012
0,4,953,963,11079,182679,611161.0,2012
0,5,524,533,8632,146011,479983.0,2012
0,6,7407,7432,40245,672633,2271914.0,2012
0,7,339,347,7181,133842,435827.0,2012
0,8,202,214,5326,102054,357283.0,2012
0,9,143,156,4394,95928,296816.0,2012
0,10,102,109,3539,75042,237957.0,2012
0,11,164,197,6713,171884,636421.0,2012
0,12,162,190,8986,237078,1087271.0,2012
0,13,91,115,6908,203453,891500.0,2012
0,14,92,119,9694,295268,1331269.0,2012
0,15,32,56,4826,161030,701771.0,2012
0,16,43,51,8181,310262,1528048.0,2012
0,17,24,53,6355,233347,1091405.0,2012
0,18,18,22,5192,176931,821339.0,2012
0,19,8819,9061,117540,2868752,11688821.0,2012
0,20,16,41,6502,283207,1859777.0,2012
0,21,9,18,1969,71127,375214.0,2012
0,22,12,30,5820,273236,1527964.0,2012
0,23,7,30,0,0,0.0,2012
0,24,3,4,0,0,0.0,2012
0,25,16,55,8744,340933,2622922.0,2012
0,26,33,232,0,0,0.0,2012
0,1,6423,6595,56360,1004721,3184667.0,2012
0,2,3119,3121,6120,103530,323701.0,2012
0,3,1521,1524,9956,148552,494306.0,2012
0,4,682,691,7930,119887,363163.0,2012
0,5,388,397,6414,101841,304880.0,2012
0,6,5710,5733,30420,473810,1486050.0,2012
0,7,230,237,4879,85485,247482.0,2012
0,8,115,126,3050,53613,165956.0,2012
0,9,81,93,2408,46259,129064.0,2012
0,10,67,71,2309,47023,129642.0,2012
0,11,76,96,3087,63759,188986.0,2012
0,12,64,85,3278,69476,231421.0,2012
0,13,29,49,1955,40430,126887.0,2012
0,14,17,39,1622,33301,135136.0,2012
0,15,6,11,0,0,0.0,2012
0,16,5,7,676,19968,0.0,2012
0,17,3,17,0,0,0.0,2012
0,18,3,3,0,0,0.0,2012
0,19,6406,6567,55235,974280,3059393.0,2012
0,20,2,12,0,0,0.0,2012
0,21,2,2,0,0,0.0,2012
0,22,2,2,0,0,0.0,2012
0,23,2,2,0,0,0.0,2012
0,25,3,4,0,0,0.0,2012
0,26,6,6,344,10992,71143.0,2012
0,1,2321,2644,126294,4920419,28774231.0,2012
0,2,816,817,1468,38824,150363.0,2012
0,3,409,409,2747,48259,180277.0,2012
0,4,258,258,2993,58421,218968.0,2012
0,5,126,126,2052,40337,150941.0,2012
0,6,1609,1610,9260,185841,700549.0,2012
0,7,99,99,2058,42005,144377.0,2012
0,8,80,81,2095,44182,158650.0,2012
0,9,57,58,1817,44452,148169.0,2012
0,10,32,35,1110,22065,79915.0,2012
0,11,79,88,3163,94862,347680.0,2012
0,12,84,91,4856,139310,698939.0,2012
0,13,51,54,3942,124210,493531.0,2012
0,14,67,72,7076,230297,1002392.0,2012
0,15,23,39,3269,118280,515710.0,2012
0,16,33,38,6478,260320,1251164.0,2012
0,17,20,31,5088,196511,907779.0,2012
0,18,10,12,2838,107844,464133.0,2012
0,19,2244,2308,53050,1610179,6912988.0,2012
0,20,12,27,4731,230915,1540505.0,2012
0,21,7,16,1853,67104,363941.0,2012
0,22,11,25,4806,219081,1265971.0,2012
0,23,4,22,0,0,0.0,2012
0,24,3,4,0,0,0.0,2012
0,25,13,33,5393,225930,0.0,2012
0,26,27,209,0,0,0.0,2012
0,1,205,232,20901,725027,5519035.0,2012
0,2,42,42,83,1414,9135.0,2012
0,3,23,23,160,3364,22988.0,2012
0,4,14,14,156,4371,29030.0,2012
0,5,10,10,166,3833,24162.0,2012
0,6,89,89,565,12982,85315.0,2012
0,7,11,11,244,6352,43968.0,2012
0,8,7,7,181,4259,32677.0,2012
0,9,5,5,169,5217,19583.0,2012
0,10,3,3,0,0,0.0,2012
0,11,12,13,463,13263,99755.0,2012
0,12,14,14,852,28292,156911.0,2012
0,13,12,12,1011,38813,271082.0,2012
0,14,8,8,996,31670,193741.0,2012
0,15,6,6,915,24698,129592.0,2012
0,16,5,6,1027,29974,185726.0,2012
0,17,4,5,0,0,0.0,2012
0,18,6,7,1877,58971,318026.0,2012
0,19,182,186,9255,284293,1716440.0,2012
0,20,2,2,0,0,0.0,2012
0,22,2,3,0,0,0.0,2012
0,23,2,6,0,0,0.0,2012
0,25,5,18,0,0,0.0,2012
0,26,12,17,5015,181896,1473145.0,2012
0,1,678,789,53609,2371081,23328339.0,2012
0,2,205,205,347,8190,48212.0,2012
0,3,102,102,693,16260,104288.0,2012
0,4,62,62,752,19337,110054.0,2012
0,5,46,46,799,25680,131404.0,2012
0,6,415,415,2591,69467,393958.0,2012
0,7,28,28,594,18439,106609.0,2012
0,8,33,33,860,32428,249987.0,2012
0,9,14,14,385,10119,73197.0,2012
0,10,10,11,375,11525,60505.0,2012
0,11,25,29,1082,36543,267391.0,2012
0,12,28,29,1626,69722,405987.0,2012
0,13,15,15,1187,49359,354670.0,2012
0,14,23,28,2061,84256,544142.0,2012
0,15,10,14,1432,47528,237164.0,2012
0,16,12,19,2745,143557,1089504.0,2012
0,17,10,15,1947,69847,909834.0,2012
0,18,8,12,1713,87008,772787.0,2012
0,19,631,662,18598,729798,5465735.0,2012
0,20,8,12,0,0,0.0,2012
0,21,5,7,544,23515,168895.0,2012
0,22,2,7,0,0,0.0,2012
0,23,3,6,0,0,0.0,2012
0,24,2,2,0,0,0.0,2012
0,25,11,32,7316,267434,3231242.0,2012
0,26,16,61,21974,1128011,12453011.0,2012
0,1,309,350,30124,1360743,11705065.0,2012
0,2,109,109,179,3969,19073.0,2012
0,3,48,48,329,6065,30702.0,2012
0,4,26,26,308,7466,37055.0,2012
0,5,21,21,361,9168,38839.0,2012
0,6,204,204,1177,26668,125669.0,2012
0,7,13,13,281,7450,51600.0,2012
0,8,11,11,290,10779,55234.0,2012
0,9,3,3,94,2196,14601.0,2012
0,10,4,4,117,4039,14542.0,2012
0,11,7,7,307,10703,45595.0,2012
0,12,13,13,753,31434,163484.0,2012
0,13,7,7,504,19149,84287.0,2012
0,14,11,12,1057,42112,254820.0,2012
0,15,5,5,644,17751,90703.0,2012
0,16,5,5,0,0,0.0,2012
0,17,3,5,1039,34487,198501.0,2012
0,18,3,3,703,28094,193468.0,2012
0,19,289,292,8054,296734,1779809.0,2012
0,20,3,5,0,0,0.0,2012
0,21,1,1,0,0,0.0,2012
0,23,1,4,0,0,0.0,2012
0,25,5,9,3182,111865,895566.0,2012
0,26,10,39,16170,845345,8375776.0,2012
0,1,375,439,23485,1010338,11623274.0,2012
0,2,96,96,168,4221,29139.0,2012
0,3,54,54,364,10195,73586.0,2012
0,4,36,36,444,11871,72999.0,2012
0,5,25,25,438,16512,92565.0,2012
0,6,211,211,1414,42799,268289.0,2012
0,7,15,15,313,10989,55009.0,2012
0,8,22,22,570,21649,194753.0,2012
0,9,11,11,291,7923,58596.0,2012
0,10,7,7,258,7486,45963.0,2012
0,11,18,22,775,25840,221796.0,2012
0,12,15,16,873,38288,242503.0,2012
0,13,8,8,683,30210,270383.0,2012
0,14,12,16,1004,42144,289322.0,2012
0,15,5,9,0,0,0.0,2012
0,16,7,14,1657,81685,602199.0,2012
0,17,7,10,0,0,0.0,2012
0,18,5,9,0,0,0.0,2012
0,19,343,370,10544,433064,3685926.0,2012
0,20,5,7,1540,79362,0.0,2012
0,21,4,6,534,23129,161842.0,2012
0,22,2,7,0,0,0.0,2012
0,23,2,2,0,0,0.0,2012
0,24,2,2,0,0,0.0,2012
0,25,8,23,0,155569,2335676.0,2012
0,26,9,22,5804,282666,0.0,2012
0,1,334,358,16381,519758,3205173.0,2012
0,2,102,102,0,6649,56591.0,2012
0,3,53,53,345,4928,25763.0,2012
0,4,31,31,361,6581,39637.0,2012
0,5,23,23,376,5932,30099.0,2012
0,6,209,209,1276,24090,152090.0,2012
0,7,23,23,507,11407,58101.0,2012
0,8,7,7,0,0,0.0,2012
0,9,8,9,0,5792,34254.0,2012
0,10,11,12,375,8089,25649.0,2012
0,11,12,12,426,9849,51513.0,2012
0,12,18,19,1014,29238,118043.0,2012
0,13,12,15,925,23493,125723.0,2012
0,14,10,11,1155,35426,199704.0,2012
0,15,7,8,868,29516,119534.0,2012
0,16,6,7,1016,37694,232827.0,2012
0,17,2,2,0,0,0.0,2012
0,18,1,1,0,0,0.0,2012
0,19,326,335,8504,233803,1207506.0,2012
0,20,1,1,0,0,0.0,2012
0,21,2,2,0,0,0.0,2012
0,25,1,1,0,0,0.0,2012
0,26,4,19,6513,236507,1649829.0,2012
0,1,334,358,16381,519758,3205173.0,2012
0,2,102,102,0,6649,56591.0,2012
0,3,53,53,345,4928,25763.0,2012
0,4,31,31,361,6581,39637.0,2012
0,5,23,23,376,5932,30099.0,2012
0,6,209,209,1276,24090,152090.0,2012
0,7,23,23,507,11407,58101.0,2012
0,8,7,7,0,0,0.0,2012
0,9,8,9,0,5792,34254.0,2012
0,10,11,12,375,8089,25649.0,2012
0,11,12,12,426,9849,51513.0,2012
0,12,18,19,1014,29238,118043.0,2012
0,13,12,15,925,23493,125723.0,2012
0,14,10,11,1155,35426,199704.0,2012
0,15,7,8,868,29516,119534.0,2012
0,16,6,7,1016,37694,232827.0,2012
0,17,2,2,0,0,0.0,2012
0,18,1,1,0,0,0.0,2012
0,19,326,335,8504,233803,1207506.0,2012
0,20,1,1,0,0,0.0,2012
0,21,2,2,0,0,0.0,2012
0,25,1,1,0,0,0.0,2012
0,26,4,19,6513,236507,1649829.0,2012
0,1,2841,3278,167638,7395639,96550775.0,2012
0,2,960,960,1639,64228,793806.0,2012
0,3,476,476,3128,94164,809008.0,2012
0,4,258,259,3041,93707,676797.0,2012
0,5,159,161,2622,98058,830581.0,2012
0,6,1853,1856,10430,350157,3110192.0,2012
0,7,98,98,2054,78785,602695.0,2012
0,8,77,77,2022,69045,540641.0,2012
0,9,63,65,1962,69610,567484.0,2012
0,10,45,48,1584,64345,563326.0,2012
0,11,86,88,3571,133867,1187708.0,2012
0,12,143,159,7722,325187,2584503.0,2012
0,13,90,110,7180,292641,2583127.0,2012
0,14,90,114,9357,436367,3858701.0,2012
0,15,46,64,6631,291116,2415846.0,2012
0,16,57,81,10455,486193,4694074.0,2012
0,17,39,75,7834,318025,4152745.0,2012
0,18,20,37,5883,269049,2253375.0,2012
0,19,2707,2872,76685,3184387,29114417.0,2012
0,20,27,48,8705,405598,3350265.0,2012
0,21,14,31,7796,337254,3675126.0,2012
0,22,16,38,8743,407260,4534183.0,2012
0,23,11,24,5965,311459,2831495.0,2012
0,24,5,14,0,0,0.0,2012
0,25,22,93,22626,1001180,15418850.0,2012
0,26,39,158,34616,1622319,36414840.0,2012
0,1,512,612,46730,1931423,32559092.0,2012
0,2,133,133,250,6868,139724.0,2012
0,3,94,94,612,19975,203741.0,2012
0,4,38,39,443,11498,93940.0,2012
0,5,31,32,492,14336,118916.0,2012
0,6,296,298,1797,52677,556321.0,2012
0,7,17,17,350,9181,97032.0,2012
0,8,18,18,476,15704,165560.0,2012
0,9,18,19,573,17853,147063.0,2012
0,10,11,11,385,16323,146598.0,2012
0,11,22,23,913,28039,335963.0,2012
0,12,28,29,1647,59819,564201.0,2012
0,13,15,15,1049,31188,412319.0,2012
0,14,14,15,1472,62417,644354.0,2012
0,15,10,11,1619,67591,749733.0,2012
0,16,13,16,2351,102896,1272934.0,2012
0,17,7,13,1907,65276,0.0,2012
0,18,4,5,1431,57183,894766.0,2012
0,19,473,490,15970,586147,7102371.0,2012
0,20,7,13,1890,87549,874766.0,2012
0,21,3,7,1251,47746,441225.0,2012
0,22,8,20,0,0,0.0,2012
0,23,1,4,0,0,0.0,2012
0,24,1,6,0,0,0.0,2012
0,25,4,8,1937,77038,1054113.0,2012
0,26,15,64,16796,736847,0.0,2012
0,1,208,234,15971,669424,10805691.0,2012
0,2,49,49,98,2692,39225.0,2012
0,3,37,37,248,9371,130077.0,2012
0,4,13,13,150,4903,49118.0,2012
0,5,10,10,162,5830,53556.0,2012
0,6,109,109,658,22796,271976.0,2012
0,7,7,7,145,5384,59968.0,2012
0,8,8,8,217,7135,101615.0,2012
0,9,3,3,99,4334,51820.0,2012
0,10,7,7,260,12848,114806.0,2012
0,11,9,9,371,10043,207676.0,2012
0,12,14,15,793,29770,404701.0,2012
0,13,9,9,712,22502,358689.0,2012
0,14,6,6,666,30900,476450.0,2012
0,15,5,5,865,31057,461474.0,2012
0,16,7,7,0,0,0.0,2012
0,17,5,11,0,0,0.0,2012
0,18,2,2,0,0,0.0,2012
0,19,191,198,7869,287171,4682814.0,2012
0,20,2,2,0,0,0.0,2012
0,21,1,4,0,0,0.0,2012
0,22,4,9,0,0,0.0,2012
0,25,2,5,0,0,0.0,2012
0,26,8,16,2728,128948,2259505.0,2012
0,1,307,378,30759,1261999,21753401.0,2012
0,2,84,84,152,4176,0.0,2012
0,3,57,57,364,10604,73664.0,2012
0,4,26,26,293,6595,44822.0,2012
0,5,21,22,330,8506,65360.0,2012
0,6,188,189,1139,29881,284345.0,2012
0,7,10,10,205,3797,37064.0,2012
0,8,10,10,259,8569,63945.0,2012
0,9,15,16,474,13519,95243.0,2012
0,10,4,4,125,3475,31792.0,2012
0,11,13,14,542,17996,128287.0,2012
0,12,14,14,854,30049,159500.0,2012
0,13,6,6,337,8686,53630.0,2012
0,14,8,9,0,0,0.0,2012
0,15,5,6,0,36534,288259.0,2012
0,16,6,9,1364,61834,586880.0,2012
0,17,2,2,0,0,0.0,2012
0,18,2,3,0,0,0.0,2012
0,19,283,292,8101,298976,2419557.0,2012
0,20,5,11,1694,76582,702332.0,2012
0,21,2,3,0,0,0.0,2012
0,22,5,11,0,0,0.0,2012
0,23,1,4,0,0,0.0,2012
0,24,1,6,0,0,0.0,2012
0,25,2,3,0,0,0.0,2012
0,26,8,48,0,0,0.0,2012
0,1,410,445,16085,829913,12884508.0,2012
0,2,182,182,304,8145,77048.0,2012
0,3,75,75,474,13431,111808.0,2012
0,4,33,33,350,9009,78208.0,2012
0,5,17,17,275,8969,73891.0,2012
0,6,307,307,1403,39554,340955.0,2012
0,7,11,11,223,7931,61272.0,2012
0,8,10,10,237,7261,43665.0,2012
0,9,7,7,211,8233,50324.0,2012
0,10,5,5,179,7019,60747.0,2012
0,11,8,8,313,14328,0.0,2012
0,12,16,16,714,33661,270353.0,2012
0,13,7,16,527,28144,233830.0,2012
0,14,8,8,571,23627,256028.0,2012
0,15,6,8,375,16340,170195.0,2012
0,16,6,7,1015,48232,523992.0,2012
0,17,5,12,1455,79714,1304740.0,2012
0,19,396,415,7223,314044,3504629.0,2012
0,21,3,3,0,0,0.0,2012
0,22,1,1,0,0,0.0,2012
0,23,2,3,0,0,0.0,2012
0,25,3,12,0,0,0.0,2012
0,26,5,11,2410,144264,3281191.0,2012
0,1,410,445,16085,829913,12884508.0,2012
0,2,182,182,304,8145,77048.0,2012
0,3,75,75,474,13431,111808.0,2012
0,4,33,33,350,9009,78208.0,2012
0,5,17,17,275,8969,73891.0,2012
0,6,307,307,1403,39554,340955.0,2012
0,7,11,11,223,7931,61272.0,2012
0,8,10,10,237,7261,43665.0,2012
0,9,7,7,211,8233,50324.0,2012
0,10,5,5,179,7019,60747.0,2012
0,11,8,8,313,14328,0.0,2012
0,12,16,16,714,33661,270353.0,2012
0,13,7,16,527,28144,233830.0,2012
0,14,8,8,571,23627,256028.0,2012
0,15,6,8,375,16340,170195.0,2012
0,16,6,7,1015,48232,523992.0,2012
0,17,5,12,1455,79714,1304740.0,2012
0,19,396,415,7223,314044,3504629.0,2012
0,21,3,3,0,0,0.0,2012
0,22,1,1,0,0,0.0,2012
0,23,2,3,0,0,0.0,2012
0,25,3,12,0,0,0.0,2012
0,26,5,11,2410,144264,3281191.0,2012
0,1,138,153,6633,424330,8540957.0,2012
0,2,42,42,77,4438,57639.0,2012
0,3,17,17,110,3541,33613.0,2012
0,4,14,14,174,9394,66350.0,2012
0,5,8,8,0,5077,43215.0,2012
0,6,81,81,489,22450,200817.0,2012
0,7,6,6,140,6790,43324.0,2012
0,8,6,6,167,7855,51490.0,2012
0,9,3,3,94,3167,19845.0,2012
0,10,3,3,0,0,0.0,2012
0,11,5,5,223,12914,94354.0,2012
0,12,4,4,191,10527,63119.0,2012
0,13,4,6,285,15259,118884.0,2012
0,14,6,7,727,87286,572450.0,2012
0,15,1,1,0,0,0.0,2012
0,16,4,4,0,0,0.0,2012
0,17,1,1,0,0,0.0,2012
0,18,1,1,0,0,0.0,2012
0,19,125,128,3424,231421,1672920.0,2012
0,20,3,3,0,0,0.0,2012
0,21,1,1,0,0,0.0,2012
0,22,2,2,0,0,0.0,2012
0,23,2,2,0,0,0.0,2012
0,25,2,5,0,0,0.0,2012
0,26,3,12,0,0,0.0,2012
0,1,138,153,6633,424330,8540957.0,2012
0,2,42,42,77,4438,57639.0,2012
0,3,17,17,110,3541,33613.0,2012
0,4,14,14,174,9394,66350.0,2012
0,5,8,8,0,5077,43215.0,2012
0,6,81,81,489,22450,200817.0,2012
0,7,6,6,140,6790,43324.0,2012
0,8,6,6,167,7855,51490.0,2012
0,9,3,3,94,3167,19845.0,2012
0,10,3,3,0,0,0.0,2012
0,11,5,5,223,12914,94354.0,2012
0,12,4,4,191,10527,63119.0,2012
0,13,4,6,285,15259,118884.0,2012
0,14,6,7,727,87286,572450.0,2012
0,15,1,1,0,0,0.0,2012
0,16,4,4,0,0,0.0,2012
0,17,1,1,0,0,0.0,2012
0,18,1,1,0,0,0.0,2012
0,19,125,128,3424,231421,1672920.0,2012
0,20,3,3,0,0,0.0,2012
0,21,1,1,0,0,0.0,2012
0,22,2,2,0,0,0.0,2012
0,23,2,2,0,0,0.0,2012
0,25,2,5,0,0,0.0,2012
0,26,3,12,0,0,0.0,2012
0,1,642,731,31652,1727166,19253512.0,2012
0,2,225,225,352,19811,138024.0,2012
0,3,92,92,598,24874,197569.0,2012
0,4,48,48,577,25305,172044.0,2012
0,5,34,35,555,34006,311984.0,2012
0,6,399,400,2082,103996,819621.0,2012
0,7,23,23,482,31509,184166.0,2012
0,8,13,13,356,17081,117653.0,2012
0,9,15,16,460,19956,157394.0,2012
0,10,8,9,276,13240,119554.0,2012
0,11,15,16,573,27430,297339.0,2012
0,12,34,37,1833,110376,699995.0,2012
0,13,26,28,2028,105380,770754.0,2012
0,14,22,31,2264,111175,897636.0,2012
0,15,11,16,1887,118804,890032.0,2012
0,16,16,21,2214,104447,974472.0,2012
0,17,8,9,645,30139,223224.0,2012
0,18,7,21,1776,114444,783342.0,2012
0,19,597,640,16876,907977,6935182.0,2012
0,20,9,13,2460,126223,734361.0,2012
0,21,4,9,1591,84414,1541433.0,2012
0,22,4,6,0,0,0.0,2012
0,23,5,8,973,63316,723455.0,2012
0,24,1,1,0,0,0.0,2012
0,25,10,34,4408,248902,4668205.0,2012
0,26,12,20,4093,216404,3804057.0,2012
0,1,303,348,14551,715427,10009477.0,2012
0,2,118,118,171,9300,59263.0,2012
0,3,49,49,314,11329,120612.0,2012
0,4,14,14,169,5826,42484.0,2012
0,5,15,15,242,11922,91430.0,2012
0,6,196,196,896,38377,313789.0,2012
0,7,12,12,260,10006,85901.0,2012
0,8,7,7,176,6985,0.0,2012
0,9,10,11,299,10021,104943.0,2012
0,10,2,2,0,0,0.0,2012
0,11,8,8,295,13114,95190.0,2012
0,12,10,12,539,27038,192446.0,2012
0,13,14,15,1119,51670,418535.0,2012
0,14,8,14,771,30747,330103.0,2012
0,15,3,4,550,30973,320598.0,2012
0,16,7,9,1010,41167,491479.0,2012
0,17,2,2,0,0,0.0,2012
0,18,3,16,0,0,0.0,2012
0,19,282,308,6571,287466,2808040.0,2012
0,20,3,5,733,38237,231999.0,2012
0,21,3,6,1355,72182,1432437.0,2012
0,25,9,17,2676,146653,2558083.0,2012
0,26,6,12,0,170889,2978918.0,2012
0,1,344,383,17101,1011739,9244035.0,2012
0,2,107,107,181,10511,78761.0,2012
0,3,43,43,284,13545,76957.0,2012
0,4,34,34,408,19479,129560.0,2012
0,5,19,20,313,22084,220554.0,2012
0,6,203,204,1186,65619,505832.0,2012
0,7,11,11,0,21503,0.0,2012
0,8,6,6,0,10096,64276.0,2012
0,9,5,5,161,9935,52451.0,2012
0,10,6,7,201,10856,104998.0,2012
0,11,7,8,278,14316,0.0,2012
0,12,24,25,1294,83338,507549.0,2012
0,13,12,13,909,53710,352219.0,2012
0,14,14,17,1493,80428,567533.0,2012
0,15,8,12,1337,87831,569434.0,2012
0,16,9,12,1204,63280,482993.0,2012
0,17,7,7,564,26845,170970.0,2012
0,18,4,5,1276,92754,448473.0,2012
0,19,316,332,10305,620511,4127142.0,2012
0,20,7,8,0,0,0.0,2012
0,21,2,3,0,0,0.0,2012
0,22,4,6,0,0,0.0,2012
0,23,5,8,973,63316,723455.0,2012
0,24,1,1,0,0,0.0,2012
0,25,3,17,1732,102249,0.0,2012
0,26,6,8,877,45515,825139.0,2012
0,1,1198,1337,66538,2482807,23312706.0,2012
0,2,378,378,656,24966,381371.0,2012
0,3,198,198,1334,32343,262277.0,2012
0,4,125,125,1497,38501,266255.0,2012
0,5,69,69,1172,35670,282575.0,2012
0,6,770,770,4659,131480,1192478.0,2012
0,7,41,41,859,23374,216901.0,2012
0,8,30,30,786,21144,162273.0,2012
0,9,20,20,624,20401,192858.0,2012
0,10,20,20,671,23569,203716.0,2012
0,11,36,36,1549,51156,271524.0,2012
0,12,61,73,3337,110804,986835.0,2012
0,13,40,45,3291,112670,1047340.0,2012
0,14,41,53,4323,151862,1488233.0,2012
0,15,21,28,2717,86266,590587.0,2012
0,16,21,33,3924,174294,1470557.0,2012
0,17,20,40,3806,141960,1507150.0,2012
0,18,9,10,2646,95818,568863.0,2012
0,19,1130,1199,33192,1144798,9899315.0,2012
0,20,12,19,3282,142090,1300106.0,2012
0,21,6,11,3562,125793,778739.0,2012
0,22,6,9,2022,74621,575067.0,2012
0,23,6,7,0,0,0.0,2012
0,24,4,7,0,0,0.0,2012
0,25,9,34,11313,391928,4713869.0,2012
0,26,25,51,10214,451909,4840388.0,2012
0,1,640,696,40041,1307396,10906094.0,2012
0,2,181,181,342,10963,0.0,2012
0,3,109,109,746,14239,105705.0,2012
0,4,71,71,848,18737,113490.0,2012
0,5,34,34,587,13987,77173.0,2012
0,6,395,395,2523,57926,545691.0,2012
0,7,20,20,420,9734,63228.0,2012
0,8,20,20,522,12394,68817.0,2012
0,9,12,12,366,10154,66028.0,2012
0,10,9,9,344,9359,76394.0,2012
0,11,22,22,935,26908,125723.0,2012
0,12,35,42,1831,48904,361825.0,2012
0,13,19,22,1659,55688,353778.0,2012
0,14,26,27,2867,81803,617108.0,2012
0,15,14,19,2124,67176,435471.0,2012
0,16,11,14,2088,62769,459206.0,2012
0,17,11,19,1979,62654,622216.0,2012
0,18,6,6,1891,57910,287437.0,2012
0,19,600,627,19549,563379,4082922.0,2012
0,20,9,14,2158,90847,953720.0,2012
0,21,4,8,2275,79100,385208.0,2012
0,22,1,1,0,0,0.0,2012
0,23,2,2,0,0,0.0,2012
0,24,2,2,0,0,0.0,2012
0,25,5,23,0,0,0.0,2012
0,26,17,19,5164,187008,1788687.0,2012
0,1,567,641,26497,1175411,12406612.0,2012
0,2,197,197,314,14003,132048.0,2012
0,3,89,89,588,18104,156572.0,2012
0,4,54,54,649,19764,152765.0,2012
0,5,35,35,585,21683,205402.0,2012
0,6,375,375,2136,73554,646787.0,2012
0,7,21,21,439,13640,153673.0,2012
0,8,10,10,264,8750,93456.0,2012
0,9,8,8,258,10247,126830.0,2012
0,10,11,11,327,14210,127322.0,2012
0,11,14,14,614,24248,145801.0,2012
0,12,26,31,1506,61900,625010.0,2012
0,13,21,23,1632,56982,693562.0,2012
0,14,15,26,1456,70059,871125.0,2012
0,15,7,9,593,19090,155116.0,2012
0,16,10,19,1836,111525,1011351.0,2012
0,17,10,21,1827,79306,884934.0,2012
0,18,4,4,755,37908,281426.0,2012
0,19,532,572,13643,581419,5816393.0,2012
0,20,5,5,0,0,0.0,2012
0,21,3,3,1287,46693,393531.0,2012
0,22,5,8,1889,70411,555069.0,2012
0,23,4,5,578,36524,380552.0,2012
0,24,2,5,0,0,0.0,2012
0,25,5,11,2508,99108,1619148.0,2012
0,26,11,32,5050,264901,3051701.0,2012
0,1,4445,5075,150738,7711530,142739385.0,2012
0,2,2142,2143,3462,131212,906656.0,2012
0,3,843,843,5603,160136,1018024.0,2012
0,4,385,385,4539,137098,818353.0,2012
0,5,226,227,3738,131579,837192.0,2012
0,6,3596,3598,17342,560025,3580225.0,2012
0,7,164,167,3572,114708,708631.0,2012
0,8,105,108,2727,90363,569464.0,2012
0,9,72,74,2248,81872,512589.0,2012
0,10,60,63,2138,83619,891246.0,2012
0,11,71,72,3052,114232,743056.0,2012
0,12,101,111,5962,236711,1866558.0,2012
0,13,46,51,3479,156173,1357058.0,2012
0,14,53,67,5534,287229,2526220.0,2012
0,15,30,47,3574,182258,1496664.0,2012
0,16,27,47,4534,245429,3870567.0,2012
0,17,20,26,2788,154552,1327053.0,2012
0,18,12,17,2542,156517,888655.0,2012
0,19,4357,4448,59492,2463688,20337986.0,2012
0,20,15,30,5004,258405,2874892.0,2012
0,21,13,65,5990,347336,4276056.0,2012
0,22,15,83,9060,454983,5729214.0,2012
0,23,11,107,6298,260517,5893317.0,2012
0,24,4,15,2210,129946,3555008.0,2012
0,25,8,68,7535,478986,11247824.0,2012
0,26,22,259,55149,3317669,88825088.0,2012
0,1,4353,4961,136139,6781175,101689876.0,2012
0,2,2108,2109,3406,128034,782546.0,2012
0,3,835,835,5546,158101,999768.0,2012
0,4,382,382,4497,136384,808373.0,2012
0,5,224,225,3707,130687,799157.0,2012
0,6,3549,3551,17156,553206,3389844.0,2012
0,7,161,164,3501,110768,619242.0,2012
0,8,102,105,2647,88936,557402.0,2012
0,9,68,70,2118,77686,463164.0,2012
0,10,56,59,2003,76722,612118.0,2012
0,11,70,71,3000,111902,700345.0,2012
0,12,93,101,5503,219777,1271716.0,2012
0,13,42,47,3202,141821,1073479.0,2012
0,14,49,63,5066,260012,1981463.0,2012
0,15,28,45,3302,166159,1376586.0,2012
0,16,26,46,4504,243978,3808378.0,2012
0,17,18,24,2525,145931,1215383.0,2012
0,18,12,17,2542,156517,888655.0,2012
0,19,4274,4363,57069,2353415,17957775.0,2012
0,20,13,26,4385,230175,2632260.0,2012
0,21,12,64,5706,330291,3713266.0,2012
0,22,12,78,7232,335452,3434900.0,2012
0,23,10,104,4895,230275,5328373.0,2012
0,24,4,15,2210,129946,3555008.0,2012
0,25,7,66,5912,349556,0.0,2012
0,26,21,245,48730,2822065,60981436.0,2012
0,1,765,1201,63583,3011687,48356855.0,2012
0,2,332,333,610,25167,233672.0,2012
0,3,136,136,882,27809,230056.0,2012
0,4,63,63,747,27949,240270.0,2012
0,5,42,42,714,26983,209378.0,2012
0,6,573,574,2953,107908,913376.0,2012
0,7,28,30,620,23978,167628.0,2012
0,8,15,16,349,13789,135045.0,2012
0,9,10,10,310,11120,116935.0,2012
0,10,4,4,0,0,0.0,2012
0,11,11,11,430,18702,188208.0,2012
0,12,13,14,713,29175,277380.0,2012
0,13,15,16,1193,49661,518301.0,2012
0,14,18,22,1824,87232,983885.0,2012
0,15,6,6,0,0,0.0,2012
0,16,12,20,1984,95121,1079226.0,2012
0,17,9,15,1217,49707,578817.0,2012
0,18,3,3,347,16391,287068.0,2012
0,19,717,741,12739,541235,5676483.0,2012
0,20,4,7,992,49872,226582.0,2012
0,21,6,47,3159,142118,1786337.0,2012
0,22,10,65,6384,284384,2818805.0,2012
0,23,7,96,3906,174209,3147963.0,2012
0,24,3,8,1297,74394,1150375.0,2012
0,25,4,39,3433,172990,1067934.0,2012
0,26,14,198,31673,1572485,32482376.0,2012
0,1,244,450,48638,2349494,41821284.0,2012
0,2,62,62,113,5216,81439.0,2012
0,3,29,29,0,7882,125823.0,2012
0,4,21,21,255,11886,164343.0,2012
0,5,10,10,177,6616,100269.0,2012
0,6,122,122,715,31600,471874.0,2012
0,7,7,7,162,5740,71623.0,2012
0,8,8,8,193,6535,101815.0,2012
0,9,4,4,124,4789,69685.0,2012
0,10,3,3,0,0,0.0,2012
0,11,6,6,255,11617,139301.0,2012
0,12,8,8,466,18680,202842.0,2012
0,13,12,12,973,40079,487601.0,2012
0,14,14,16,1393,69646,809336.0,2012
0,15,4,4,0,0,0.0,2012
0,16,9,9,1391,65555,656260.0,2012
0,17,6,6,777,32535,351552.0,2012
0,18,3,3,347,16391,287068.0,2012
0,19,206,208,7340,333053,3984564.0,2012
0,20,4,7,992,49872,226582.0,2012
0,21,4,7,1705,78267,912135.0,2012
0,22,9,34,5125,243974,2522238.0,2012
0,23,6,19,2399,123733,2876204.0,2012
0,24,3,7,0,0,0.0,2012
0,25,2,6,0,0,0.0,2012
0,26,10,162,28653,1384013,29587007.0,2012
0,1,219,308,10203,501898,5829090.0,2012
0,2,107,108,199,10146,109576.0,2012
0,3,44,44,295,7063,56752.0,2012
0,4,10,10,123,3699,31876.0,2012
0,5,12,12,207,8993,69082.0,2012
0,6,173,174,824,29901,267286.0,2012
0,7,8,8,177,7234,48462.0,2012
0,8,1,2,0,0,0.0,2012
0,9,2,2,0,0,0.0,2012
0,10,1,1,0,0,0.0,2012
0,11,3,3,0,0,0.0,2012
0,12,4,5,202,8884,67667.0,2012
0,13,3,3,0,8360,26819.0,2012
0,14,5,6,431,17586,174549.0,2012
0,15,2,2,0,0,0.0,2012
0,16,3,11,593,29566,422966.0,2012
0,17,3,9,0,0,0.0,2012
0,19,208,226,3313,135563,1414950.0,2012
0,21,1,6,0,0,0.0,2012
0,22,1,7,0,0,0.0,2012
0,23,1,1,0,0,0.0,2012
0,24,1,1,0,0,0.0,2012
0,25,3,33,0,0,0.0,2012
0,26,4,34,0,0,0.0,2012
0,1,310,443,4742,160295,706481.0,2012
0,2,163,163,298,9805,42657.0,2012
0,3,63,63,417,12864,47481.0,2012
0,4,32,32,369,12364,44051.0,2012
0,5,20,20,330,11374,40027.0,2012
0,6,278,278,1414,46407,174216.0,2012
0,7,13,15,281,11004,47543.0,2012
0,8,6,6,133,6447,21487.0,2012
0,9,4,4,129,3952,15198.0,2012
0,11,2,2,0,0,0.0,2012
0,12,1,1,0,0,0.0,2012
0,13,1,1,0,0,0.0,2012
0,19,305,307,2086,72619,276969.0,2012
0,21,1,34,0,0,0.0,2012
0,22,1,24,0,0,0.0,2012
0,23,1,76,0,0,0.0,2012
0,26,2,2,0,0,0.0,2012
0,1,843,880,27740,1508933,28669029.0,2012
0,2,429,429,500,22694,134990.0,2012
0,3,122,122,818,20926,136031.0,2012
0,4,80,80,926,23775,130470.0,2012
0,5,37,37,593,17430,113267.0,2012
0,6,668,668,2837,84825,514758.0,2012
0,7,30,30,636,14093,88586.0,2012
0,8,20,20,550,15632,74664.0,2012
0,9,10,10,317,10683,57415.0,2012
0,10,14,15,504,16671,112516.0,2012
0,11,16,17,714,24244,135647.0,2012
0,12,31,31,1823,63300,368688.0,2012
0,13,14,17,1094,37228,199931.0,2012
0,14,10,11,941,42943,277999.0,2012
0,15,7,8,1012,46502,306638.0,2012
0,16,4,6,766,44312,832305.0,2012
0,17,4,4,442,26751,105386.0,2012
0,18,5,7,1075,61521,324055.0,2012
0,19,833,844,12711,488705,3398588.0,2012
0,20,4,5,1828,90220,680194.0,2012
0,21,2,3,0,0,0.0,2012
0,23,2,2,0,0,0.0,2012
0,26,2,26,0,0,0.0,2012
0,1,843,880,27740,1508933,28669029.0,2012
0,2,429,429,500,22694,134990.0,2012
0,3,122,122,818,20926,136031.0,2012
0,4,80,80,926,23775,130470.0,2012
0,5,37,37,593,17430,113267.0,2012
0,6,668,668,2837,84825,514758.0,2012
0,7,30,30,636,14093,88586.0,2012
0,8,20,20,550,15632,74664.0,2012
0,9,10,10,317,10683,57415.0,2012
0,10,14,15,504,16671,112516.0,2012
0,11,16,17,714,24244,135647.0,2012
0,12,31,31,1823,63300,368688.0,2012
0,13,14,17,1094,37228,199931.0,2012
0,14,10,11,941,42943,277999.0,2012
0,15,7,8,1012,46502,306638.0,2012
0,16,4,6,766,44312,832305.0,2012
0,17,4,4,442,26751,105386.0,2012
0,18,5,7,1075,61521,324055.0,2012
0,19,833,844,12711,488705,3398588.0,2012
0,20,4,5,1828,90220,680194.0,2012
0,21,2,3,0,0,0.0,2012
0,23,2,2,0,0,0.0,2012
0,26,2,26,0,0,0.0,2012
0,1,2519,2631,37896,1844423,15524979.0,2012
0,2,1216,1216,2103,71822,339926.0,2012
0,3,542,542,3599,98398,503228.0,2012
0,4,220,220,2596,77421,381536.0,2012
0,5,134,135,2216,78371,421845.0,2012
0,6,2112,2113,10514,326012,1646535.0,2012
0,7,98,99,2130,68959,338340.0,2012
0,8,64,66,1668,56667,291115.0,2012
0,9,46,48,1430,53877,269686.0,2012
0,10,35,36,1212,47816,289506.0,2012
0,11,42,42,1822,67441,350158.0,2012
0,12,48,55,2907,123050,589534.0,2012
0,13,12,13,847,51378,325394.0,2012
0,14,19,27,2080,119503,608319.0,2012
0,15,11,26,1332,65684,470648.0,2012
0,16,5,13,837,48211,375204.0,2012
0,17,4,4,0,0,0.0,2012
0,18,4,7,1120,78605,277532.0,2012
0,19,2500,2549,28459,1145207,6141764.0,2012
0,20,4,12,0,0,0.0,2012
0,21,3,10,0,0,0.0,2012
0,22,2,13,0,0,0.0,2012
0,23,1,1,0,0,0.0,2012
0,24,1,2,0,0,0.0,2012
0,25,3,23,0,0,0.0,2012
0,26,5,21,0,0,0.0,2012
0,1,2519,2631,37896,1844423,15524979.0,2012
0,2,1216,1216,2103,71822,339926.0,2012
0,3,542,542,3599,98398,503228.0,2012
0,4,220,220,2596,77421,381536.0,2012
0,5,134,135,2216,78371,421845.0,2012
0,6,2112,2113,10514,326012,1646535.0,2012
0,7,98,99,2130,68959,338340.0,2012
0,8,64,66,1668,56667,291115.0,2012
0,9,46,48,1430,53877,269686.0,2012
0,10,35,36,1212,47816,289506.0,2012
0,11,42,42,1822,67441,350158.0,2012
0,12,48,55,2907,123050,589534.0,2012
0,13,12,13,847,51378,325394.0,2012
0,14,19,27,2080,119503,608319.0,2012
0,15,11,26,1332,65684,470648.0,2012
0,16,5,13,837,48211,375204.0,2012
0,17,4,4,0,0,0.0,2012
0,18,4,7,1120,78605,277532.0,2012
0,19,2500,2549,28459,1145207,6141764.0,2012
0,20,4,12,0,0,0.0,2012
0,21,3,10,0,0,0.0,2012
0,22,2,13,0,0,0.0,2012
0,23,1,1,0,0,0.0,2012
0,24,1,2,0,0,0.0,2012
0,25,3,23,0,0,0.0,2012
0,26,5,21,0,0,0.0,2012
0,1,231,249,6920,416132,9139013.0,2012
0,2,131,131,193,8351,73958.0,2012
0,3,35,35,247,10968,130453.0,2012
0,4,19,19,228,7239,56097.0,2012
0,5,11,11,184,7903,54667.0,2012
0,6,196,196,852,34461,315175.0,2012
0,7,5,5,115,3738,24688.0,2012
0,8,3,3,80,2848,56578.0,2012
0,9,2,2,0,0,0.0,2012
0,10,4,4,0,0,0.0,2012
0,11,1,1,0,0,0.0,2012
0,12,1,1,0,0,0.0,2012
0,13,1,1,0,0,0.0,2012
0,14,2,3,0,0,0.0,2012
0,15,4,5,0,0,0.0,2012
0,16,5,7,917,56334,1521643.0,2012
0,17,1,1,0,0,0.0,2012
0,19,225,229,3160,178268,2740940.0,2012
0,20,1,2,0,0,0.0,2012
0,21,2,4,0,0,0.0,2012
0,23,1,5,0,0,0.0,2012
0,24,1,5,0,0,0.0,2012
0,25,1,4,0,0,0.0,2012
0,1,231,249,6920,416132,9139013.0,2012
0,2,131,131,193,8351,73958.0,2012
0,3,35,35,247,10968,130453.0,2012
0,4,19,19,228,7239,56097.0,2012
0,5,11,11,184,7903,54667.0,2012
0,6,196,196,852,34461,315175.0,2012
0,7,5,5,115,3738,24688.0,2012
0,8,3,3,80,2848,56578.0,2012
0,9,2,2,0,0,0.0,2012
0,10,4,4,0,0,0.0,2012
0,11,1,1,0,0,0.0,2012
0,12,1,1,0,0,0.0,2012
0,13,1,1,0,0,0.0,2012
0,14,2,3,0,0,0.0,2012
0,15,4,5,0,0,0.0,2012
0,16,5,7,917,56334,1521643.0,2012
0,17,1,1,0,0,0.0,2012
0,19,225,229,3160,178268,2740940.0,2012
0,20,1,2,0,0,0.0,2012
0,21,2,4,0,0,0.0,2012
0,23,1,5,0,0,0.0,2012
0,24,1,5,0,0,0.0,2012
0,25,1,4,0,0,0.0,2012
0,1,93,114,14599,930355,41049509.0,2012
0,2,34,34,0,3178,124110.0,2012
0,3,8,8,0,0,0.0,2012
0,4,3,3,0,0,0.0,2012
0,5,2,2,0,0,0.0,2012
0,6,47,47,0,6819,190381.0,2012
0,7,3,3,71,3940,0.0,2012
0,8,3,3,80,1427,12062.0,2012
0,9,4,4,130,4186,49425.0,2012
0,10,4,4,0,6897,0.0,2012
0,11,1,1,0,0,0.0,2012
0,12,8,10,459,16934,594842.0,2012
0,13,4,4,0,0,0.0,2012
0,14,4,4,0,0,0.0,2012
0,15,2,2,0,0,0.0,2012
0,16,1,1,0,0,0.0,2012
0,17,2,2,0,0,0.0,2012
0,19,83,85,2423,110273,2380211.0,2012
0,20,2,4,0,0,0.0,2012
0,21,1,1,0,0,0.0,2012
0,22,3,5,1828,119531,2294314.0,2012
0,23,1,3,0,0,0.0,2012
0,25,1,2,0,0,0.0,2012
0,26,2,14,0,0,0.0,2012
0,1,93,114,14599,930355,41049509.0,2012
0,2,34,34,0,3178,124110.0,2012
0,3,8,8,0,0,0.0,2012
0,4,3,3,0,0,0.0,2012
0,5,2,2,0,0,0.0,2012
0,6,47,47,0,6819,190381.0,2012
0,7,3,3,71,3940,0.0,2012
0,8,3,3,80,1427,12062.0,2012
0,9,4,4,130,4186,49425.0,2012
0,10,4,4,0,6897,0.0,2012
0,11,1,1,0,0,0.0,2012
0,12,8,10,459,16934,594842.0,2012
0,13,4,4,0,0,0.0,2012
0,14,4,4,0,0,0.0,2012
0,15,2,2,0,0,0.0,2012
0,16,1,1,0,0,0.0,2012
0,17,2,2,0,0,0.0,2012
0,19,83,85,2423,110273,2380211.0,2012
0,20,2,4,0,0,0.0,2012
0,21,1,1,0,0,0.0,2012
0,22,3,5,1828,119531,2294314.0,2012
0,23,1,3,0,0,0.0,2012
0,25,1,2,0,0,0.0,2012
0,26,2,14,0,0,0.0,2012
0,1,93,114,14599,930355,41049509.0,2012
0,2,34,34,0,3178,124110.0,2012
0,3,8,8,0,0,0.0,2012
0,4,3,3,0,0,0.0,2012
0,5,2,2,0,0,0.0,2012
0,6,47,47,0,6819,190381.0,2012
0,7,3,3,71,3940,0.0,2012
0,8,3,3,80,1427,12062.0,2012
0,9,4,4,130,4186,49425.0,2012
0,10,4,4,0,6897,0.0,2012
0,11,1,1,0,0,0.0,2012
0,12,8,10,459,16934,594842.0,2012
0,13,4,4,0,0,0.0,2012
0,14,4,4,0,0,0.0,2012
0,15,2,2,0,0,0.0,2012
0,16,1,1,0,0,0.0,2012
0,17,2,2,0,0,0.0,2012
0,19,83,85,2423,110273,2380211.0,2012
0,20,2,4,0,0,0.0,2012
0,21,1,1,0,0,0.0,2012
0,22,3,5,1828,119531,2294314.0,2012
0,23,1,3,0,0,0.0,2012
0,25,1,2,0,0,0.0,2012
0,26,2,14,0,0,0.0,2012
0,1,2101,2358,106894,4116156,30970846.0,2012
0,2,818,821,1592,61908,424443.0,2012
0,3,311,311,2061,67014,389849.0,2012
0,4,172,173,2040,79893,486995.0,2012
0,5,99,102,1655,63312,463380.0,2012
0,6,1400,1407,7348,272127,1764667.0,2012
0,7,72,73,1552,59530,304046.0,2012
0,8,57,59,1489,55070,327377.0,2012
0,9,45,47,1384,51723,298229.0,2012
0,10,43,45,1520,57701,371159.0,2012
0,11,58,60,2454,95428,573542.0,2012
0,12,100,106,5980,202408,1235611.0,2012
0,13,63,72,4618,177470,1223314.0,2012
0,14,53,61,4871,182877,1381287.0,2012
0,15,45,63,6945,240978,1483585.0,2012
0,16,43,65,8153,320751,2336777.0,2012
0,17,19,27,5155,201442,1525008.0,2012
0,18,13,20,3139,108409,501949.0,2012
0,19,2011,2105,54608,2025914,13326551.0,2012
0,20,17,32,6126,219474,1370322.0,2012
0,21,16,33,6071,252809,1492882.0,2012
0,22,19,52,9738,366717,2680485.0,2012
0,23,6,18,4573,144610,1401244.0,2012
0,24,3,4,471,18997,195996.0,2012
0,25,11,40,0,0,0.0,2012
0,26,18,74,0,0,0.0,2012
0,1,252,324,25272,805813,7934302.0,2012
0,2,83,84,156,6819,59633.0,2012
0,3,29,29,186,4832,49568.0,2012
0,4,12,12,142,6322,56901.0,2012
0,5,8,8,138,3667,33255.0,2012
0,6,132,133,622,21640,199357.0,2012
0,7,11,12,221,7575,54415.0,2012
0,8,8,9,217,7306,49848.0,2012
0,9,6,6,174,5779,36702.0,2012
0,10,8,8,277,8213,35401.0,2012
0,11,7,7,282,9115,57640.0,2012
0,12,17,17,946,29272,196865.0,2012
0,13,14,16,880,37137,311151.0,2012
0,14,3,4,172,6422,25534.0,2012
0,15,9,11,1389,38902,263155.0,2012
0,16,6,6,709,23274,212216.0,2012
0,17,2,3,0,0,0.0,2012
0,18,2,4,0,0,0.0,2012
0,19,225,236,7037,241376,1794956.0,2012
0,20,4,7,0,0,0.0,2012
0,21,4,5,0,50040,242807.0,2012
0,22,8,20,4251,136204,1359033.0,2012
0,23,3,5,2044,55388,611684.0,2012
0,24,2,2,0,0,0.0,2012
0,25,3,23,0,0,0.0,2012
0,26,3,26,7010,206674,2382742.0,2012
0,1,252,324,25272,805813,7934302.0,2012
0,2,83,84,156,6819,59633.0,2012
0,3,29,29,186,4832,49568.0,2012
0,4,12,12,142,6322,56901.0,2012
0,5,8,8,138,3667,33255.0,2012
0,6,132,133,622,21640,199357.0,2012
0,7,11,12,221,7575,54415.0,2012
0,8,8,9,217,7306,49848.0,2012
0,9,6,6,174,5779,36702.0,2012
0,10,8,8,277,8213,35401.0,2012
0,11,7,7,282,9115,57640.0,2012
0,12,17,17,946,29272,196865.0,2012
0,13,14,16,880,37137,311151.0,2012
0,14,3,4,172,6422,25534.0,2012
0,15,9,11,1389,38902,263155.0,2012
0,16,6,6,709,23274,212216.0,2012
0,17,2,3,0,0,0.0,2012
0,18,2,4,0,0,0.0,2012
0,19,225,236,7037,241376,1794956.0,2012
0,20,4,7,0,0,0.0,2012
0,21,4,5,0,50040,242807.0,2012
0,22,8,20,4251,136204,1359033.0,2012
0,23,3,5,2044,55388,611684.0,2012
0,24,2,2,0,0,0.0,2012
0,25,3,23,0,0,0.0,2012
0,26,3,26,7010,206674,2382742.0,2012
0,1,252,324,25272,805813,7934302.0,2012
0,2,83,84,156,6819,59633.0,2012
0,3,29,29,186,4832,49568.0,2012
0,4,12,12,142,6322,56901.0,2012
0,5,8,8,138,3667,33255.0,2012
0,6,132,133,622,21640,199357.0,2012
0,7,11,12,221,7575,54415.0,2012
0,8,8,9,217,7306,49848.0,2012
0,9,6,6,174,5779,36702.0,2012
0,10,8,8,277,8213,35401.0,2012
0,11,7,7,282,9115,57640.0,2012
0,12,17,17,946,29272,196865.0,2012
0,13,14,16,880,37137,311151.0,2012
0,14,3,4,172,6422,25534.0,2012
0,15,9,11,1389,38902,263155.0,2012
0,16,6,6,709,23274,212216.0,2012
0,17,2,3,0,0,0.0,2012
0,18,2,4,0,0,0.0,2012
0,19,225,236,7037,241376,1794956.0,2012
0,20,4,7,0,0,0.0,2012
0,21,4,5,0,50040,242807.0,2012
0,22,8,20,4251,136204,1359033.0,2012
0,23,3,5,2044,55388,611684.0,2012
0,24,2,2,0,0,0.0,2012
0,25,3,23,0,0,0.0,2012
0,26,3,26,7010,206674,2382742.0,2012
0,1,890,982,51622,2138451,15653329.0,2012
0,2,289,291,544,21159,147525.0,2012
0,3,122,122,805,24992,132127.0,2012
0,4,81,81,973,35181,204702.0,2012
0,5,49,50,821,30662,203358.0,2012
0,6,541,544,3143,111994,687712.0,2012
0,7,34,34,735,26931,115452.0,2012
0,8,19,19,511,15713,104424.0,2012
0,9,21,21,628,24388,118275.0,2012
0,10,20,22,721,26400,155356.0,2012
0,11,28,30,1138,45799,287577.0,2012
0,12,43,45,2621,89290,551960.0,2012
0,13,30,36,2149,86117,594038.0,2012
0,14,29,34,2527,93924,874857.0,2012
0,15,25,33,3580,133332,858567.0,2012
0,16,19,32,3781,138460,935785.0,2012
0,17,14,16,3540,133650,988872.0,2012
0,18,7,10,1940,72395,0.0,2012
0,19,830,876,27014,998393,6606145.0,2012
0,20,10,13,2421,91879,581247.0,2012
0,21,13,20,3440,140675,986126.0,2012
0,22,8,17,3755,167924,935659.0,2012
0,23,5,9,1817,62326,476224.0,2012
0,24,1,1,0,0,0.0,2012
0,25,7,12,2924,93329,608390.0,2012
0,26,16,34,0,0,0.0,2012
0,1,306,335,19592,653785,4565598.0,2012
0,2,126,126,222,8364,56216.0,2012
0,3,48,48,307,8941,55559.0,2012
0,4,15,15,167,5006,26157.0,2012
0,5,14,14,232,7785,54684.0,2012
0,6,203,203,928,30096,192616.0,2012
0,7,10,10,196,5789,19814.0,2012
0,8,5,5,132,3912,24158.0,2012
0,9,3,3,72,5973,35370.0,2012
0,10,4,4,142,4837,26333.0,2012
0,11,5,6,228,9196,74392.0,2012
0,12,13,13,819,23586,114554.0,2012
0,13,7,7,466,21810,163513.0,2012
0,14,10,11,771,29031,0.0,2012
0,15,7,9,994,36950,229474.0,2012
0,16,6,6,998,28292,287489.0,2012
0,17,5,7,924,29673,195044.0,2012
0,18,3,5,1149,32501,118543.0,2012
0,19,281,289,7819,261646,1796317.0,2012
0,20,5,7,1734,60778,394345.0,2012
0,21,6,9,1714,57416,311009.0,2012
0,22,4,8,0,0,0.0,2012
0,23,2,3,0,0,0.0,2012
0,25,3,7,0,72709,494061.0,2012
0,26,5,12,0,0,0.0,2012
0,1,306,335,19592,653785,4565598.0,2012
0,2,126,126,222,8364,56216.0,2012
0,3,48,48,307,8941,55559.0,2012
0,4,15,15,167,5006,26157.0,2012
0,5,14,14,232,7785,54684.0,2012
0,6,203,203,928,30096,192616.0,2012
0,7,10,10,196,5789,19814.0,2012
0,8,5,5,132,3912,24158.0,2012
0,9,3,3,72,5973,35370.0,2012
0,10,4,4,142,4837,26333.0,2012
0,11,5,6,228,9196,74392.0,2012
0,12,13,13,819,23586,114554.0,2012
0,13,7,7,466,21810,163513.0,2012
0,14,10,11,771,29031,0.0,2012
0,15,7,9,994,36950,229474.0,2012
0,16,6,6,998,28292,287489.0,2012
0,17,5,7,924,29673,195044.0,2012
0,18,3,5,1149,32501,118543.0,2012
0,19,281,289,7819,261646,1796317.0,2012
0,20,5,7,1734,60778,394345.0,2012
0,21,6,9,1714,57416,311009.0,2012
0,22,4,8,0,0,0.0,2012
0,23,2,3,0,0,0.0,2012
0,25,3,7,0,72709,494061.0,2012
0,26,5,12,0,0,0.0,2012
0,1,196,214,6865,236790,1048564.0,2012
0,2,75,75,147,4143,28163.0,2012
0,3,21,21,134,2865,10157.0,2012
0,4,26,26,319,10422,40752.0,2012
0,5,8,8,125,4844,21832.0,2012
0,6,130,130,725,22274,100904.0,2012
0,7,6,6,140,4516,16620.0,2012
0,8,5,5,134,4148,14392.0,2012
0,9,5,5,0,0,0.0,2012
0,10,3,4,0,0,0.0,2012
0,11,8,8,318,11924,55217.0,2012
0,12,5,5,278,10153,37543.0,2012
0,13,6,7,0,0,0.0,2012
0,14,7,11,602,22571,94817.0,2012
0,15,6,7,894,31413,120101.0,2012
0,16,7,17,1821,66945,298388.0,2012
0,17,1,1,0,0,0.0,2012
0,18,1,1,0,0,0.0,2012
0,19,190,207,5730,199115,818332.0,2012
0,21,1,1,0,0,0.0,2012
0,22,1,2,0,0,0.0,2012
0,23,2,2,0,0,0.0,2012
0,26,2,2,0,0,0.0,2012
0,1,196,214,6865,236790,1048564.0,2012
0,2,75,75,147,4143,28163.0,2012
0,3,21,21,134,2865,10157.0,2012
0,4,26,26,319,10422,40752.0,2012
0,5,8,8,125,4844,21832.0,2012
0,6,130,130,725,22274,100904.0,2012
0,7,6,6,140,4516,16620.0,2012
0,8,5,5,134,4148,14392.0,2012
0,9,5,5,0,0,0.0,2012
0,10,3,4,0,0,0.0,2012
0,11,8,8,318,11924,55217.0,2012
0,12,5,5,278,10153,37543.0,2012
0,13,6,7,0,0,0.0,2012
0,14,7,11,602,22571,94817.0,2012
0,15,6,7,894,31413,120101.0,2012
0,16,7,17,1821,66945,298388.0,2012
0,17,1,1,0,0,0.0,2012
0,18,1,1,0,0,0.0,2012
0,19,190,207,5730,199115,818332.0,2012
0,21,1,1,0,0,0.0,2012
0,22,1,2,0,0,0.0,2012
0,23,2,2,0,0,0.0,2012
0,26,2,2,0,0,0.0,2012
0,1,218,246,17704,995060,8466184.0,2012
0,2,38,40,64,4462,32029.0,2012
0,3,23,23,168,5446,33241.0,2012
0,4,20,20,253,9854,73658.0,2012
0,5,17,18,291,12172,78065.0,2012
0,6,98,101,776,31934,216993.0,2012
0,7,12,12,0,9302,34715.0,2012
0,8,5,5,140,5794,47933.0,2012
0,9,7,7,212,7675,45334.0,2012
0,10,9,10,318,13106,92533.0,2012
0,11,9,10,344,16308,125197.0,2012
0,12,16,16,996,38965,313941.0,2012
0,13,10,13,750,32877,298091.0,2012
0,14,5,5,437,19167,352727.0,2012
0,15,6,11,934,39214,310114.0,2012
0,16,4,6,832,39510,332962.0,2012
0,17,6,6,1780,80457,682828.0,2012
0,18,2,2,0,0,0.0,2012
0,19,189,204,8367,365696,3034740.0,2012
0,20,4,5,0,0,0.0,2012
0,21,5,8,1508,74162,607063.0,2012
0,22,5,6,1514,81066,364945.0,2012
0,23,2,3,0,0,0.0,2012
0,25,4,5,427,20620,114329.0,2012
0,26,9,15,0,0,0.0,2012
0,1,218,246,17704,995060,8466184.0,2012
0,2,38,40,64,4462,32029.0,2012
0,3,23,23,168,5446,33241.0,2012
0,4,20,20,253,9854,73658.0,2012
0,5,17,18,291,12172,78065.0,2012
0,6,98,101,776,31934,216993.0,2012
0,7,12,12,0,9302,34715.0,2012
0,8,5,5,140,5794,47933.0,2012
0,9,7,7,212,7675,45334.0,2012
0,10,9,10,318,13106,92533.0,2012
0,11,9,10,344,16308,125197.0,2012
0,12,16,16,996,38965,313941.0,2012
0,13,10,13,750,32877,298091.0,2012
0,14,5,5,437,19167,352727.0,2012
0,15,6,11,934,39214,310114.0,2012
0,16,4,6,832,39510,332962.0,2012
0,17,6,6,1780,80457,682828.0,2012
0,18,2,2,0,0,0.0,2012
0,19,189,204,8367,365696,3034740.0,2012
0,20,4,5,0,0,0.0,2012
0,21,5,8,1508,74162,607063.0,2012
0,22,5,6,1514,81066,364945.0,2012
0,23,2,3,0,0,0.0,2012
0,25,4,5,427,20620,114329.0,2012
0,26,9,15,0,0,0.0,2012
0,1,182,187,7461,252816,1572983.0,2012
0,2,50,50,111,4190,31117.0,2012
0,3,30,30,196,7740,33170.0,2012
0,4,20,20,234,9899,64135.0,2012
0,5,10,10,173,5861,48777.0,2012
0,6,110,110,714,27690,177199.0,2012
0,7,6,6,0,0,0.0,2012
0,8,4,4,105,1859,0.0,2012
0,9,6,6,185,6547,22691.0,2012
0,10,4,4,158,4833,20921.0,2012
0,11,6,6,248,8371,32771.0,2012
0,12,9,11,528,16586,85922.0,2012
0,13,8,9,575,21154,91641.0,2012
0,14,7,7,717,23155,112296.0,2012
0,15,6,6,758,25755,198878.0,2012
0,16,2,3,0,0,0.0,2012
0,17,2,2,0,0,0.0,2012
0,18,2,2,0,0,0.0,2012
0,19,172,176,5098,171936,956756.0,2012
0,20,1,1,0,0,0.0,2012
0,21,2,2,0,0,0.0,2012
0,22,1,1,0,0,0.0,2012
0,23,1,1,0,0,0.0,2012
0,24,1,1,0,0,0.0,2012
0,26,4,5,0,0,0.0,2012
0,1,182,187,7461,252816,1572983.0,2012
0,2,50,50,111,4190,31117.0,2012
0,3,30,30,196,7740,33170.0,2012
0,4,20,20,234,9899,64135.0,2012
0,5,10,10,173,5861,48777.0,2012
0,6,110,110,714,27690,177199.0,2012
0,7,6,6,0,0,0.0,2012
0,8,4,4,105,1859,0.0,2012
0,9,6,6,185,6547,22691.0,2012
0,10,4,4,158,4833,20921.0,2012
0,11,6,6,248,8371,32771.0,2012
0,12,9,11,528,16586,85922.0,2012
0,13,8,9,575,21154,91641.0,2012
0,14,7,7,717,23155,112296.0,2012
0,15,6,6,758,25755,198878.0,2012
0,16,2,3,0,0,0.0,2012
0,17,2,2,0,0,0.0,2012
0,18,2,2,0,0,0.0,2012
0,19,172,176,5098,171936,956756.0,2012
0,20,1,1,0,0,0.0,2012
0,21,2,2,0,0,0.0,2012
0,22,1,1,0,0,0.0,2012
0,23,1,1,0,0,0.0,2012
0,24,1,1,0,0,0.0,2012
0,26,4,5,0,0,0.0,2012
0,1,1009,1052,30000,1171892,7383215.0,2012
0,2,446,446,892,33930,217285.0,2012
0,3,160,160,1070,37190,208154.0,2012
0,4,80,80,925,38390,225392.0,2012
0,5,42,44,696,28983,226767.0,2012
0,6,728,730,3583,138493,877598.0,2012
0,7,27,27,596,25024,134179.0,2012
0,8,30,31,761,32051,173105.0,2012
0,9,19,20,582,21556,143252.0,2012
0,10,15,15,522,23088,180402.0,2012
0,11,23,23,1034,40514,228325.0,2012
0,12,43,44,2413,83846,486786.0,2012
0,13,20,20,1589,54216,318125.0,2012
0,14,22,23,2172,82531,480896.0,2012
0,15,14,19,1976,68744,361863.0,2012
0,16,22,27,3663,159017,1188776.0,2012
0,17,3,8,983,36242,244666.0,2012
0,18,4,6,683,20823,107477.0,2012
0,19,970,993,20557,786145,4925450.0,2012
0,20,11,12,2676,99106,590093.0,2012
0,21,4,8,1526,62094,263949.0,2012
0,22,8,15,1732,62589,385793.0,2012
0,23,2,4,0,0,0.0,2012
0,24,1,1,0,0,0.0,2012
0,25,3,5,0,0,0.0,2012
0,26,10,14,0,0,0.0,2012
0,1,836,863,23035,820501,5091306.0,2012
0,2,401,401,796,29215,186619.0,2012
0,3,138,138,921,31059,175039.0,2012
0,4,67,67,769,29348,157520.0,2012
0,5,32,34,533,21968,162287.0,2012
0,6,638,640,3019,111590,681465.0,2012
0,7,22,22,485,19224,107724.0,2012
0,8,24,24,625,23338,129221.0,2012
0,9,12,12,354,11096,79267.0,2012
0,10,11,11,386,15888,136588.0,2012
0,11,17,17,750,28340,181437.0,2012
0,12,29,30,1606,46833,233547.0,2012
0,13,14,14,1200,37136,196679.0,2012
0,14,13,14,1346,44583,231616.0,2012
0,15,10,15,1485,45162,247958.0,2012
0,16,14,17,2333,84772,672898.0,2012
0,17,2,2,0,0,0.0,2012
0,18,3,4,0,17364,86425.0,2012
0,19,809,822,14864,504467,3061930.0,2012
0,20,8,9,2448,88180,525306.0,2012
0,21,3,6,1354,54504,213591.0,2012
0,22,5,9,1416,45402,284951.0,2012
0,23,2,4,0,0,0.0,2012
0,24,1,1,0,0,0.0,2012
0,25,2,3,0,0,0.0,2012
0,26,6,9,1843,91931,0.0,2012
0,1,836,863,23035,820501,5091306.0,2012
0,2,401,401,796,29215,186619.0,2012
0,3,138,138,921,31059,175039.0,2012
0,4,67,67,769,29348,157520.0,2012
0,5,32,34,533,21968,162287.0,2012
0,6,638,640,3019,111590,681465.0,2012
0,7,22,22,485,19224,107724.0,2012
0,8,24,24,625,23338,129221.0,2012
0,9,12,12,354,11096,79267.0,2012
0,10,11,11,386,15888,136588.0,2012
0,11,17,17,750,28340,181437.0,2012
0,12,29,30,1606,46833,233547.0,2012
0,13,14,14,1200,37136,196679.0,2012
0,14,13,14,1346,44583,231616.0,2012
0,15,10,15,1485,45162,247958.0,2012
0,16,14,17,2333,84772,672898.0,2012
0,17,2,2,0,0,0.0,2012
0,18,3,4,0,17364,86425.0,2012
0,19,809,822,14864,504467,3061930.0,2012
0,20,8,9,2448,88180,525306.0,2012
0,21,3,6,1354,54504,213591.0,2012
0,22,5,9,1416,45402,284951.0,2012
0,23,2,4,0,0,0.0,2012
0,24,1,1,0,0,0.0,2012
0,25,2,3,0,0,0.0,2012
0,26,6,9,1843,91931,0.0,2012
0,1,177,189,6965,351391,2291909.0,2012
0,2,45,45,96,4715,30666.0,2012
0,3,22,22,149,6131,33115.0,2012
0,4,13,13,156,9042,67872.0,2012
0,5,10,10,163,7015,64480.0,2012
0,6,90,90,564,26903,196133.0,2012
0,7,5,5,111,5800,26455.0,2012
0,8,7,7,136,8713,43884.0,2012
0,9,7,8,228,10460,63985.0,2012
0,10,4,4,136,7200,0.0,2012
0,11,6,6,0,12174,46888.0,2012
0,12,14,14,807,37013,253239.0,2012
0,13,6,6,389,17080,121446.0,2012
0,14,9,9,826,37948,249280.0,2012
0,15,4,4,491,23582,113905.0,2012
0,16,8,10,1330,74245,515878.0,2012
0,17,1,6,0,0,0.0,2012
0,18,2,2,0,0,0.0,2012
0,19,163,171,5693,281678,1863520.0,2012
0,20,3,3,228,10926,64787.0,2012
0,21,2,2,0,0,0.0,2012
0,22,4,6,0,0,0.0,2012
0,25,1,2,0,0,0.0,2012
0,26,4,5,0,0,0.0,2012
0,1,177,189,6965,351391,2291909.0,2012
0,2,45,45,96,4715,30666.0,2012
0,3,22,22,149,6131,33115.0,2012
0,4,13,13,156,9042,67872.0,2012
0,5,10,10,163,7015,64480.0,2012
0,6,90,90,564,26903,196133.0,2012
0,7,5,5,111,5800,26455.0,2012
0,8,7,7,136,8713,43884.0,2012
0,9,7,8,228,10460,63985.0,2012
0,10,4,4,136,7200,0.0,2012
0,11,6,6,0,12174,46888.0,2012
0,12,14,14,807,37013,253239.0,2012
0,13,6,6,389,17080,121446.0,2012
0,14,9,9,826,37948,249280.0,2012
0,15,4,4,491,23582,113905.0,2012
0,16,8,10,1330,74245,515878.0,2012
0,17,1,6,0,0,0.0,2012
0,18,2,2,0,0,0.0,2012
0,19,163,171,5693,281678,1863520.0,2012
0,20,3,3,228,10926,64787.0,2012
0,21,2,2,0,0,0.0,2012
0,22,4,6,0,0,0.0,2012
0,25,1,2,0,0,0.0,2012
0,26,4,5,0,0,0.0,2012
0,1,5972,6216,111098,3633548,21826650.0,2012
0,2,3331,3331,6174,170649,951662.0,2012
0,3,1110,1114,7428,204026,799028.0,2012
0,4,446,448,5191,149774,555269.0,2012
0,5,246,247,4108,122943,482330.0,2012
0,6,5133,5140,22901,647392,2788289.0,2012
0,7,149,152,3210,100654,375245.0,2012
0,8,91,100,2403,72966,282849.0,2012
0,9,83,83,2627,90992,335775.0,2012
0,10,58,62,1996,73018,316351.0,2012
0,11,76,80,3111,103815,398686.0,2012
0,12,102,111,5838,187208,841877.0,2012
0,13,47,65,3757,139390,764600.0,2012
0,14,61,72,6305,202961,990247.0,2012
0,15,38,57,5002,164650,834594.0,2012
0,16,31,49,5440,176118,926742.0,2012
0,17,21,49,6036,169751,957420.0,2012
0,18,10,15,3033,91945,425568.0,2012
0,19,5900,6035,71659,2220860,10238243.0,2012
0,20,23,46,6711,260987,1867343.0,2012
0,21,9,22,3298,78667,598536.0,2012
0,22,8,18,3799,151951,1315299.0,2012
0,23,4,9,0,78504,365342.0,2012
0,24,2,3,0,0,0.0,2012
0,25,12,21,2840,95842,1039788.0,2012
0,26,14,62,18819,656138,5980727.0,2012
0,1,1848,1970,51214,1710837,12812291.0,2012
0,2,1028,1028,1936,58170,499853.0,2012
0,3,337,340,2253,66138,292659.0,2012
0,4,116,118,1329,38172,161044.0,2012
0,5,71,71,1172,34105,146658.0,2012
0,6,1552,1557,6690,196585,1100214.0,2012
0,7,53,54,1123,34422,135907.0,2012
0,8,28,34,702,18286,82755.0,2012
0,9,24,24,750,23872,95660.0,2012
0,10,19,20,649,22934,103215.0,2012
0,11,33,33,1279,42655,174456.0,2012
0,12,29,29,1699,53665,341916.0,2012
0,13,20,24,1574,65260,432927.0,2012
0,14,18,21,1667,49783,268063.0,2012
0,15,17,24,2349,72642,387711.0,2012
0,16,12,23,2397,84551,467329.0,2012
0,17,5,6,0,0,0.0,2012
0,18,3,4,0,0,0.0,2012
0,19,1813,1853,23000,730297,4088130.0,2012
0,20,13,28,4349,168957,1202048.0,2012
0,21,4,16,1989,47741,437366.0,2012
0,22,4,14,0,0,0.0,2012
0,23,1,1,0,0,0.0,2012
0,24,2,2,0,0,0.0,2012
0,25,4,9,0,0,0.0,2012
0,26,7,47,14094,471815,4618850.0,2012
0,1,224,283,27988,1041013,9102156.0,2012
0,2,84,84,175,14715,311238.0,2012
0,3,35,35,232,9278,62136.0,2012
0,4,19,19,226,7354,42341.0,2012
0,5,15,15,241,6459,37177.0,2012
0,6,153,153,874,37806,452892.0,2012
0,7,7,8,159,3752,24331.0,2012
0,8,7,7,185,6244,26624.0,2012
0,9,3,3,92,4054,21146.0,2012
0,10,4,4,147,7948,32957.0,2012
0,11,5,5,224,7714,48160.0,2012
0,12,5,5,265,10770,62881.0,2012
0,13,7,8,605,28584,220986.0,2012
0,14,4,5,410,14902,93755.0,2012
0,15,3,5,408,15870,87097.0,2012
0,16,3,4,597,26380,152651.0,2012
0,17,3,3,0,0,0.0,2012
0,18,2,2,0,0,0.0,2012
0,19,206,212,5113,213510,1644825.0,2012
0,20,6,11,2839,114783,762679.0,2012
0,21,1,1,0,0,0.0,2012
0,22,3,8,0,0,0.0,2012
0,23,1,1,0,0,0.0,2012
0,24,2,2,0,0,0.0,2012
0,25,1,5,0,0,0.0,2012
0,26,4,43,13470,453007,4539862.0,2012
0,1,224,283,27988,1041013,9102156.0,2012
0,2,84,84,175,14715,311238.0,2012
0,3,35,35,232,9278,62136.0,2012
0,4,19,19,226,7354,42341.0,2012
0,5,15,15,241,6459,37177.0,2012
0,6,153,153,874,37806,452892.0,2012
0,7,7,8,159,3752,24331.0,2012
0,8,7,7,185,6244,26624.0,2012
0,9,3,3,92,4054,21146.0,2012
0,10,4,4,147,7948,32957.0,2012
0,11,5,5,224,7714,48160.0,2012
0,12,5,5,265,10770,62881.0,2012
0,13,7,8,605,28584,220986.0,2012
0,14,4,5,410,14902,93755.0,2012
0,15,3,5,408,15870,87097.0,2012
0,16,3,4,597,26380,152651.0,2012
0,17,3,3,0,0,0.0,2012
0,18,2,2,0,0,0.0,2012
0,19,206,212,5113,213510,1644825.0,2012
0,20,6,11,2839,114783,762679.0,2012
0,21,1,1,0,0,0.0,2012
0,22,3,8,0,0,0.0,2012
0,23,1,1,0,0,0.0,2012
0,24,2,2,0,0,0.0,2012
0,25,1,5,0,0,0.0,2012
0,26,4,43,13470,453007,4539862.0,2012
0,1,1626,1687,23226,669824,3710135.0,2012
0,2,944,944,1761,43455,188615.0,2012
0,3,302,305,2021,56860,230523.0,2012
0,4,97,99,1103,30818,118703.0,2012
0,5,56,56,931,27646,109481.0,2012
0,6,1399,1404,5816,158779,647322.0,2012
0,7,46,46,964,30670,111576.0,2012
0,8,21,27,517,12042,56131.0,2012
0,9,21,21,658,19818,74514.0,2012
0,10,15,16,502,14986,70258.0,2012
0,11,28,28,1055,34941,126296.0,2012
0,12,24,24,1434,42895,279035.0,2012
0,13,13,16,969,36676,211941.0,2012
0,14,14,16,1257,34881,174308.0,2012
0,15,14,19,1941,56772,300614.0,2012
0,16,9,19,1800,58171,314678.0,2012
0,17,2,3,0,0,0.0,2012
0,18,1,2,0,0,0.0,2012
0,19,1607,1641,17887,516787,2443305.0,2012
0,20,7,17,1510,54174,439369.0,2012
0,21,4,15,1861,44949,417042.0,2012
0,22,1,6,0,0,0.0,2012
0,25,3,4,0,0,0.0,2012
0,26,4,4,0,0,0.0,2012
0,1,1626,1687,23226,669824,3710135.0,2012
0,2,944,944,1761,43455,188615.0,2012
0,3,302,305,2021,56860,230523.0,2012
0,4,97,99,1103,30818,118703.0,2012
0,5,56,56,931,27646,109481.0,2012
0,6,1399,1404,5816,158779,647322.0,2012
0,7,46,46,964,30670,111576.0,2012
0,8,21,27,517,12042,56131.0,2012
0,9,21,21,658,19818,74514.0,2012
0,10,15,16,502,14986,70258.0,2012
0,11,28,28,1055,34941,126296.0,2012
0,12,24,24,1434,42895,279035.0,2012
0,13,13,16,969,36676,211941.0,2012
0,14,14,16,1257,34881,174308.0,2012
0,15,14,19,1941,56772,300614.0,2012
0,16,9,19,1800,58171,314678.0,2012
0,17,2,3,0,0,0.0,2012
0,18,1,2,0,0,0.0,2012
0,19,1607,1641,17887,516787,2443305.0,2012
0,20,7,17,1510,54174,439369.0,2012
0,21,4,15,1861,44949,417042.0,2012
0,22,1,6,0,0,0.0,2012
0,25,3,4,0,0,0.0,2012
0,26,4,4,0,0,0.0,2012
0,1,4133,4246,59884,1922711,9014359.0,2012
0,2,2303,2303,4238,112479,451809.0,2012
0,3,773,774,5175,137888,506369.0,2012
0,4,330,330,3862,111602,394225.0,2012
0,5,175,176,2936,88838,335672.0,2012
0,6,3581,3583,16211,450807,1688075.0,2012
0,7,96,98,2087,66232,239338.0,2012
0,8,63,66,1701,54680,200094.0,2012
0,9,59,59,1877,67120,240115.0,2012
0,10,39,42,1347,50084,213136.0,2012
0,11,43,47,1832,61160,224230.0,2012
0,12,74,82,4139,133543,499961.0,2012
0,13,27,41,2183,74130,331673.0,2012
0,14,44,51,4638,153178,722184.0,2012
0,15,22,33,2653,92008,446883.0,2012
0,16,19,26,3043,91567,459413.0,2012
0,17,16,43,4696,125626,611942.0,2012
0,18,7,11,2252,70428,273069.0,2012
0,19,4090,4182,48659,1490563,6150113.0,2012
0,20,10,18,2362,92030,665295.0,2012
0,21,6,6,1309,30926,161170.0,2012
0,22,4,4,0,0,0.0,2012
0,23,3,8,625,32832,168358.0,2012
0,24,1,1,0,0,0.0,2012
0,25,9,12,1286,48738,268865.0,2012
0,26,10,15,4725,184323,1361877.0,2012
0,1,1492,1532,20926,701552,2981619.0,2012
0,2,728,728,1418,38963,132949.0,2012
0,3,323,323,2182,66509,232364.0,2012
0,4,154,154,1815,59141,197539.0,2012
0,5,70,70,1189,41012,151337.0,2012
0,6,1275,1275,6604,205625,714189.0,2012
0,7,40,40,863,31158,101098.0,2012
0,8,25,27,661,22418,80123.0,2012
0,9,26,26,779,27245,98892.0,2012
0,10,19,21,680,29102,134158.0,2012
0,11,15,18,629,26849,92582.0,2012
0,12,26,29,1444,53233,179789.0,2012
0,13,7,9,551,16202,59587.0,2012
0,14,20,24,1978,68786,336513.0,2012
0,15,10,16,1166,40780,188506.0,2012
0,16,6,8,802,21196,137465.0,2012
0,17,6,13,1798,55091,228776.0,2012
0,18,3,4,963,23092,77684.0,2012
0,19,1478,1510,18918,620777,2429362.0,2012
0,20,4,7,693,28354,0.0,2012
0,21,4,4,0,0,0.0,2012
0,23,1,6,0,0,0.0,2012
0,25,2,2,0,0,0.0,2012
0,26,3,3,0,0,0.0,2012
0,1,1492,1532,20926,701552,2981619.0,2012
0,2,728,728,1418,38963,132949.0,2012
0,3,323,323,2182,66509,232364.0,2012
0,4,154,154,1815,59141,197539.0,2012
0,5,70,70,1189,41012,151337.0,2012
0,6,1275,1275,6604,205625,714189.0,2012
0,7,40,40,863,31158,101098.0,2012
0,8,25,27,661,22418,80123.0,2012
0,9,26,26,779,27245,98892.0,2012
0,10,19,21,680,29102,134158.0,2012
0,11,15,18,629,26849,92582.0,2012
0,12,26,29,1444,53233,179789.0,2012
0,13,7,9,551,16202,59587.0,2012
0,14,20,24,1978,68786,336513.0,2012
0,15,10,16,1166,40780,188506.0,2012
0,16,6,8,802,21196,137465.0,2012
0,17,6,13,1798,55091,228776.0,2012
0,18,3,4,963,23092,77684.0,2012
0,19,1478,1510,18918,620777,2429362.0,2012
0,20,4,7,693,28354,0.0,2012
0,21,4,4,0,0,0.0,2012
0,23,1,6,0,0,0.0,2012
0,25,2,2,0,0,0.0,2012
0,26,3,3,0,0,0.0,2012
0,1,2643,2714,38958,1221159,6032740.0,2012
0,2,1575,1575,2820,73516,318860.0,2012
0,3,450,451,2993,71379,274005.0,2012
0,4,176,176,2047,52461,196686.0,2012
0,5,105,106,1747,47826,184335.0,2012
0,6,2306,2308,9607,245182,973886.0,2012
0,7,56,58,1224,35074,138240.0,2012
0,8,38,39,1040,32262,119971.0,2012
0,9,33,33,1098,39875,141223.0,2012
0,10,20,21,667,20982,78978.0,2012
0,11,28,29,1203,34311,131648.0,2012
0,12,48,53,2695,80310,320172.0,2012
0,13,21,32,1632,57928,272086.0,2012
0,14,24,27,2660,84392,385671.0,2012
0,15,12,17,1487,51228,258377.0,2012
0,16,13,18,2241,70371,321948.0,2012
0,17,10,30,2898,70535,383166.0,2012
0,18,4,7,1289,47336,195385.0,2012
0,19,2613,2672,29741,869786,3720751.0,2012
0,20,6,11,0,0,0.0,2012
0,21,2,2,0,0,0.0,2012
0,22,4,4,0,0,0.0,2012
0,23,2,2,0,0,0.0,2012
0,24,1,1,0,0,0.0,2012
0,25,7,10,1255,47600,254781.0,2012
0,26,8,12,4194,166479,1229099.0,2012
0,1,137,152,5929,247946,1752178.0,2012
0,2,40,40,72,9231,66340.0,2012
0,3,25,25,166,4620,22251.0,2012
0,4,16,16,204,6942,33395.0,2012
0,5,12,12,211,5674,29379.0,2012
0,6,93,93,653,26467,151365.0,2012
0,7,5,5,109,6801,42255.0,2012
0,8,1,1,0,0,0.0,2012
0,9,4,4,131,5038,20413.0,2012
0,10,1,2,0,0,0.0,2012
0,11,4,4,180,4690,17802.0,2012
0,12,10,14,620,22650,119124.0,2012
0,13,3,4,0,0,0.0,2012
0,14,2,3,0,0,0.0,2012
0,15,1,2,0,0,0.0,2012
0,16,2,3,0,0,0.0,2012
0,17,1,1,0,0,0.0,2012
0,19,127,136,2958,117345,723256.0,2012
0,20,4,8,0,0,0.0,2012
0,22,1,1,0,0,0.0,2012
0,25,2,2,0,0,0.0,2012
0,26,3,5,1392,63402,547453.0,2012
0,1,2506,2562,33029,973213,4280562.0,2012
0,2,1535,1535,2748,64285,252520.0,2012
0,3,425,426,2827,66759,251754.0,2012
0,4,160,160,1843,45519,163291.0,2012
0,5,93,94,1536,42152,154956.0,2012
0,6,2213,2215,8954,218715,822521.0,2012
0,7,51,53,1115,28273,95985.0,2012
0,8,37,38,1010,31411,113501.0,2012
0,9,29,29,967,34837,120810.0,2012
0,10,19,19,632,20165,73889.0,2012
0,11,24,25,1023,29621,113846.0,2012
0,12,38,39,2075,57660,201048.0,2012
0,13,18,28,1344,47258,198649.0,2012
0,14,22,24,2360,70733,299433.0,2012
0,15,11,15,1315,42971,210558.0,2012
0,16,11,15,1951,59261,259254.0,2012
0,17,9,29,2748,64200,292616.0,2012
0,18,4,7,1289,47336,195385.0,2012
0,19,2486,2536,26783,752441,2997495.0,2012
0,20,2,3,0,0,0.0,2012
0,21,2,2,0,0,0.0,2012
0,22,3,3,0,0,0.0,2012
0,23,2,2,0,0,0.0,2012
0,24,1,1,0,0,0.0,2012
0,25,5,8,941,38578,181825.0,2012
0,26,5,7,0,0,0.0,2012
0,1,6372,6457,111973,2885662,13260976.0,2012
0,2,3274,3275,5408,158983,790001.0,2012
0,3,1124,1124,7466,144049,665339.0,2012
0,4,596,599,7041,134108,575288.0,2012
0,5,340,340,5754,130291,494259.0,2012
0,6,5334,5338,25669,567431,2524887.0,2012
0,7,170,171,3658,81801,306277.0,2012
0,8,152,153,3991,97678,427602.0,2012
0,9,98,98,3049,74314,327828.0,2012
0,10,82,83,3001,68786,276075.0,2012
0,11,99,101,4253,109431,537470.0,2012
0,12,124,128,7273,181689,693500.0,2012
0,13,71,75,5703,165734,609934.0,2012
0,14,89,96,10002,292366,1421825.0,2012
0,15,39,48,5481,174125,802070.0,2012
0,16,41,47,8443,229344,1111829.0,2012
0,17,19,27,4820,143424,660560.0,2012
0,18,3,4,309,7872,49068.0,2012
0,19,6321,6369,85652,2193995,9748925.0,2012
0,20,15,18,5878,142164,528292.0,2012
0,21,7,11,2295,55716,251551.0,2012
0,22,10,24,5537,141885,1006627.0,2012
0,23,1,1,0,0,0.0,2012
0,24,3,13,1558,40439,281942.0,2012
0,25,4,6,1376,44607,204920.0,2012
0,26,11,15,9551,264414,1230212.0,2012
0,1,264,279,12983,373778,2005557.0,2012
0,2,84,84,152,5405,51859.0,2012
0,3,43,43,276,5697,22255.0,2012
0,4,28,28,328,8402,50036.0,2012
0,5,14,14,235,6598,25981.0,2012
0,6,169,169,991,26102,150131.0,2012
0,7,6,6,132,2571,7328.0,2012
0,8,13,14,334,7238,29929.0,2012
0,9,7,7,0,0,0.0,2012
0,10,5,6,0,0,0.0,2012
0,11,5,5,0,4885,0.0,2012
0,12,9,9,539,12514,43208.0,2012
0,13,13,13,1034,32062,113469.0,2012
0,14,16,21,0,54143,289681.0,2012
0,15,5,6,0,0,0.0,2012
0,16,8,8,1869,64755,0.0,2012
0,17,2,3,0,0,0.0,2012
0,19,258,267,8472,251576,1265012.0,2012
0,20,3,4,1369,40717,138798.0,2012
0,22,2,6,0,0,0.0,2012
0,26,1,2,0,0,0.0,2012
0,1,136,148,9942,270164,1335468.0,2012
0,2,31,31,68,1697,7141.0,2012
0,3,21,21,135,2067,9036.0,2012
0,4,16,16,177,5070,28145.0,2012
0,5,10,10,164,4020,18898.0,2012
0,6,78,78,544,12854,63220.0,2012
0,7,2,2,0,0,0.0,2012
0,8,7,8,0,0,0.0,2012
0,9,4,4,0,0,0.0,2012
0,10,3,4,0,0,0.0,2012
0,11,3,3,132,2065,9367.0,2012
0,12,7,7,405,8938,0.0,2012
0,13,7,7,575,16297,70263.0,2012
0,14,9,11,953,30322,127068.0,2012
0,15,2,3,0,0,0.0,2012
0,16,6,6,1468,38437,155473.0,2012
0,17,2,3,0,0,0.0,2012
0,19,130,136,5431,147962,594923.0,2012
0,20,3,4,1369,40717,138798.0,2012
0,22,2,6,0,0,0.0,2012
0,26,1,2,0,0,0.0,2012
0,1,136,148,9942,270164,1335468.0,2012
0,2,31,31,68,1697,7141.0,2012
0,3,21,21,135,2067,9036.0,2012
0,4,16,16,177,5070,28145.0,2012
0,5,10,10,164,4020,18898.0,2012
0,6,78,78,544,12854,63220.0,2012
0,7,2,2,0,0,0.0,2012
0,8,7,8,0,0,0.0,2012
0,9,4,4,0,0,0.0,2012
0,10,3,4,0,0,0.0,2012
0,11,3,3,132,2065,9367.0,2012
0,12,7,7,405,8938,0.0,2012
0,13,7,7,575,16297,70263.0,2012
0,14,9,11,953,30322,127068.0,2012
0,15,2,3,0,0,0.0,2012
0,16,6,6,1468,38437,155473.0,2012
0,17,2,3,0,0,0.0,2012
0,19,130,136,5431,147962,594923.0,2012
0,20,3,4,1369,40717,138798.0,2012
0,22,2,6,0,0,0.0,2012
0,26,1,2,0,0,0.0,2012
0,1,128,131,3041,103614,670089.0,2012
0,2,53,53,84,3708,44718.0,2012
0,3,22,22,141,3630,13219.0,2012
0,4,12,12,151,3332,21891.0,2012
0,5,4,4,71,2578,7083.0,2012
0,6,91,91,447,13248,86911.0,2012
0,7,4,4,89,1738,5467.0,2012
0,8,6,6,0,3508,14222.0,2012
0,9,3,3,0,0,0.0,2012
0,10,2,2,0,0,0.0,2012
0,11,2,2,0,0,0.0,2012
0,12,2,2,0,0,0.0,2012
0,13,6,6,459,15765,43206.0,2012
0,14,7,10,0,23821,162613.0,2012
0,15,3,3,0,0,0.0,2012
0,16,2,2,0,0,0.0,2012
0,19,128,131,3041,103614,670089.0,2012
0,1,128,131,3041,103614,670089.0,2012
0,2,53,53,84,3708,44718.0,2012
0,3,22,22,141,3630,13219.0,2012
0,4,12,12,151,3332,21891.0,2012
0,5,4,4,71,2578,7083.0,2012
0,6,91,91,447,13248,86911.0,2012
0,7,4,4,89,1738,5467.0,2012
0,8,6,6,0,3508,14222.0,2012
0,9,3,3,0,0,0.0,2012
0,10,2,2,0,0,0.0,2012
0,11,2,2,0,0,0.0,2012
0,12,2,2,0,0,0.0,2012
0,13,6,6,459,15765,43206.0,2012
0,14,7,10,0,23821,162613.0,2012
0,15,3,3,0,0,0.0,2012
0,16,2,2,0,0,0.0,2012
0,19,128,131,3041,103614,670089.0,2012
0,1,5557,5607,90268,2267246,10037082.0,2012
0,2,2863,2864,4680,139423,674217.0,2012
0,3,999,999,6639,125357,588547.0,2012
0,4,531,533,6275,113891,470095.0,2012
0,5,311,311,5258,115119,432157.0,2012
0,6,4704,4707,22852,493790,2165016.0,2012
0,7,154,155,3316,72514,270752.0,2012
0,8,130,130,3409,84176,371745.0,2012
0,9,81,81,2545,58898,254854.0,2012
0,10,72,72,2607,58778,240982.0,2012
0,11,85,87,3649,93410,463340.0,2012
0,12,101,103,5985,149959,592162.0,2012
0,13,50,52,4194,121307,464272.0,2012
0,14,66,67,7632,222435,1054265.0,2012
0,15,29,34,3985,128550,0.0,2012
0,16,30,35,6125,147877,582053.0,2012
0,17,16,23,4219,126009,607171.0,2012
0,18,3,4,309,7872,49068.0,2012
0,19,5521,5550,70827,1765575,7764092.0,2012
0,20,8,8,3463,73320,231555.0,2012
0,21,5,5,0,0,0.0,2012
0,22,8,18,0,81734,508595.0,2012
0,23,1,1,0,0,0.0,2012
0,24,3,12,1527,39731,278702.0,2012
0,25,3,4,1248,39766,174210.0,2012
0,26,8,9,7843,216942,854054.0,2012
0,1,3144,3163,43545,851358,2832646.0,2012
0,2,1500,1501,2718,70155,296654.0,2012
0,3,613,613,4087,67561,263174.0,2012
0,4,337,338,3991,63025,240198.0,2012
0,5,201,201,3398,60935,201665.0,2012
0,6,2651,2653,14194,261676,1001691.0,2012
0,7,101,101,2160,38945,127091.0,2012
0,8,72,72,1950,36928,162846.0,2012
0,9,56,56,1739,33217,131792.0,2012
0,10,46,46,1681,24635,53991.0,2012
0,11,47,48,2047,35386,125170.0,2012
0,12,61,63,3546,64704,157326.0,2012
0,13,23,24,1838,34241,87887.0,2012
0,14,34,34,3569,76359,236579.0,2012
0,15,14,17,1947,50366,150642.0,2012
0,16,17,19,3585,77533,304875.0,2012
0,17,6,9,1248,25376,53452.0,2012
0,18,1,1,0,0,0.0,2012
0,19,3129,3143,39524,760596,2606397.0,2012
0,20,5,5,2474,52538,133112.0,2012
0,21,2,2,0,0,0.0,2012
0,22,4,7,0,0,0.0,2012
0,23,1,1,0,0,0.0,2012
0,24,2,4,0,0,0.0,2012
0,26,1,1,0,0,0.0,2012
0,1,3144,3163,43545,851358,2832646.0,2012
0,2,1500,1501,2718,70155,296654.0,2012
0,3,613,613,4087,67561,263174.0,2012
0,4,337,338,3991,63025,240198.0,2012
0,5,201,201,3398,60935,201665.0,2012
0,6,2651,2653,14194,261676,1001691.0,2012
0,7,101,101,2160,38945,127091.0,2012
0,8,72,72,1950,36928,162846.0,2012
0,9,56,56,1739,33217,131792.0,2012
0,10,46,46,1681,24635,53991.0,2012
0,11,47,48,2047,35386,125170.0,2012
0,12,61,63,3546,64704,157326.0,2012
0,13,23,24,1838,34241,87887.0,2012
0,14,34,34,3569,76359,236579.0,2012
0,15,14,17,1947,50366,150642.0,2012
0,16,17,19,3585,77533,304875.0,2012
0,17,6,9,1248,25376,53452.0,2012
0,18,1,1,0,0,0.0,2012
0,19,3129,3143,39524,760596,2606397.0,2012
0,20,5,5,2474,52538,133112.0,2012
0,21,2,2,0,0,0.0,2012
0,22,4,7,0,0,0.0,2012
0,23,1,1,0,0,0.0,2012
0,24,2,4,0,0,0.0,2012
0,26,1,1,0,0,0.0,2012
0,1,455,468,13990,364866,1715094.0,2012
0,2,228,228,426,15203,54918.0,2012
0,3,64,64,405,9618,41359.0,2012
0,4,34,34,388,11586,39953.0,2012
0,5,26,26,453,15119,42092.0,2012
0,6,352,352,1672,51526,178322.0,2012
0,7,11,11,0,0,0.0,2012
0,8,10,10,259,11987,47217.0,2012
0,9,5,5,157,3199,8188.0,2012
0,10,4,4,143,4322,0.0,2012
0,11,13,13,523,12759,52745.0,2012
0,12,8,8,0,0,0.0,2012
0,13,8,8,688,17813,79472.0,2012
0,14,9,9,985,33039,103395.0,2012
0,15,6,7,714,16539,47306.0,2012
0,16,11,13,2023,41013,169828.0,2012
0,17,3,3,0,0,0.0,2012
0,18,2,3,0,0,0.0,2012
0,19,442,446,8896,237263,925406.0,2012
0,20,2,2,0,0,0.0,2012
0,22,5,8,0,0,0.0,2012
0,24,1,5,0,0,0.0,2012
0,25,2,3,0,0,0.0,2012
0,26,3,4,435,8734,149643.0,2012
0,1,455,468,13990,364866,1715094.0,2012
0,2,228,228,426,15203,54918.0,2012
0,3,64,64,405,9618,41359.0,2012
0,4,34,34,388,11586,39953.0,2012
0,5,26,26,453,15119,42092.0,2012
0,6,352,352,1672,51526,178322.0,2012
0,7,11,11,0,0,0.0,2012
0,8,10,10,259,11987,47217.0,2012
0,9,5,5,157,3199,8188.0,2012
0,10,4,4,143,4322,0.0,2012
0,11,13,13,523,12759,52745.0,2012
0,12,8,8,0,0,0.0,2012
0,13,8,8,688,17813,79472.0,2012
0,14,9,9,985,33039,103395.0,2012
0,15,6,7,714,16539,47306.0,2012
0,16,11,13,2023,41013,169828.0,2012
0,17,3,3,0,0,0.0,2012
0,18,2,3,0,0,0.0,2012
0,19,442,446,8896,237263,925406.0,2012
0,20,2,2,0,0,0.0,2012
0,22,5,8,0,0,0.0,2012
0,24,1,5,0,0,0.0,2012
0,25,2,3,0,0,0.0,2012
0,26,3,4,435,8734,149643.0,2012
0,1,1603,1604,24249,802277,4483840.0,2012
0,2,982,982,1286,45902,272864.0,2012
0,3,260,260,1719,37133,243095.0,2012
0,4,117,117,1375,26445,149163.0,2012
0,5,59,59,998,26972,149794.0,2012
0,6,1418,1418,5378,136452,814916.0,2012
0,7,31,31,652,21963,103919.0,2012
0,8,32,32,802,23994,129725.0,2012
0,9,15,15,490,18102,101086.0,2012
0,10,14,14,481,22677,136687.0,2012
0,11,20,20,810,36446,260463.0,2012
0,12,22,22,1293,51620,324503.0,2012
0,13,14,14,1127,55270,264504.0,2012
0,14,15,15,0,77354,586535.0,2012
0,15,7,7,0,47377,0.0,2012
0,16,2,2,0,0,0.0,2012
0,17,5,5,1248,44185,334229.0,2012
0,19,1595,1595,15531,562282,3559991.0,2012
0,20,1,1,0,0,0.0,2012
0,21,2,2,0,0,0.0,2012
0,22,1,2,0,0,0.0,2012
0,26,4,4,6953,198691,685187.0,2012
0,1,1603,1604,24249,802277,4483840.0,2012
0,2,982,982,1286,45902,272864.0,2012
0,3,260,260,1719,37133,243095.0,2012
0,4,117,117,1375,26445,149163.0,2012
0,5,59,59,998,26972,149794.0,2012
0,6,1418,1418,5378,136452,814916.0,2012
0,7,31,31,652,21963,103919.0,2012
0,8,32,32,802,23994,129725.0,2012
0,9,15,15,490,18102,101086.0,2012
0,10,14,14,481,22677,136687.0,2012
0,11,20,20,810,36446,260463.0,2012
0,12,22,22,1293,51620,324503.0,2012
0,13,14,14,1127,55270,264504.0,2012
0,14,15,15,0,77354,586535.0,2012
0,15,7,7,0,47377,0.0,2012
0,16,2,2,0,0,0.0,2012
0,17,5,5,1248,44185,334229.0,2012
0,19,1595,1595,15531,562282,3559991.0,2012
0,20,1,1,0,0,0.0,2012
0,21,2,2,0,0,0.0,2012
0,22,1,2,0,0,0.0,2012
0,26,4,4,6953,198691,685187.0,2012
0,1,369,372,8484,248745,1005502.0,2012
0,2,153,153,250,8163,49781.0,2012
0,3,62,62,428,11045,40919.0,2012
0,4,44,44,521,12835,40781.0,2012
0,5,25,25,409,12093,38606.0,2012
0,6,284,284,1608,44136,170087.0,2012
0,7,12,12,0,6314,0.0,2012
0,8,16,16,398,11267,31957.0,2012
0,9,5,5,159,4380,13788.0,2012
0,10,8,8,302,7144,16746.0,2012
0,11,6,6,269,8819,24962.0,2012
0,12,10,10,654,21108,61390.0,2012
0,13,6,6,541,13983,32409.0,2012
0,14,9,9,1085,35683,127756.0,2012
0,15,3,3,458,14268,42179.0,2012
0,16,1,1,0,0,0.0,2012
0,17,4,6,1017,35843,115945.0,2012
0,19,364,366,6876,205434,672298.0,2012
0,21,1,1,0,0,0.0,2012
0,22,1,1,0,0,0.0,2012
0,24,2,3,0,0,0.0,2012
0,25,1,1,0,0,0.0,2012
0,1,369,372,8484,248745,1005502.0,2012
0,2,153,153,250,8163,49781.0,2012
0,3,62,62,428,11045,40919.0,2012
0,4,44,44,521,12835,40781.0,2012
0,5,25,25,409,12093,38606.0,2012
0,6,284,284,1608,44136,170087.0,2012
0,7,12,12,0,6314,0.0,2012
0,8,16,16,398,11267,31957.0,2012
0,9,5,5,159,4380,13788.0,2012
0,10,8,8,302,7144,16746.0,2012
0,11,6,6,269,8819,24962.0,2012
0,12,10,10,654,21108,61390.0,2012
0,13,6,6,541,13983,32409.0,2012
0,14,9,9,1085,35683,127756.0,2012
0,15,3,3,458,14268,42179.0,2012
0,16,1,1,0,0,0.0,2012
0,17,4,6,1017,35843,115945.0,2012
0,19,364,366,6876,205434,672298.0,2012
0,21,1,1,0,0,0.0,2012
0,22,1,1,0,0,0.0,2012
0,24,2,3,0,0,0.0,2012
0,25,1,1,0,0,0.0,2012
0,1,560,571,8722,244638,1218337.0,2012
0,2,327,327,576,14155,63925.0,2012
0,3,82,82,551,12995,54537.0,2012
0,4,38,38,438,11815,55157.0,2012
0,5,15,15,261,8574,36121.0,2012
0,6,462,462,1826,47539,209740.0,2012
0,7,10,10,210,6716,28197.0,2012
0,8,9,9,248,6264,25928.0,2012
0,9,10,10,316,9377,50458.0,2012
0,10,5,5,196,4285,14512.0,2012
0,11,9,9,391,11136,43089.0,2012
0,12,15,16,749,19216,58130.0,2012
0,13,8,10,475,12365,32193.0,2012
0,14,7,8,591,15788,77879.0,2012
0,15,7,8,833,26403,96677.0,2012
0,16,4,4,449,16712,79384.0,2012
0,17,1,1,0,0,0.0,2012
0,19,547,552,6353,176844,719821.0,2012
0,20,5,6,0,0,0.0,2012
0,21,2,6,0,0,0.0,2012
0,24,1,1,0,0,0.0,2012
0,25,2,2,0,0,0.0,2012
0,26,3,4,0,0,0.0,2012
0,1,560,571,8722,244638,1218337.0,2012
0,2,327,327,576,14155,63925.0,2012
0,3,82,82,551,12995,54537.0,2012
0,4,38,38,438,11815,55157.0,2012
0,5,15,15,261,8574,36121.0,2012
0,6,462,462,1826,47539,209740.0,2012
0,7,10,10,210,6716,28197.0,2012
0,8,9,9,248,6264,25928.0,2012
0,9,10,10,316,9377,50458.0,2012
0,10,5,5,196,4285,14512.0,2012
0,11,9,9,391,11136,43089.0,2012
0,12,15,16,749,19216,58130.0,2012
0,13,8,10,475,12365,32193.0,2012
0,14,7,8,591,15788,77879.0,2012
0,15,7,8,833,26403,96677.0,2012
0,16,4,4,449,16712,79384.0,2012
0,17,1,1,0,0,0.0,2012
0,19,547,552,6353,176844,719821.0,2012
0,20,5,6,0,0,0.0,2012
0,21,2,6,0,0,0.0,2012
0,24,1,1,0,0,0.0,2012
0,25,2,2,0,0,0.0,2012
0,26,3,4,0,0,0.0,2012
0,1,560,571,8722,244638,1218337.0,2012
0,2,327,327,576,14155,63925.0,2012
0,3,82,82,551,12995,54537.0,2012
0,4,38,38,438,11815,55157.0,2012
0,5,15,15,261,8574,36121.0,2012
0,6,462,462,1826,47539,209740.0,2012
0,7,10,10,210,6716,28197.0,2012
0,8,9,9,248,6264,25928.0,2012
0,9,10,10,316,9377,50458.0,2012
0,10,5,5,196,4285,14512.0,2012
0,11,9,9,391,11136,43089.0,2012
0,12,15,16,749,19216,58130.0,2012
0,13,8,10,475,12365,32193.0,2012
0,14,7,8,591,15788,77879.0,2012
0,15,7,8,833,26403,96677.0,2012
0,16,4,4,449,16712,79384.0,2012
0,17,1,1,0,0,0.0,2012
0,19,547,552,6353,176844,719821.0,2012
0,20,5,6,0,0,0.0,2012
0,21,2,6,0,0,0.0,2012
0,24,1,1,0,0,0.0,2012
0,25,2,2,0,0,0.0,2012
0,26,3,4,0,0,0.0,2012
0,1,1108,1143,27042,916653,5244351.0,2012
0,2,584,584,1013,28261,125947.0,2012
0,3,188,188,1209,32173,152566.0,2012
0,4,75,75,873,23539,110268.0,2012
0,5,45,45,740,22590,98513.0,2012
0,6,892,892,3835,106563,487294.0,2012
0,7,41,41,862,29109,131599.0,2012
0,8,20,20,520,16800,0.0,2012
0,9,20,20,653,19777,84809.0,2012
0,10,10,10,347,13316,68154.0,2012
0,11,19,19,760,24396,97754.0,2012
0,12,28,29,1627,50270,266297.0,2012
0,13,12,13,927,28844,141905.0,2012
0,14,21,26,2082,71716,485221.0,2012
0,15,5,5,744,24194,133145.0,2012
0,16,9,11,1544,69392,289291.0,2012
0,17,6,9,1342,47590,0.0,2012
0,18,3,5,1246,28602,142295.0,2012
0,19,1086,1100,16489,530569,2849468.0,2012
0,20,6,10,2185,71124,436161.0,2012
0,22,1,2,0,0,0.0,2012
0,23,3,5,0,0,0.0,2012
0,24,2,5,0,0,0.0,2012
0,25,3,7,0,0,0.0,2012
0,26,7,14,0,86526,862757.0,2012
0,1,199,208,3564,134466,1500196.0,2012
0,2,106,106,182,5704,29660.0,2012
0,3,31,31,214,6287,36066.0,2012
0,4,19,19,200,5365,24748.0,2012
0,5,6,6,105,2999,15054.0,2012
0,6,162,162,701,20355,105528.0,2012
0,7,5,5,0,0,0.0,2012
0,8,5,5,0,5081,0.0,2012
0,9,3,3,102,3736,22544.0,2012
0,11,1,1,0,0,0.0,2012
0,12,2,2,0,0,0.0,2012
0,13,4,5,0,0,0.0,2012
0,14,8,9,862,34888,315736.0,2012
0,16,1,1,0,0,0.0,2012
0,17,1,4,0,0,0.0,2012
0,19,192,197,2584,93150,876936.0,2012
0,20,2,2,0,0,0.0,2012
0,22,1,2,0,0,0.0,2012
0,23,1,1,0,0,0.0,2012
0,24,1,1,0,0,0.0,2012
0,26,2,5,0,0,0.0,2012
0,1,199,208,3564,134466,1500196.0,2012
0,2,106,106,182,5704,29660.0,2012
0,3,31,31,214,6287,36066.0,2012
0,4,19,19,200,5365,24748.0,2012
0,5,6,6,105,2999,15054.0,2012
0,6,162,162,701,20355,105528.0,2012
0,7,5,5,0,0,0.0,2012
0,8,5,5,0,5081,0.0,2012
0,9,3,3,102,3736,22544.0,2012
0,11,1,1,0,0,0.0,2012
0,12,2,2,0,0,0.0,2012
0,13,4,5,0,0,0.0,2012
0,14,8,9,862,34888,315736.0,2012
0,16,1,1,0,0,0.0,2012
0,17,1,4,0,0,0.0,2012
0,19,192,197,2584,93150,876936.0,2012
0,20,2,2,0,0,0.0,2012
0,22,1,2,0,0,0.0,2012
0,23,1,1,0,0,0.0,2012
0,24,1,1,0,0,0.0,2012
0,26,2,5,0,0,0.0,2012
0,1,199,208,3564,134466,1500196.0,2012
0,2,106,106,182,5704,29660.0,2012
0,3,31,31,214,6287,36066.0,2012
0,4,19,19,200,5365,24748.0,2012
0,5,6,6,105,2999,15054.0,2012
0,6,162,162,701,20355,105528.0,2012
0,7,5,5,0,0,0.0,2012
0,8,5,5,0,5081,0.0,2012
0,9,3,3,102,3736,22544.0,2012
0,11,1,1,0,0,0.0,2012
0,12,2,2,0,0,0.0,2012
0,13,4,5,0,0,0.0,2012
0,14,8,9,862,34888,315736.0,2012
0,16,1,1,0,0,0.0,2012
0,17,1,4,0,0,0.0,2012
0,19,192,197,2584,93150,876936.0,2012
0,20,2,2,0,0,0.0,2012
0,22,1,2,0,0,0.0,2012
0,23,1,1,0,0,0.0,2012
0,24,1,1,0,0,0.0,2012
0,26,2,5,0,0,0.0,2012
0,1,199,218,11305,382736,2032970.0,2012
0,2,87,87,129,4537,20243.0,2012
0,3,31,31,0,6028,26024.0,2012
0,4,10,10,116,3634,22337.0,2012
0,5,8,8,139,3569,20439.0,2012
0,6,136,136,568,17768,89043.0,2012
0,7,12,12,260,8479,44937.0,2012
0,8,2,2,0,0,0.0,2012
0,9,4,4,136,4301,16636.0,2012
0,10,3,3,110,3169,9995.0,2012
0,11,3,3,0,0,0.0,2012
0,12,11,12,615,15522,100927.0,2012
0,13,1,1,0,0,0.0,2012
0,14,7,9,535,13579,63000.0,2012
0,15,2,2,0,0,0.0,2012
0,16,3,5,719,18337,127590.0,2012
0,17,3,3,469,16979,84935.0,2012
0,18,2,4,0,0,0.0,2012
0,19,189,196,4786,136818,745247.0,2012
0,20,2,3,0,0,0.0,2012
0,23,1,3,0,0,0.0,2012
0,24,2,4,0,0,0.0,2012
0,25,2,6,0,0,0.0,2012
0,26,3,6,0,0,0.0,2012
0,1,199,218,11305,382736,2032970.0,2012
0,2,87,87,129,4537,20243.0,2012
0,3,31,31,0,6028,26024.0,2012
0,4,10,10,116,3634,22337.0,2012
0,5,8,8,139,3569,20439.0,2012
0,6,136,136,568,17768,89043.0,2012
0,7,12,12,260,8479,44937.0,2012
0,8,2,2,0,0,0.0,2012
0,9,4,4,136,4301,16636.0,2012
0,10,3,3,110,3169,9995.0,2012
0,11,3,3,0,0,0.0,2012
0,12,11,12,615,15522,100927.0,2012
0,13,1,1,0,0,0.0,2012
0,14,7,9,535,13579,63000.0,2012
0,15,2,2,0,0,0.0,2012
0,16,3,5,719,18337,127590.0,2012
0,17,3,3,469,16979,84935.0,2012
0,18,2,4,0,0,0.0,2012
0,19,189,196,4786,136818,745247.0,2012
0,20,2,3,0,0,0.0,2012
0,23,1,3,0,0,0.0,2012
0,24,2,4,0,0,0.0,2012
0,25,2,6,0,0,0.0,2012
0,26,3,6,0,0,0.0,2012
0,1,199,218,11305,382736,2032970.0,2012
0,2,87,87,129,4537,20243.0,2012
0,3,31,31,0,6028,26024.0,2012
0,4,10,10,116,3634,22337.0,2012
0,5,8,8,139,3569,20439.0,2012
0,6,136,136,568,17768,89043.0,2012
0,7,12,12,260,8479,44937.0,2012
0,8,2,2,0,0,0.0,2012
0,9,4,4,136,4301,16636.0,2012
0,10,3,3,110,3169,9995.0,2012
0,11,3,3,0,0,0.0,2012
0,12,11,12,615,15522,100927.0,2012
0,13,1,1,0,0,0.0,2012
0,14,7,9,535,13579,63000.0,2012
0,15,2,2,0,0,0.0,2012
0,16,3,5,719,18337,127590.0,2012
0,17,3,3,469,16979,84935.0,2012
0,18,2,4,0,0,0.0,2012
0,19,189,196,4786,136818,745247.0,2012
0,20,2,3,0,0,0.0,2012
0,23,1,3,0,0,0.0,2012
0,24,2,4,0,0,0.0,2012
0,25,2,6,0,0,0.0,2012
0,26,3,6,0,0,0.0,2012
0,1,713,717,12173,399451,1711185.0,2012
0,2,391,391,702,18020,76044.0,2012
0,3,126,126,811,19858,90476.0,2012
0,4,46,46,557,14540,63183.0,2012
0,5,31,31,496,16022,63020.0,2012
0,6,594,594,2566,68440,292723.0,2012
0,7,24,24,497,15999,67305.0,2012
0,8,13,13,340,10334,40591.0,2012
0,9,13,13,415,11740,45629.0,2012
0,10,7,7,237,10147,58159.0,2012
0,11,15,15,602,16928,59545.0,2012
0,12,15,15,899,29265,138559.0,2012
0,13,7,7,530,16621,67755.0,2012
0,14,7,8,685,23249,106485.0,2012
0,15,3,3,461,16503,100358.0,2012
0,16,5,5,822,50979,157997.0,2012
0,17,2,2,0,0,0.0,2012
0,18,1,1,0,0,0.0,2012
0,19,706,707,9119,300601,1227285.0,2012
0,20,3,5,1261,29474,117957.0,2012
0,23,1,1,0,0,0.0,2012
0,25,1,1,0,0,0.0,2012
0,26,2,3,0,0,0.0,2012
0,1,713,717,12173,399451,1711185.0,2012
0,2,391,391,702,18020,76044.0,2012
0,3,126,126,811,19858,90476.0,2012
0,4,46,46,557,14540,63183.0,2012
0,5,31,31,496,16022,63020.0,2012
0,6,594,594,2566,68440,292723.0,2012
0,7,24,24,497,15999,67305.0,2012
0,8,13,13,340,10334,40591.0,2012
0,9,13,13,415,11740,45629.0,2012
0,10,7,7,237,10147,58159.0,2012
0,11,15,15,602,16928,59545.0,2012
0,12,15,15,899,29265,138559.0,2012
0,13,7,7,530,16621,67755.0,2012
0,14,7,8,685,23249,106485.0,2012
0,15,3,3,461,16503,100358.0,2012
0,16,5,5,822,50979,157997.0,2012
0,17,2,2,0,0,0.0,2012
0,18,1,1,0,0,0.0,2012
0,19,706,707,9119,300601,1227285.0,2012
0,20,3,5,1261,29474,117957.0,2012
0,23,1,1,0,0,0.0,2012
0,25,1,1,0,0,0.0,2012
0,26,2,3,0,0,0.0,2012
0,1,112,113,1720,82200,348602.0,2012
0,2,67,67,102,2550,12210.0,2012
0,3,23,23,147,4439,24061.0,2012
0,4,6,6,62,1904,0.0,2012
0,6,96,96,311,8893,51618.0,2012
0,7,3,3,0,0,0.0,2012
0,8,2,2,0,0,0.0,2012
0,9,1,1,0,0,0.0,2012
0,10,3,3,0,0,0.0,2012
0,11,3,3,108,4323,11433.0,2012
0,12,1,1,0,0,0.0,2012
0,15,1,1,0,0,0.0,2012
0,16,1,1,0,0,0.0,2012
0,19,111,111,1071,64194,243368.0,2012
0,26,1,2,0,0,0.0,2012
0,1,601,604,10453,317251,1362583.0,2012
0,2,324,324,600,15470,63834.0,2012
0,3,103,103,664,15419,66415.0,2012
0,4,40,40,495,12636,47836.0,2012
0,5,31,31,496,16022,63020.0,2012
0,6,498,498,2255,59547,241105.0,2012
0,7,21,21,440,14448,61537.0,2012
0,8,11,11,284,9261,38646.0,2012
0,9,12,12,382,10970,43340.0,2012
0,10,4,4,0,0,0.0,2012
0,11,12,12,494,12605,48112.0,2012
0,12,14,14,837,27246,133621.0,2012
0,13,7,7,530,16621,67755.0,2012
0,14,7,8,685,23249,106485.0,2012
0,15,2,2,0,0,0.0,2012
0,16,4,4,635,19873,96727.0,2012
0,17,2,2,0,0,0.0,2012
0,18,1,1,0,0,0.0,2012
0,19,595,596,8048,236407,983917.0,2012
0,20,3,5,1261,29474,117957.0,2012
0,23,1,1,0,0,0.0,2012
0,25,1,1,0,0,0.0,2012
0,26,1,1,0,0,0.0,2012
0,1,12050,13723,341009,12478733,78555635.0,2012
0,2,4584,4586,8384,268693,1537149.0,2012
0,3,2312,2316,15581,433757,2324369.0,2012
0,4,1266,1273,14919,458484,2392799.0,2012
0,5,764,774,12894,392182,2056129.0,2012
0,6,8926,8949,51778,1553116,8310446.0,2012
0,7,552,563,11994,384934,2084896.0,2012
0,8,406,414,10702,350856,1829890.0,2012
0,9,271,281,8297,280995,1429016.0,2012
0,10,222,234,7958,265175,1437503.0,2012
0,11,324,351,13799,452955,2462325.0,2012
0,12,433,510,25040,861907,4985673.0,2012
0,13,223,277,17027,575846,3551448.0,2012
0,14,223,308,23835,856407,5499878.0,2012
0,15,95,193,12334,444377,2730250.0,2012
0,16,114,207,17615,655598,4185315.0,2012
0,17,57,156,12814,494569,3018711.0,2012
0,18,31,93,8749,321215,1940014.0,2012
0,19,11877,12536,221942,7497950,43465365.0,2012
0,20,52,218,18228,744813,5313436.0,2012
0,21,15,51,5640,253103,2075053.0,2012
0,22,21,154,13443,538006,3430258.0,2012
0,23,14,76,7544,318233,2616668.0,2012
0,24,10,73,0,0,0.0,2012
0,25,26,288,23915,913057,5990763.0,2012
0,26,35,327,43150,1884874,13135110.0,2012
0,1,2971,3347,76446,2979843,23236828.0,2012
0,2,1123,1125,2019,60211,477827.0,2012
0,3,578,578,3900,98607,694701.0,2012
0,4,285,285,3358,97165,616368.0,2012
0,5,196,198,3252,97088,689388.0,2012
0,6,2182,2186,12529,353071,2478284.0,2012
0,7,141,143,3033,94225,707100.0,2012
0,8,99,100,2580,84536,580209.0,2012
0,9,62,65,1911,63587,393027.0,2012
0,10,51,53,1874,62462,510123.0,2012
0,11,81,84,3274,111356,745823.0,2012
0,12,110,124,6256,232687,1743814.0,2012
0,13,60,76,4512,165502,1161315.0,2012
0,14,56,85,5702,234648,1862347.0,2012
0,15,23,46,2896,113025,813243.0,2012
0,16,29,56,4364,172942,1339408.0,2012
0,17,15,50,3092,125290,935984.0,2012
0,18,12,29,3137,124692,868780.0,2012
0,19,2921,3097,55160,1938023,14139457.0,2012
0,20,15,69,5767,263483,2462486.0,2012
0,21,6,15,1693,80854,616914.0,2012
0,22,8,51,0,0,0.0,2012
0,23,4,23,2613,127681,1079851.0,2012
0,24,1,1,0,0,0.0,2012
0,25,6,31,3114,158237,1370169.0,2012
0,26,10,60,5390,272052,2300958.0,2012
0,1,2971,3347,76446,2979843,23236828.0,2012
0,2,1123,1125,2019,60211,477827.0,2012
0,3,578,578,3900,98607,694701.0,2012
0,4,285,285,3358,97165,616368.0,2012
0,5,196,198,3252,97088,689388.0,2012
0,6,2182,2186,12529,353071,2478284.0,2012
0,7,141,143,3033,94225,707100.0,2012
0,8,99,100,2580,84536,580209.0,2012
0,9,62,65,1911,63587,393027.0,2012
0,10,51,53,1874,62462,510123.0,2012
0,11,81,84,3274,111356,745823.0,2012
0,12,110,124,6256,232687,1743814.0,2012
0,13,60,76,4512,165502,1161315.0,2012
0,14,56,85,5702,234648,1862347.0,2012
0,15,23,46,2896,113025,813243.0,2012
0,16,29,56,4364,172942,1339408.0,2012
0,17,15,50,3092,125290,935984.0,2012
0,18,12,29,3137,124692,868780.0,2012
0,19,2921,3097,55160,1938023,14139457.0,2012
0,20,15,69,5767,263483,2462486.0,2012
0,21,6,15,1693,80854,616914.0,2012
0,22,8,51,0,0,0.0,2012
0,23,4,23,2613,127681,1079851.0,2012
0,24,1,1,0,0,0.0,2012
0,25,6,31,3114,158237,1370169.0,2012
0,26,10,60,5390,272052,2300958.0,2012
0,1,2640,2925,67838,2602859,18852855.0,2012
0,2,1010,1010,1807,52310,376815.0,2012
0,3,515,515,3490,86491,572073.0,2012
0,4,257,257,3036,86441,524829.0,2012
0,5,171,173,2831,81407,527380.0,2012
0,6,1953,1955,11164,306649,2001097.0,2012
0,7,125,127,2672,80335,572805.0,2012
0,8,81,81,2108,65539,361539.0,2012
0,9,58,61,1798,59897,366843.0,2012
0,10,42,44,1537,48553,296343.0,2012
0,11,73,75,2996,101615,640824.0,2012
0,12,97,108,5613,203686,1376911.0,2012
0,13,52,64,3911,140462,949178.0,2012
0,14,49,68,5209,209676,1549106.0,2012
0,15,19,30,2482,99484,703278.0,2012
0,16,24,40,3616,137630,869077.0,2012
0,17,14,43,2927,117272,875092.0,2012
0,18,11,26,3095,122764,849772.0,2012
0,19,2598,2722,49128,1693562,11411865.0,2012
0,20,12,41,4256,187658,1438071.0,2012
0,21,4,13,1664,79982,611043.0,2012
0,22,7,38,1537,78524,650320.0,2012
0,23,4,23,2613,127681,1079851.0,2012
0,24,1,1,0,0,0.0,2012
0,25,5,28,3062,153769,1267441.0,2012
0,26,9,59,5331,269871,2281521.0,2012
0,1,343,422,8608,376984,4383973.0,2012
0,2,113,115,212,7901,101012.0,2012
0,3,63,63,410,12116,122628.0,2012
0,4,28,28,322,10724,91539.0,2012
0,5,25,25,421,15681,162008.0,2012
0,6,229,231,1365,46422,477187.0,2012
0,7,16,16,361,13890,134295.0,2012
0,8,18,19,472,18997,218670.0,2012
0,9,4,4,113,3690,26184.0,2012
0,10,9,9,337,13909,213780.0,2012
0,11,8,9,278,9741,104999.0,2012
0,12,14,16,643,29001,366903.0,2012
0,13,8,12,601,25040,212137.0,2012
0,14,9,17,0,24972,313241.0,2012
0,15,4,16,0,0,0.0,2012
0,16,7,16,748,35312,470331.0,2012
0,17,1,7,0,0,0.0,2012
0,18,3,3,42,1928,0.0,2012
0,19,330,375,6032,244461,2727592.0,2012
0,20,6,28,1511,75825,1024415.0,2012
0,21,2,2,0,0,0.0,2012
0,22,3,13,0,0,0.0,2012
0,25,1,3,0,0,0.0,2012
0,26,1,1,0,0,0.0,2012
0,1,1173,1443,59534,2533202,17391457.0,2012
0,2,268,268,522,23022,136317.0,2012
0,3,212,213,1457,41137,233766.0,2012
0,4,144,145,1723,56884,273761.0,2012
0,5,64,64,1086,33861,163628.0,2012
0,6,688,690,4788,154904,807472.0,2012
0,7,55,58,1201,42471,181706.0,2012
0,8,44,44,1193,40778,165932.0,2012
0,9,36,36,1069,39963,191462.0,2012
0,10,29,29,1033,36613,157523.0,2012
0,11,42,43,1672,58360,245351.0,2012
0,12,67,83,3623,135199,700815.0,2012
0,13,30,36,2096,77520,459262.0,2012
0,14,53,59,5177,203719,1352270.0,2012
0,15,17,24,0,0,0.0,2012
0,16,38,54,4333,176777,1097764.0,2012
0,17,12,28,2669,109710,729787.0,2012
0,18,7,18,1223,51058,240200.0,2012
0,19,1118,1202,31583,1193329,6795050.0,2012
0,20,11,30,4277,190260,1374008.0,2012
0,21,5,17,1837,89482,997509.0,2012
0,22,6,20,2351,109682,937529.0,2012
0,23,5,21,0,0,0.0,2012
0,24,4,35,0,0,0.0,2012
0,25,9,26,0,0,0.0,2012
0,26,15,92,11321,590497,4229188.0,2012
0,1,1173,1443,59534,2533202,17391457.0,2012
0,2,268,268,522,23022,136317.0,2012
0,3,212,213,1457,41137,233766.0,2012
0,4,144,145,1723,56884,273761.0,2012
0,5,64,64,1086,33861,163628.0,2012
0,6,688,690,4788,154904,807472.0,2012
0,7,55,58,1201,42471,181706.0,2012
0,8,44,44,1193,40778,165932.0,2012
0,9,36,36,1069,39963,191462.0,2012
0,10,29,29,1033,36613,157523.0,2012
0,11,42,43,1672,58360,245351.0,2012
0,12,67,83,3623,135199,700815.0,2012
0,13,30,36,2096,77520,459262.0,2012
0,14,53,59,5177,203719,1352270.0,2012
0,15,17,24,0,0,0.0,2012
0,16,38,54,4333,176777,1097764.0,2012
0,17,12,28,2669,109710,729787.0,2012
0,18,7,18,1223,51058,240200.0,2012
0,19,1118,1202,31583,1193329,6795050.0,2012
0,20,11,30,4277,190260,1374008.0,2012
0,21,5,17,1837,89482,997509.0,2012
0,22,6,20,2351,109682,937529.0,2012
0,23,5,21,0,0,0.0,2012
0,24,4,35,0,0,0.0,2012
0,25,9,26,0,0,0.0,2012
0,26,15,92,11321,590497,4229188.0,2012
0,1,221,245,12163,455241,2653429.0,2012
0,2,54,54,0,3891,17356.0,2012
0,3,26,26,168,5218,27929.0,2012
0,4,23,24,269,8594,39393.0,2012
0,5,12,12,209,6719,32653.0,2012
0,6,115,116,740,24422,117331.0,2012
0,7,8,8,0,5855,29556.0,2012
0,8,11,11,294,9102,32925.0,2012
0,9,7,7,222,8993,44308.0,2012
0,10,8,8,277,9455,38905.0,2012
0,11,7,7,315,10043,44476.0,2012
0,12,12,13,721,20728,100393.0,2012
0,13,9,11,739,25976,110137.0,2012
0,14,11,11,1398,48805,212327.0,2012
0,15,5,5,0,0,0.0,2012
0,16,8,10,1079,40759,227789.0,2012
0,17,3,6,510,15539,74704.0,2012
0,18,2,2,0,0,0.0,2012
0,19,206,215,7393,255868,1231602.0,2012
0,20,1,2,0,0,0.0,2012
0,21,1,4,0,0,0.0,2012
0,22,1,1,0,0,0.0,2012
0,23,2,12,0,0,0.0,2012
0,24,1,1,0,0,0.0,2012
0,25,3,4,0,0,0.0,2012
0,26,6,6,957,41511,213844.0,2012
0,1,71,102,13608,625808,4225195.0,2012
0,2,17,17,0,2842,32806.0,2012
0,3,6,6,36,799,3546.0,2012
0,4,6,6,74,2934,16244.0,2012
0,5,2,2,0,0,0.0,2012
0,6,31,31,175,7227,56490.0,2012
0,7,2,2,0,0,0.0,2012
0,8,2,2,0,0,0.0,2012
0,9,1,1,0,0,0.0,2012
0,10,1,1,0,0,0.0,2012
0,11,2,2,0,0,0.0,2012
0,12,3,3,0,0,0.0,2012
0,14,4,5,442,17552,122436.0,2012
0,15,2,4,0,0,0.0,2012
0,16,6,9,1230,62206,436616.0,2012
0,17,4,9,1206,54368,416790.0,2012
0,18,1,1,0,0,0.0,2012
0,19,59,70,3645,165657,1277322.0,2012
0,20,4,5,1810,78768,579964.0,2012
0,21,1,1,0,0,0.0,2012
0,22,2,3,0,0,0.0,2012
0,24,1,3,0,0,0.0,2012
0,25,1,2,0,0,0.0,2012
0,26,3,18,5538,272886,1710768.0,2012
0,1,96,109,2889,118059,971581.0,2012
0,2,29,29,61,4078,26713.0,2012
0,3,14,14,97,3132,15843.0,2012
0,4,9,9,114,3804,26486.0,2012
0,5,7,7,0,3552,24340.0,2012
0,6,59,59,389,14566,93382.0,2012
0,7,4,4,83,2705,9990.0,2012
0,9,2,2,0,0,0.0,2012
0,10,2,2,0,0,0.0,2012
0,11,4,4,170,4940,27481.0,2012
0,12,5,7,283,9793,45460.0,2012
0,13,4,4,258,8808,150289.0,2012
0,14,1,3,0,0,0.0,2012
0,15,1,3,0,0,0.0,2012
0,16,6,7,247,9898,59616.0,2012
0,17,1,1,0,0,0.0,2012
0,18,1,1,0,0,0.0,2012
0,19,90,97,1790,66192,487888.0,2012
0,22,1,1,0,0,0.0,2012
0,24,1,2,0,0,0.0,2012
0,26,4,9,926,44673,415646.0,2012
0,1,666,768,17451,689465,3111306.0,2012
0,2,143,143,295,9982,44243.0,2012
0,3,136,136,933,24350,108565.0,2012
0,4,95,95,1136,34805,142754.0,2012
0,5,38,38,647,19292,79174.0,2012
0,6,412,412,3011,88429,374736.0,2012
0,7,35,38,758,26460,98827.0,2012
0,8,26,26,708,22858,94903.0,2012
0,9,23,23,668,22878,98023.0,2012
0,10,17,17,622,22568,92329.0,2012
0,11,25,26,927,33930,125949.0,2012
0,12,41,53,2085,81324,358101.0,2012
0,13,18,21,1099,42736,198836.0,2012
0,14,22,23,1633,61032,271415.0,2012
0,15,7,10,0,0,0.0,2012
0,16,16,18,725,31064,137926.0,2012
0,17,3,5,0,0,0.0,2012
0,18,3,13,498,20061,76400.0,2012
0,19,648,685,13690,496587,2106725.0,2012
0,20,5,14,1260,50851,236387.0,2012
0,21,1,1,0,0,0.0,2012
0,22,1,3,0,0,0.0,2012
0,23,2,4,0,0,0.0,2012
0,24,2,13,0,0,0.0,2012
0,25,3,18,0,0,0.0,2012
0,26,4,30,0,0,0.0,2012
0,1,149,219,13423,644629,6429946.0,2012
0,2,25,25,44,2229,15199.0,2012
0,3,31,31,223,7638,77883.0,2012
0,4,11,11,130,6747,48884.0,2012
0,5,5,5,0,0,0.0,2012
0,6,72,72,473,20260,165533.0,2012
0,7,6,6,0,0,0.0,2012
0,8,5,5,138,7539,25907.0,2012
0,9,3,3,89,4447,28943.0,2012
0,10,1,1,0,0,0.0,2012
0,11,4,4,0,0,0.0,2012
0,12,7,7,392,14445,106175.0,2012
0,14,15,17,1549,69702,723256.0,2012
0,15,2,2,0,0,0.0,2012
0,16,5,10,0,0,0.0,2012
0,17,2,7,0,0,0.0,2012
0,18,1,1,0,0,0.0,2012
0,19,123,135,5065,209025,1691513.0,2012
0,20,3,9,817,41158,438759.0,2012
0,21,4,11,1103,59605,745862.0,2012
0,22,5,12,988,49896,543895.0,2012
0,23,1,5,0,0,0.0,2012
0,24,2,16,0,0,0.0,2012
0,25,2,2,0,0,0.0,2012
0,26,9,29,2578,139383,1380739.0,2012
0,1,8041,8933,205029,6965688,37927350.0,2012
0,2,3193,3193,5843,185460,923005.0,2012
0,3,1523,1525,10224,294013,1395902.0,2012
0,4,838,843,9838,304435,1502670.0,2012
0,5,505,512,8556,261233,1203113.0,2012
0,6,6059,6073,34461,1045141,5024690.0,2012
0,7,356,362,7760,248238,1196090.0,2012
0,8,263,270,6929,225542,1083749.0,2012
0,9,174,180,5317,177445,844527.0,2012
0,10,142,152,5051,166100,769857.0,2012
0,11,206,224,8853,283239,1471151.0,2012
0,12,270,303,15161,494021,2541044.0,2012
0,13,139,165,10419,332824,1930871.0,2012
0,14,128,164,12956,418040,2285261.0,2012
0,15,63,123,7932,265095,1451501.0,2012
0,16,63,97,8918,305879,1748143.0,2012
0,17,43,78,7053,259569,1352940.0,2012
0,18,18,46,4389,145465,831034.0,2012
0,19,7924,8237,135199,4366598,22530858.0,2012
0,20,34,119,8184,291070,1476942.0,2012
0,21,8,19,2110,82767,460630.0,2012
0,22,16,83,8630,300623,1338479.0,2012
0,23,10,32,2609,94566,623169.0,2012
0,24,7,37,2743,116315,620579.0,2012
0,25,18,231,19115,691424,4271729.0,2012
0,26,24,175,26439,1022325,6604964.0,2012
0,1,3319,3626,96892,3546210,20027670.0,2012
0,2,1323,1323,2411,80885,394249.0,2012
0,3,604,604,4047,126441,571092.0,2012
0,4,337,340,3973,130601,625674.0,2012
0,5,213,216,3593,117743,512494.0,2012
0,6,2477,2483,14024,455670,2103509.0,2012
0,7,140,144,3067,100498,457035.0,2012
0,8,107,108,2848,92182,467603.0,2012
0,9,69,70,2123,72428,352498.0,2012
0,10,54,56,1939,66732,298274.0,2012
0,11,81,91,3403,109454,635025.0,2012
0,12,118,128,6404,207594,1156410.0,2012
0,13,53,62,4069,129186,706369.0,2012
0,14,53,63,5108,170268,1067359.0,2012
0,15,26,34,3199,117941,614158.0,2012
0,16,32,46,4154,147152,782225.0,2012
0,17,25,41,3405,129486,732349.0,2012
0,18,11,19,1772,59367,362853.0,2012
0,19,3246,3345,55515,1857958,9735667.0,2012
0,20,18,31,3538,116567,557093.0,2012
0,21,7,15,0,0,0.0,2012
0,22,10,32,4671,174228,813216.0,2012
0,23,7,23,2213,79804,468435.0,2012
0,24,4,9,487,25992,159111.0,2012
0,25,12,84,12301,465985,3198948.0,2012
0,26,15,87,16441,760243,4747011.0,2012
0,1,1014,1143,47123,1831440,9290993.0,2012
0,2,332,332,647,23122,84171.0,2012
0,3,211,211,1383,45036,163541.0,2012
0,4,108,108,1261,42018,142044.0,2012
0,5,77,77,1343,42043,157246.0,2012
0,6,728,728,4634,152219,547002.0,2012
0,7,41,41,877,30659,115112.0,2012
0,8,39,39,1027,37208,146295.0,2012
0,9,20,20,649,24912,96975.0,2012
0,10,18,18,652,22620,71096.0,2012
0,11,24,25,1069,35582,168523.0,2012
0,12,25,27,1338,52692,219536.0,2012
0,13,24,26,1825,56117,212361.0,2012
0,14,18,22,1698,53030,269536.0,2012
0,15,10,16,1175,44131,184808.0,2012
0,16,17,20,2302,82675,438246.0,2012
0,17,11,15,1363,62123,330784.0,2012
0,18,3,6,750,25893,124739.0,2012
0,19,978,1003,19359,679861,2925013.0,2012
0,20,7,10,0,39160,145930.0,2012
0,21,2,5,0,0,0.0,2012
0,22,5,13,2894,90340,380191.0,2012
0,23,4,12,0,0,0.0,2012
0,24,1,4,0,0,0.0,2012
0,25,7,38,8710,319298,1729942.0,2012
0,26,10,58,12778,615239,3690772.0,2012
0,1,910,1000,24458,833047,5846081.0,2012
0,2,274,274,496,18691,121942.0,2012
0,3,147,147,1009,28481,187866.0,2012
0,4,88,88,1044,32764,231295.0,2012
0,5,72,74,1197,37469,202953.0,2012
0,6,581,583,3746,117405,744056.0,2012
0,7,47,49,1044,31302,172936.0,2012
0,8,33,34,880,26133,186490.0,2012
0,9,32,33,958,28089,179481.0,2012
0,10,24,25,868,29558,166557.0,2012
0,11,33,41,1372,41563,238543.0,2012
0,12,60,62,3153,91232,626062.0,2012
0,13,13,16,994,32509,245709.0,2012
0,14,19,22,1517,50920,327034.0,2012
0,15,10,12,1301,52230,309761.0,2012
0,16,10,14,714,20388,108567.0,2012
0,17,10,18,0,0,0.0,2012
0,18,4,4,0,0,0.0,2012
0,19,876,913,17459,553196,3570617.0,2012
0,20,8,14,0,0,0.0,2012
0,21,5,8,608,18944,151389.0,2012
0,22,4,12,1102,54945,323046.0,2012
0,23,4,6,402,15539,108647.0,2012
0,25,9,42,3190,131276,0.0,2012
0,26,4,5,546,19467,144002.0,2012
0,1,1431,1483,25311,881723,4890596.0,2012
0,2,717,717,1268,39072,188136.0,2012
0,3,246,246,1655,52924,219685.0,2012
0,4,141,144,1668,55819,252335.0,2012
0,5,64,65,1053,38231,152295.0,2012
0,6,1168,1172,5644,186046,812451.0,2012
0,7,52,54,1146,38537,168987.0,2012
0,8,35,35,941,28841,134818.0,2012
0,9,17,17,516,19427,76042.0,2012
0,10,13,13,419,14554,60621.0,2012
0,11,25,25,962,32309,227959.0,2012
0,12,36,39,1913,63670,310812.0,2012
0,13,16,20,1250,40560,248299.0,2012
0,14,18,19,1893,66318,470789.0,2012
0,15,6,6,723,21580,119589.0,2012
0,16,10,12,1138,44089,235412.0,2012
0,17,5,8,1336,42840,178961.0,2012
0,18,5,9,0,0,0.0,2012
0,19,1406,1429,18697,624901,3240037.0,2012
0,20,5,7,1172,37727,197722.0,2012
0,21,2,2,0,0,0.0,2012
0,22,4,7,0,0,0.0,2012
0,23,1,5,0,0,0.0,2012
0,24,4,5,438,23061,144336.0,2012
0,25,3,4,401,15411,134067.0,2012
0,26,6,24,3117,125537,0.0,2012
0,1,2377,2666,49155,1432990,6840068.0,2012
0,2,800,800,1553,44675,228658.0,2012
0,3,479,479,3235,78097,420261.0,2012
0,4,291,291,3395,90801,454792.0,2012
0,5,186,189,3157,84679,417141.0,2012
0,6,1756,1759,11340,298252,1520852.0,2012
0,7,131,132,2861,83277,373218.0,2012
0,8,94,99,2477,71875,341320.0,2012
0,9,63,67,1963,60144,262564.0,2012
0,10,51,57,1820,55048,255691.0,2012
0,11,72,76,3199,88897,427526.0,2012
0,12,82,97,4748,140336,697335.0,2012
0,13,43,50,3039,90502,452284.0,2012
0,14,39,53,3749,113488,535648.0,2012
0,15,17,54,1873,52567,282398.0,2012
0,16,10,12,1312,38861,198821.0,2012
0,17,6,16,997,36409,181896.0,2012
0,18,1,12,0,0,0.0,2012
0,19,2365,2484,39765,1139822,5555561.0,2012
0,20,5,24,2129,84830,401811.0,2012
0,22,4,40,0,0,0.0,2012
0,24,1,3,0,0,0.0,2012
0,25,2,115,0,0,0.0,2012
0,1,2377,2666,49155,1432990,6840068.0,2012
0,2,800,800,1553,44675,228658.0,2012
0,3,479,479,3235,78097,420261.0,2012
0,4,291,291,3395,90801,454792.0,2012
0,5,186,189,3157,84679,417141.0,2012
0,6,1756,1759,11340,298252,1520852.0,2012
0,7,131,132,2861,83277,373218.0,2012
0,8,94,99,2477,71875,341320.0,2012
0,9,63,67,1963,60144,262564.0,2012
0,10,51,57,1820,55048,255691.0,2012
0,11,72,76,3199,88897,427526.0,2012
0,12,82,97,4748,140336,697335.0,2012
0,13,43,50,3039,90502,452284.0,2012
0,14,39,53,3749,113488,535648.0,2012
0,15,17,54,1873,52567,282398.0,2012
0,16,10,12,1312,38861,198821.0,2012
0,17,6,16,997,36409,181896.0,2012
0,18,1,12,0,0,0.0,2012
0,19,2365,2484,39765,1139822,5555561.0,2012
0,20,5,24,2129,84830,401811.0,2012
0,22,4,40,0,0,0.0,2012
0,24,1,3,0,0,0.0,2012
0,25,2,115,0,0,0.0,2012
0,1,2380,2641,58982,1986488,11059612.0,2012
0,2,1070,1070,1879,59900,300098.0,2012
0,3,440,442,2942,89475,404549.0,2012
0,4,210,212,2470,83033,422204.0,2012
0,5,106,107,1806,58811,273478.0,2012
0,6,1826,1831,9097,291219,1400329.0,2012
0,7,85,86,1832,64463,365837.0,2012
0,8,62,63,1604,61485,274826.0,2012
0,9,42,43,1231,44873,229465.0,2012
0,10,37,39,1292,44320,215892.0,2012
0,11,54,57,2251,84888,408600.0,2012
0,12,74,78,4009,146091,687299.0,2012
0,13,45,53,3311,113136,772218.0,2012
0,14,39,48,4099,134284,682254.0,2012
0,15,24,35,2860,94587,554945.0,2012
0,16,25,39,3452,119866,767097.0,2012
0,17,12,21,2651,93674,438695.0,2012
0,18,9,15,2230,75932,442173.0,2012
0,19,2334,2408,39919,1368818,7239630.0,2012
0,20,12,64,2517,89673,518038.0,2012
0,21,2,4,0,0,0.0,2012
0,22,4,11,0,29854,130828.0,2012
0,23,4,9,0,14762,0.0,2012
0,24,3,25,0,0,0.0,2012
0,25,8,32,0,0,0.0,2012
0,26,13,88,9998,262082,1857953.0,2012
0,1,180,268,21057,681742,3602839.0,2012
0,2,56,56,93,4869,23703.0,2012
0,3,20,20,132,6125,29073.0,2012
0,4,9,9,0,0,0.0,2012
0,5,8,8,140,6333,28614.0,2012
0,6,93,93,468,20940,99768.0,2012
0,7,3,4,63,3979,29441.0,2012
0,8,3,3,87,4723,29456.0,2012
0,9,6,6,191,8246,31154.0,2012
0,10,5,5,0,6066,28260.0,2012
0,11,7,7,291,13054,49491.0,2012
0,12,17,17,957,31957,151581.0,2012
0,13,9,9,709,26793,157901.0,2012
0,14,8,8,964,31305,148058.0,2012
0,15,9,11,1501,44475,226529.0,2012
0,16,4,5,678,26350,186399.0,2012
0,17,3,4,0,0,0.0,2012
0,18,2,4,0,0,0.0,2012
0,19,169,176,7579,270406,1442948.0,2012
0,20,3,8,0,0,0.0,2012
0,21,1,1,0,0,0.0,2012
0,22,2,9,0,0,0.0,2012
0,24,1,15,0,0,0.0,2012
0,25,2,17,0,0,0.0,2012
0,26,2,42,0,0,0.0,2012
0,1,537,610,12441,463848,2388267.0,2012
0,2,222,222,389,15422,73087.0,2012
0,3,102,104,701,23122,107468.0,2012
0,4,52,53,602,23371,133422.0,2012
0,5,21,22,379,13925,56695.0,2012
0,6,397,401,2071,75840,370672.0,2012
0,7,16,16,0,13254,72341.0,2012
0,8,22,23,567,23621,108426.0,2012
0,9,9,9,261,9978,38452.0,2012
0,10,13,14,447,16733,69612.0,2012
0,11,11,11,448,17447,74040.0,2012
0,12,19,19,1075,40351,173463.0,2012
0,13,8,8,0,0,0.0,2012
0,14,14,14,1555,57529,227582.0,2012
0,15,3,5,263,11202,70426.0,2012
0,16,7,8,1032,35346,167685.0,2012
0,17,3,5,0,0,0.0,2012
0,18,1,1,0,0,0.0,2012
0,19,523,534,9526,352266,1577509.0,2012
0,20,6,48,0,41586,0.0,2012
0,23,2,7,0,0,0.0,2012
0,24,2,9,0,0,0.0,2012
0,25,1,3,0,0,0.0,2012
0,26,3,9,0,24329,326340.0,2012
0,1,1671,1763,25484,840898,5068506.0,2012
0,2,792,792,1397,39609,203308.0,2012
0,3,318,318,2109,60228,268008.0,2012
0,4,149,150,1765,56049,270404.0,2012
0,5,77,77,1287,38553,188169.0,2012
0,6,1336,1337,6558,194439,929889.0,2012
0,7,66,66,1435,47230,264055.0,2012
0,8,37,37,950,33141,136944.0,2012
0,9,27,28,779,26649,159859.0,2012
0,10,19,20,675,21521,118020.0,2012
0,11,37,39,1512,54387,285069.0,2012
0,12,38,42,1977,73783,362255.0,2012
0,13,28,36,1860,61602,508081.0,2012
0,14,17,26,1580,45450,306614.0,2012
0,15,12,19,1096,38910,257990.0,2012
0,16,15,26,1742,58170,413013.0,2012
0,17,8,12,1650,60108,286944.0,2012
0,18,6,10,1000,30756,190440.0,2012
0,19,1646,1698,22814,746146,4219173.0,2012
0,20,4,8,0,0,0.0,2012
0,21,1,3,0,0,0.0,2012
0,22,2,2,0,0,0.0,2012
0,23,2,2,0,0,0.0,2012
0,24,1,1,0,0,0.0,2012
0,25,5,12,0,0,0.0,2012
0,26,10,37,1424,43402,434896.0,2012
0,1,2899,4465,355648,20275289,181399793.0,2012
0,2,582,583,1113,101993,864504.0,2012
0,3,353,355,2440,92992,664124.0,2012
0,4,232,232,2758,107849,720687.0,2012
0,5,217,217,3641,139722,887156.0,2012
0,6,1384,1387,9952,442556,3136471.0,2012
0,7,160,162,3497,143123,935904.0,2012
0,8,123,124,3213,137527,853100.0,2012
0,9,108,108,3376,137219,845753.0,2012
0,10,83,84,3027,143514,916286.0,2012
0,11,125,134,5497,235492,1514680.0,2012
0,12,203,225,11898,559841,3807256.0,2012
0,13,132,164,10853,495930,3171975.0,2012
0,14,161,200,17187,879578,5609597.0,2012
0,15,88,129,13460,697669,5056061.0,2012
0,16,97,178,20254,1010783,6813559.0,2012
0,17,46,109,12435,634417,4959537.0,2012
0,18,20,48,5757,320879,2183420.0,2012
0,19,2730,3052,120406,5838528,39803599.0,2012
0,20,38,92,14592,768373,6665065.0,2012
0,21,25,82,12879,739704,5645403.0,2012
0,22,18,82,10342,571889,5093350.0,2012
0,23,16,53,12176,695898,5290007.0,2012
0,24,10,78,14095,820163,5818300.0,2012
0,25,23,179,27336,1695485,17202280.0,2012
0,26,39,847,143822,9145249,95881789.0,2012
0,1,231,448,108674,7845480,81383817.0,2012
0,2,32,32,0,0,0.0,2012
0,3,14,14,0,3951,24530.0,2012
0,4,9,9,93,3905,27789.0,2012
0,5,6,6,102,3046,18914.0,2012
0,6,61,61,354,36743,239129.0,2012
0,7,4,4,0,0,0.0,2012
0,8,6,6,155,7621,57683.0,2012
0,9,7,7,0,0,0.0,2012
0,10,5,5,151,6101,77991.0,2012
0,11,9,9,325,17197,105681.0,2012
0,12,14,15,805,50121,418455.0,2012
0,13,4,4,363,19721,173272.0,2012
0,14,11,12,1214,78274,477882.0,2012
0,15,18,21,2743,163950,1662706.0,2012
0,16,16,20,3505,206282,1861026.0,2012
0,17,6,6,1614,101353,1319072.0,2012
0,18,5,9,1390,80769,792142.0,2012
0,19,166,179,12944,783050,7278007.0,2012
0,20,9,22,3852,248585,2018047.0,2012
0,21,8,15,3347,228755,1691268.0,2012
0,22,7,19,3369,231321,2136628.0,2012
0,23,6,10,3533,285920,2380822.0,2012
0,24,5,19,7266,521796,0.0,2012
0,25,10,39,12550,856732,9207265.0,2012
0,26,20,145,61813,4689321,52756081.0,2012
0,1,33,42,8678,662793,6558620.0,2012
0,2,5,5,7,257,2181.0,2012
0,3,1,1,0,0,0.0,2012
0,4,1,1,0,0,0.0,2012
0,6,7,7,22,755,5276.0,2012
0,7,1,1,0,0,0.0,2012
0,8,2,2,0,0,0.0,2012
0,9,1,1,0,0,0.0,2012
0,10,1,1,0,0,0.0,2012
0,11,2,2,0,0,0.0,2012
0,12,1,1,0,0,0.0,2012
0,15,2,2,0,0,0.0,2012
0,16,3,4,722,45793,500378.0,2012
0,19,20,21,1108,68830,745258.0,2012
0,20,1,1,0,0,0.0,2012
0,21,1,1,0,0,0.0,2012
0,22,2,3,0,0,0.0,2012
0,23,1,2,0,0,0.0,2012
0,24,2,3,0,0,0.0,2012
0,25,1,1,0,0,0.0,2012
0,26,5,10,0,0,0.0,2012
0,1,33,42,8678,662793,6558620.0,2012
0,2,5,5,7,257,2181.0,2012
0,3,1,1,0,0,0.0,2012
0,4,1,1,0,0,0.0,2012
0,6,7,7,22,755,5276.0,2012
0,7,1,1,0,0,0.0,2012
0,8,2,2,0,0,0.0,2012
0,9,1,1,0,0,0.0,2012
0,10,1,1,0,0,0.0,2012
0,11,2,2,0,0,0.0,2012
0,12,1,1,0,0,0.0,2012
0,15,2,2,0,0,0.0,2012
0,16,3,4,722,45793,500378.0,2012
0,19,20,21,1108,68830,745258.0,2012
0,20,1,1,0,0,0.0,2012
0,21,1,1,0,0,0.0,2012
0,22,2,3,0,0,0.0,2012
0,23,1,2,0,0,0.0,2012
0,24,2,3,0,0,0.0,2012
0,25,1,1,0,0,0.0,2012
0,26,5,10,0,0,0.0,2012
0,1,140,229,64451,4532028,46353062.0,2012
0,2,20,20,0,0,0.0,2012
0,3,10,10,0,3083,19137.0,2012
0,4,5,5,52,2172,17022.0,2012
0,5,4,4,67,2266,14072.0,2012
0,6,39,39,223,31246,202693.0,2012
0,7,3,3,0,0,0.0,2012
0,8,1,1,0,0,0.0,2012
0,9,3,3,0,0,0.0,2012
0,10,1,1,0,0,0.0,2012
0,11,4,4,149,8522,54390.0,2012
0,12,9,9,540,36057,263422.0,2012
0,13,2,2,0,0,0.0,2012
0,14,6,6,654,32954,229543.0,2012
0,15,14,16,2317,133004,1285404.0,2012
0,16,9,10,1842,105618,961412.0,2012
0,17,4,4,1444,90482,1075299.0,2012
0,18,4,6,0,0,0.0,2012
0,19,99,104,8397,502733,4832379.0,2012
0,20,9,16,3477,229251,1779752.0,2012
0,21,5,10,2525,174401,1115441.0,2012
0,22,3,6,1328,86020,681101.0,2012
0,23,1,2,0,0,0.0,2012
0,24,4,10,5059,358346,2417791.0,2012
0,25,6,26,8257,541137,6002905.0,2012
0,26,13,55,34573,2587109,29243658.0,2012
0,1,125,209,60053,4213008,43268695.0,2012
0,2,18,18,0,5029,50584.0,2012
0,3,10,10,0,3083,19137.0,2012
0,4,3,3,32,1318,9790.0,2012
0,5,4,4,67,2266,14072.0,2012
0,6,35,35,203,11696,93583.0,2012
0,7,3,3,0,0,0.0,2012
0,8,1,1,0,0,0.0,2012
0,9,2,2,0,0,0.0,2012
0,10,1,1,0,0,0.0,2012
0,11,4,4,149,8522,54390.0,2012
0,12,9,9,540,36057,263422.0,2012
0,13,2,2,0,0,0.0,2012
0,14,6,6,654,32954,229543.0,2012
0,15,10,12,1625,93135,864749.0,2012
0,16,7,8,1343,78223,732897.0,2012
0,17,3,3,1157,70270,0.0,2012
0,18,4,6,0,0,0.0,2012
0,19,87,92,6863,394094,3727358.0,2012
0,20,8,14,2977,204544,1485045.0,2012
0,21,4,9,2404,165435,989712.0,2012
0,22,3,6,1328,86020,681101.0,2012
0,23,1,2,0,0,0.0,2012
0,24,4,8,4271,299723,1860914.0,2012
0,25,6,24,7240,465532,5596750.0,2012
0,26,12,54,34135,2544629,28647780.0,2012
0,1,17,20,4398,319020,3084367.0,2012
0,2,2,2,0,0,0.0,2012
0,4,2,2,0,0,0.0,2012
0,6,4,4,0,0,0.0,2012
0,9,1,1,0,0,0.0,2012
0,15,4,4,0,0,0.0,2012
0,16,2,2,0,0,0.0,2012
0,17,1,1,0,0,0.0,2012
0,19,12,12,1534,108639,1105021.0,2012
0,20,1,2,0,0,0.0,2012
0,21,1,1,0,0,0.0,2012
0,24,1,2,0,0,0.0,2012
0,25,1,2,0,0,0.0,2012
0,26,1,1,0,0,0.0,2012
0,1,82,177,35545,2650659,28472135.0,2012
0,2,7,7,0,1859,13253.0,2012
0,3,3,3,0,700,4349.0,2012
0,4,3,3,31,1403,8716.0,2012
0,5,2,2,0,0,0.0,2012
0,6,15,15,109,4742,31160.0,2012
0,8,3,3,83,3721,33450.0,2012
0,9,3,3,98,3542,21515.0,2012
0,10,3,3,114,4913,74566.0,2012
0,11,3,3,127,7222,44861.0,2012
0,12,4,5,215,11323,99274.0,2012
0,13,2,2,0,0,0.0,2012
0,14,5,6,0,0,0.0,2012
0,15,3,3,0,0,0.0,2012
0,16,4,6,941,54871,399236.0,2012
0,17,2,2,0,0,0.0,2012
0,18,3,3,579,38342,204917.0,2012
0,19,50,54,3439,211487,1700370.0,2012
0,20,3,5,333,17307,202598.0,2012
0,21,3,4,712,46503,501070.0,2012
0,22,3,10,1095,70963,717552.0,2012
0,23,4,6,0,0,0.0,2012
0,24,1,6,0,0,0.0,2012
0,25,6,12,3836,280629,2880386.0,2012
0,26,12,80,23941,1829735,21108204.0,2012
0,1,82,177,35545,2650659,28472135.0,2012
0,2,7,7,0,1859,13253.0,2012
0,3,3,3,0,700,4349.0,2012
0,4,3,3,31,1403,8716.0,2012
0,5,2,2,0,0,0.0,2012
0,6,15,15,109,4742,31160.0,2012
0,8,3,3,83,3721,33450.0,2012
0,9,3,3,98,3542,21515.0,2012
0,10,3,3,114,4913,74566.0,2012
0,11,3,3,127,7222,44861.0,2012
0,12,4,5,215,11323,99274.0,2012
0,13,2,2,0,0,0.0,2012
0,14,5,6,0,0,0.0,2012
0,15,3,3,0,0,0.0,2012
0,16,4,6,941,54871,399236.0,2012
0,17,2,2,0,0,0.0,2012
0,18,3,3,579,38342,204917.0,2012
0,19,50,54,3439,211487,1700370.0,2012
0,20,3,5,333,17307,202598.0,2012
0,21,3,4,712,46503,501070.0,2012
0,22,3,10,1095,70963,717552.0,2012
0,23,4,6,0,0,0.0,2012
0,24,1,6,0,0,0.0,2012
0,25,6,12,3836,280629,2880386.0,2012
0,26,12,80,23941,1829735,21108204.0,2012
0,1,2723,4017,246974,12429809,100015976.0,2012
0,2,551,551,1052,76152,696608.0,2012
0,3,339,341,2342,89041,639594.0,2012
0,4,223,223,2665,103944,692898.0,2012
0,5,211,211,3539,136676,868242.0,2012
0,6,1324,1326,9598,405813,2897342.0,2012
0,7,156,158,3413,137584,903364.0,2012
0,8,117,118,3058,129906,795417.0,2012
0,9,101,101,3135,127840,785325.0,2012
0,10,78,79,2876,137413,838295.0,2012
0,11,117,125,5172,218295,1408999.0,2012
0,12,190,210,11093,509720,3388801.0,2012
0,13,128,160,10490,476209,2998703.0,2012
0,14,150,188,15973,801304,5131715.0,2012
0,15,73,108,10717,533719,3393355.0,2012
0,16,85,158,16749,804501,4952533.0,2012
0,17,41,103,10821,533064,3640465.0,2012
0,18,17,39,4367,240110,1391278.0,2012
0,19,2577,2873,107462,5055478,32525592.0,2012
0,20,35,70,10740,519788,4647018.0,2012
0,21,20,67,9532,510949,3954135.0,2012
0,22,16,63,6973,340568,2956722.0,2012
0,23,12,43,8643,409978,2909185.0,2012
0,24,9,59,6829,298367,1902601.0,2012
0,25,22,140,14786,838753,7995015.0,2012
0,26,32,702,82009,4455928,43125708.0,2012
0,1,1226,2117,137468,7083024,53412081.0,2012
0,2,199,199,357,34576,409653.0,2012
0,3,130,131,895,33484,244344.0,2012
0,4,94,94,1121,45157,320256.0,2012
0,5,96,96,1634,60935,404175.0,2012
0,6,519,520,4007,174152,1378428.0,2012
0,7,85,85,1880,75273,501529.0,2012
0,8,63,64,1676,71509,475841.0,2012
0,9,48,48,1465,57986,349323.0,2012
0,10,35,35,1306,59314,307925.0,2012
0,11,58,62,2553,109486,695620.0,2012
0,12,108,120,6410,305460,2037290.0,2012
0,13,78,98,6418,307348,1852825.0,2012
0,14,71,96,8059,424011,2546431.0,2012
0,15,34,49,4916,262950,1509051.0,2012
0,16,44,89,8494,417111,2344621.0,2012
0,17,18,53,5183,269009,1604169.0,2012
0,18,4,18,1289,76831,397420.0,2012
0,19,1165,1337,53656,2610440,16000473.0,2012
0,20,14,31,4494,224605,1268670.0,2012
0,21,6,20,3125,172989,1196529.0,2012
0,22,6,33,3145,137041,1158332.0,2012
0,23,4,13,1619,86085,629395.0,2012
0,24,3,37,0,0,0.0,2012
0,25,11,101,9943,570658,4035811.0,2012
0,26,17,545,59305,3180790,28508503.0,2012
0,1,731,1242,75259,4053863,32318935.0,2012
0,2,125,125,218,28862,355567.0,2012
0,3,79,79,553,19577,164557.0,2012
0,4,70,70,844,34702,260483.0,2012
0,5,58,58,1006,36324,280788.0,2012
0,6,332,332,2621,119465,1061395.0,2012
0,7,52,52,1137,45937,345156.0,2012
0,8,33,34,896,41170,311401.0,2012
0,9,25,25,761,32172,217896.0,2012
0,10,18,18,670,31437,179552.0,2012
0,11,35,37,1525,67109,474203.0,2012
0,12,66,76,3990,188428,1482098.0,2012
0,13,42,57,3349,166843,1078523.0,2012
0,14,39,46,4194,228742,1603892.0,2012
0,15,18,21,2389,139419,820487.0,2012
0,16,19,38,3553,180719,1042997.0,2012
0,17,13,33,2677,139927,766167.0,2012
0,18,3,16,1016,63978,352427.0,2012
0,19,695,785,28778,1445346,9736194.0,2012
0,20,6,14,2080,103745,661185.0,2012
0,21,4,12,0,0,0.0,2012
0,22,2,9,0,0,0.0,2012
0,23,2,7,0,0,0.0,2012
0,25,9,55,5878,343907,2714056.0,2012
0,26,13,360,34894,1931761,17623153.0,2012
0,1,343,527,41210,2113180,13465485.0,2012
0,2,31,31,60,2319,13953.0,2012
0,3,28,28,187,8521,47744.0,2012
0,4,16,16,186,7196,40711.0,2012
0,5,23,23,380,14798,80299.0,2012
0,6,98,98,813,32834,182707.0,2012
0,7,19,19,435,16252,88243.0,2012
0,8,13,13,333,14938,83067.0,2012
0,9,16,16,492,19661,104182.0,2012
0,10,12,12,450,19019,88621.0,2012
0,11,14,14,599,24030,116970.0,2012
0,12,32,32,1853,91306,432099.0,2012
0,13,28,30,2267,113585,634822.0,2012
0,14,28,39,3223,166259,801549.0,2012
0,15,15,22,2096,106023,586620.0,2012
0,16,26,42,4397,213444,1171895.0,2012
0,17,9,19,2435,124579,738709.0,2012
0,18,1,2,0,0,0.0,2012
0,19,311,358,19666,954783,5074477.0,2012
0,20,6,15,0,0,0.0,2012
0,21,3,5,766,30762,202769.0,2012
0,22,2,2,0,0,0.0,2012
0,23,3,3,201,8294,48706.0,2012
0,24,3,13,0,0,0.0,2012
0,25,6,34,2909,175352,1007221.0,2012
0,26,9,97,13444,733547,6045243.0,2012
0,1,207,348,20999,915981,7627661.0,2012
0,2,43,43,79,3395,40133.0,2012
0,3,24,24,155,5386,32043.0,2012
0,4,8,8,91,3259,19062.0,2012
0,5,15,15,248,9813,43088.0,2012
0,6,90,90,573,21853,134326.0,2012
0,7,14,14,308,13084,68130.0,2012
0,8,17,17,447,15401,81373.0,2012
0,9,7,7,212,6153,27245.0,2012
0,10,5,5,186,8858,39752.0,2012
0,11,10,11,429,18347,104447.0,2012
0,12,11,12,567,25726,123093.0,2012
0,13,10,11,802,26920,139480.0,2012
0,14,6,11,642,29010,140990.0,2012
0,15,6,6,431,17508,101944.0,2012
0,16,6,9,544,22948,129729.0,2012
0,17,1,1,0,0,0.0,2012
0,19,183,194,5212,210311,1189802.0,2012
0,20,2,2,0,0,0.0,2012
0,21,2,3,0,0,0.0,2012
0,22,3,22,1832,65152,669892.0,2012
0,23,1,3,0,0,0.0,2012
0,24,1,24,0,0,0.0,2012
0,25,4,12,0,0,0.0,2012
0,26,11,88,10967,515482,4840107.0,2012
0,1,681,858,54175,2769740,22330906.0,2012
0,2,143,143,288,23719,167864.0,2012
0,3,85,85,592,22655,162474.0,2012
0,4,62,62,738,31801,211705.0,2012
0,5,54,54,884,39431,262348.0,2012
0,6,344,344,2502,117606,804391.0,2012
0,7,30,30,655,27650,182940.0,2012
0,8,25,25,616,27885,160143.0,2012
0,9,22,22,707,33217,193305.0,2012
0,10,16,16,585,31734,177396.0,2012
0,11,27,28,1202,55773,361619.0,2012
0,12,31,34,1700,80975,545259.0,2012
0,13,27,32,2147,96235,638514.0,2012
0,14,35,40,3505,188855,1366680.0,2012
0,15,17,27,2171,111580,811953.0,2012
0,16,25,38,4712,228891,1364669.0,2012
0,17,12,23,2505,133065,850342.0,2012
0,18,6,9,1703,94015,0.0,2012
0,19,617,668,24710,1227481,8007975.0,2012
0,20,9,17,1952,97762,976864.0,2012
0,21,6,12,1269,66366,419377.0,2012
0,22,10,25,3456,188308,1632946.0,2012
0,23,7,28,0,0,0.0,2012
0,24,4,10,1694,78791,432693.0,2012
0,25,8,17,1432,79015,891734.0,2012
0,26,20,81,13831,761858,7906687.0,2012
0,1,681,858,54175,2769740,22330906.0,2012
0,2,143,143,288,23719,167864.0,2012
0,3,85,85,592,22655,162474.0,2012
0,4,62,62,738,31801,211705.0,2012
0,5,54,54,884,39431,262348.0,2012
0,6,344,344,2502,117606,804391.0,2012
0,7,30,30,655,27650,182940.0,2012
0,8,25,25,616,27885,160143.0,2012
0,9,22,22,707,33217,193305.0,2012
0,10,16,16,585,31734,177396.0,2012
0,11,27,28,1202,55773,361619.0,2012
0,12,31,34,1700,80975,545259.0,2012
0,13,27,32,2147,96235,638514.0,2012
0,14,35,40,3505,188855,1366680.0,2012
0,15,17,27,2171,111580,811953.0,2012
0,16,25,38,4712,228891,1364669.0,2012
0,17,12,23,2505,133065,850342.0,2012
0,18,6,9,1703,94015,0.0,2012
0,19,617,668,24710,1227481,8007975.0,2012
0,20,9,17,1952,97762,976864.0,2012
0,21,6,12,1269,66366,419377.0,2012
0,22,10,25,3456,188308,1632946.0,2012
0,23,7,28,0,0,0.0,2012
0,24,4,10,1694,78791,432693.0,2012
0,25,8,17,1432,79015,891734.0,2012
0,26,20,81,13831,761858,7906687.0,2012
0,1,383,455,21641,879270,6910688.0,2012
0,2,92,92,197,8450,47828.0,2012
0,3,59,59,402,17696,86945.0,2012
0,4,38,38,463,15679,78676.0,2012
0,5,26,26,437,15152,63566.0,2012
0,6,215,215,1499,56977,277015.0,2012
0,7,19,20,407,16063,92681.0,2012
0,8,14,14,374,14620,60377.0,2012
0,9,10,10,323,11845,44212.0,2012
0,10,11,12,374,17779,123416.0,2012
0,11,13,13,559,19909,127549.0,2012
0,12,27,29,1553,67114,365443.0,2012
0,13,12,17,1051,35167,200265.0,2012
0,14,19,19,1691,69693,369824.0,2012
0,15,13,22,2182,90055,535822.0,2012
0,16,5,5,780,28461,211517.0,2012
0,17,7,12,1373,58534,259418.0,2012
0,18,2,5,0,0,0.0,2012
0,19,367,393,12877,516631,2806252.0,2012
0,20,2,6,0,0,0.0,2012
0,21,3,13,0,0,0.0,2012
0,22,1,1,0,0,0.0,2012
0,24,1,9,0,0,0.0,2012
0,25,4,7,793,35202,0.0,2012
0,26,5,26,0,0,0.0,2012
0,1,383,455,21641,879270,6910688.0,2012
0,2,92,92,197,8450,47828.0,2012
0,3,59,59,402,17696,86945.0,2012
0,4,38,38,463,15679,78676.0,2012
0,5,26,26,437,15152,63566.0,2012
0,6,215,215,1499,56977,277015.0,2012
0,7,19,20,407,16063,92681.0,2012
0,8,14,14,374,14620,60377.0,2012
0,9,10,10,323,11845,44212.0,2012
0,10,11,12,374,17779,123416.0,2012
0,11,13,13,559,19909,127549.0,2012
0,12,27,29,1553,67114,365443.0,2012
0,13,12,17,1051,35167,200265.0,2012
0,14,19,19,1691,69693,369824.0,2012
0,15,13,22,2182,90055,535822.0,2012
0,16,5,5,780,28461,211517.0,2012
0,17,7,12,1373,58534,259418.0,2012
0,18,2,5,0,0,0.0,2012
0,19,367,393,12877,516631,2806252.0,2012
0,20,2,6,0,0,0.0,2012
0,21,3,13,0,0,0.0,2012
0,22,1,1,0,0,0.0,2012
0,24,1,9,0,0,0.0,2012
0,25,4,7,793,35202,0.0,2012
0,26,5,26,0,0,0.0,2012
0,1,491,587,33690,1697775,17362301.0,2012
0,2,117,117,210,9407,71263.0,2012
0,3,66,66,453,15206,145831.0,2012
0,4,29,29,343,11307,82261.0,2012
0,5,35,35,584,21158,138153.0,2012
0,6,247,247,1590,57078,437508.0,2012
0,7,22,23,471,18598,126214.0,2012
0,8,15,15,392,15892,99056.0,2012
0,9,21,21,640,24792,198485.0,2012
0,10,16,16,611,28586,229558.0,2012
0,11,20,22,858,33127,224211.0,2012
0,12,25,27,1430,56171,440809.0,2012
0,13,11,13,0,0,0.0,2012
0,14,27,33,2718,118745,848780.0,2012
0,15,9,10,1448,69134,536529.0,2012
0,16,16,26,2763,130038,1031726.0,2012
0,17,7,15,1760,72456,926536.0,2012
0,18,5,7,664,38850,304381.0,2012
0,19,441,475,16219,700926,5710892.0,2012
0,20,12,16,3227,144165,1756691.0,2012
0,21,10,22,0,0,0.0,2012
0,22,3,4,0,0,0.0,2012
0,23,1,2,0,0,0.0,2012
0,24,3,3,616,42459,0.0,2012
0,25,6,15,2618,153878,1674437.0,2012
0,26,15,50,6232,403440,5775298.0,2012
0,1,118,147,19360,1062628,12793252.0,2012
0,2,14,14,0,1487,0.0,2012
0,3,10,10,64,3256,73148.0,2012
0,4,3,3,0,0,0.0,2012
0,5,6,6,104,3876,42546.0,2012
0,6,33,33,236,9640,147842.0,2012
0,7,3,3,64,2737,31358.0,2012
0,8,5,5,133,5479,45935.0,2012
0,9,3,3,95,4455,66381.0,2012
0,10,7,7,265,10813,125760.0,2012
0,11,4,4,178,4682,39230.0,2012
0,12,8,8,456,18060,220374.0,2012
0,13,4,4,348,15353,0.0,2012
0,14,9,10,957,39685,360016.0,2012
0,15,5,6,857,35228,384643.0,2012
0,16,7,7,1258,65328,509997.0,2012
0,17,4,11,1465,55979,756513.0,2012
0,18,2,4,0,0,0.0,2012
0,19,94,105,6903,300897,3142232.0,2012
0,20,6,9,2099,107874,1400914.0,2012
0,21,4,7,0,0,0.0,2012
0,22,3,3,0,0,0.0,2012
0,23,1,1,0,0,0.0,2012
0,24,1,1,0,0,0.0,2012
0,25,4,8,0,0,0.0,2012
0,26,5,13,4585,332883,5140238.0,2012
0,1,376,440,14330,635147,4569049.0,2012
0,2,103,103,183,7920,50789.0,2012
0,3,56,56,389,11950,72683.0,2012
0,4,26,26,302,10286,70587.0,2012
0,5,29,29,480,17282,95607.0,2012
0,6,214,214,1354,47438,289666.0,2012
0,7,19,20,407,15861,94856.0,2012
0,8,10,10,259,10413,53121.0,2012
0,9,18,18,545,20337,132104.0,2012
0,10,9,9,346,17773,103798.0,2012
0,11,16,18,680,28445,184981.0,2012
0,12,17,19,974,38111,220435.0,2012
0,13,7,9,0,0,0.0,2012
0,14,18,23,1761,79060,488764.0,2012
0,15,4,4,591,33906,151886.0,2012
0,16,9,19,1505,64710,521729.0,2012
0,17,3,4,0,0,0.0,2012
0,18,3,3,73,5392,30741.0,2012
0,19,347,370,9316,400029,2568660.0,2012
0,20,6,7,1128,36291,355777.0,2012
0,21,6,15,961,61640,406768.0,2012
0,22,1,1,0,0,0.0,2012
0,23,1,1,0,0,0.0,2012
0,24,2,2,0,0,0.0,2012
0,25,3,7,0,0,0.0,2012
0,26,10,37,1647,70557,635060.0,2012
0,1,26257,27526,471611,19774913,82312596.0,2012
0,2,13661,13671,27246,795332,2811750.0,2012
0,3,5272,5281,34500,1066411,3777596.0,2012
0,4,2152,2163,25195,895479,2977716.0,2012
0,5,1168,1183,19440,729862,2462912.0,2012
0,6,22253,22298,106381,3487084,12029974.0,2012
0,7,692,715,14956,577828,1991971.0,2012
0,8,528,543,14016,568529,1901943.0,2012
0,9,379,396,11954,490834,1713955.0,2012
0,10,296,304,10753,449723,1482201.0,2012
0,11,436,458,19003,806817,2878890.0,2012
0,12,548,613,31121,1375838,4762688.0,2012
0,13,282,337,22493,998741,3643335.0,2012
0,14,289,352,30762,1375169,5149064.0,2012
0,15,143,193,20951,949986,3795435.0,2012
0,16,111,170,22095,1005367,3615503.0,2012
0,17,79,148,19576,930173,3749249.0,2012
0,18,32,53,7292,340171,1281333.0,2012
0,19,26068,26580,331353,13356260,47995541.0,2012
0,20,41,121,13427,660660,2921560.0,2012
0,21,19,36,5882,251451,1201061.0,2012
0,22,17,42,9007,365062,1743494.0,2012
0,23,17,108,10132,542581,2478054.0,2012
0,24,7,47,3031,133282,890198.0,2012
0,25,30,170,16192,768052,3991929.0,2012
0,26,58,422,82587,3697565,21090759.0,2012
0,1,26257,27526,471611,19774913,82312596.0,2012
0,2,13661,13671,27246,795332,2811750.0,2012
0,3,5272,5281,34500,1066411,3777596.0,2012
0,4,2152,2163,25195,895479,2977716.0,2012
0,5,1168,1183,19440,729862,2462912.0,2012
0,6,22253,22298,106381,3487084,12029974.0,2012
0,7,692,715,14956,577828,1991971.0,2012
0,8,528,543,14016,568529,1901943.0,2012
0,9,379,396,11954,490834,1713955.0,2012
0,10,296,304,10753,449723,1482201.0,2012
0,11,436,458,19003,806817,2878890.0,2012
0,12,548,613,31121,1375838,4762688.0,2012
0,13,282,337,22493,998741,3643335.0,2012
0,14,289,352,30762,1375169,5149064.0,2012
0,15,143,193,20951,949986,3795435.0,2012
0,16,111,170,22095,1005367,3615503.0,2012
0,17,79,148,19576,930173,3749249.0,2012
0,18,32,53,7292,340171,1281333.0,2012
0,19,26068,26580,331353,13356260,47995541.0,2012
0,20,41,121,13427,660660,2921560.0,2012
0,21,19,36,5882,251451,1201061.0,2012
0,22,17,42,9007,365062,1743494.0,2012
0,23,17,108,10132,542581,2478054.0,2012
0,24,7,47,3031,133282,890198.0,2012
0,25,30,170,16192,768052,3991929.0,2012
0,26,58,422,82587,3697565,21090759.0,2012
0,1,24639,25762,442751,18501237,78724392.0,2012
0,2,12825,12834,25689,746409,2672630.0,2012
0,3,4985,4993,32661,1004802,3610424.0,2012
0,4,2011,2022,23498,831597,2806076.0,2012
0,5,1090,1105,18125,683121,2344302.0,2012
0,6,20911,20954,99973,3265929,11433432.0,2012
0,7,647,667,13979,543038,1898606.0,2012
0,8,489,503,12999,531108,1806149.0,2012
0,9,349,363,10997,447949,1598219.0,2012
0,10,272,276,9819,411671,1390670.0,2012
0,11,407,426,17752,754679,2751942.0,2012
0,12,506,561,28606,1267982,4461702.0,2012
0,13,262,312,20867,939395,3508015.0,2012
0,14,274,333,29052,1310907,4962443.0,2012
0,15,132,175,19254,874216,3590644.0,2012
0,16,106,158,21058,960701,3498910.0,2012
0,17,73,130,18329,872986,3583045.0,2012
0,18,32,52,7283,339530,1279985.0,2012
0,19,24460,24910,309968,12520091,45763762.0,2012
0,20,40,116,13058,646014,2871921.0,2012
0,21,18,34,5809,245861,1180694.0,2012
0,22,17,40,8815,355957,1704877.0,2012
0,23,16,68,6752,313421,1844047.0,2012
0,24,5,42,2831,120296,853971.0,2012
0,25,28,167,16069,765427,3978018.0,2012
0,26,55,385,79449,3534170,20527102.0,2012
0,1,19704,20744,357600,15588609,67082383.0,2012
0,2,10254,10263,20617,610242,2189675.0,2012
0,3,3973,3980,25993,831684,2966064.0,2012
0,4,1586,1597,18490,684881,2312089.0,2012
0,5,866,880,14395,569200,1964431.0,2012
0,6,16679,16720,79495,2696007,9432259.0,2012
0,7,515,535,11152,451957,1603463.0,2012
0,8,398,411,10579,451412,1536208.0,2012
0,9,283,297,8911,381941,1381346.0,2012
0,10,210,214,7609,337780,1155478.0,2012
0,11,330,347,14396,646300,2336913.0,2012
0,12,418,470,23824,1099951,3922811.0,2012
0,13,216,260,17208,807357,3027329.0,2012
0,14,220,278,23043,1101796,4190328.0,2012
0,15,109,146,15223,727304,3044693.0,2012
0,16,83,130,16216,788974,2875103.0,2012
0,17,62,112,14902,731093,3002282.0,2012
0,18,27,45,5663,276701,1079258.0,2012
0,19,19550,19965,248221,10498573,38587471.0,2012
0,20,31,102,10344,544544,2551881.0,2012
0,21,15,30,4784,217738,1017576.0,2012
0,22,13,30,6092,274036,1289623.0,2012
0,23,13,62,5601,266233,1648405.0,2012
0,24,5,41,2712,115817,836440.0,2012
0,25,27,158,13638,676492,3363851.0,2012
0,26,50,356,66208,2995176,17787136.0,2012
0,1,4504,4525,59121,1866279,7219061.0,2012
0,2,2394,2394,4711,122128,427368.0,2012
0,3,918,919,6046,150373,516213.0,2012
0,4,389,389,4594,131941,430307.0,2012
0,5,197,197,3266,97388,325400.0,2012
0,6,3898,3899,18617,501830,1699288.0,2012
0,7,118,118,2540,79243,259114.0,2012
0,8,82,83,2174,67879,230748.0,2012
0,9,57,57,1794,53322,173555.0,2012
0,10,55,55,1967,64549,204002.0,2012
0,11,71,71,3012,96254,374553.0,2012
0,12,67,69,3558,119173,374697.0,2012
0,13,39,42,2846,98343,349538.0,2012
0,14,42,43,4626,151896,550328.0,2012
0,15,18,21,2676,88391,300143.0,2012
0,16,15,16,2962,100945,362958.0,2012
0,17,10,13,2708,113069,444997.0,2012
0,18,7,7,0,0,0.0,2012
0,19,4479,4494,51100,1597723,5524648.0,2012
0,20,7,8,1033,41088,154005.0,2012
0,21,3,3,813,17802,0.0,2012
0,22,4,7,1375,37019,116952.0,2012
0,23,2,2,0,0,0.0,2012
0,25,3,3,0,0,0.0,2012
0,26,6,8,4039,148583,1150648.0,2012
0,1,465,493,26030,1046349,4422948.0,2012
0,2,177,177,361,14039,55587.0,2012
0,3,94,94,622,22745,128147.0,2012
0,4,36,36,414,14775,63680.0,2012
0,5,28,28,464,16533,54471.0,2012
0,6,335,335,1861,68092,301885.0,2012
0,7,14,14,287,11838,36029.0,2012
0,8,9,9,246,11817,39193.0,2012
0,9,9,9,292,12686,43318.0,2012
0,10,7,7,243,9342,31190.0,2012
0,11,8,8,344,12125,40476.0,2012
0,12,22,22,1224,48858,164194.0,2012
0,13,10,10,813,33695,131148.0,2012
0,14,12,12,1383,57215,221787.0,2012
0,15,8,8,1355,58521,245808.0,2012
0,16,10,12,1880,70782,260849.0,2012
0,17,3,5,0,0,0.0,2012
0,19,447,451,10647,423795,1651643.0,2012
0,20,5,6,1681,60382,166035.0,2012
0,21,1,1,0,0,0.0,2012
0,22,3,3,1348,44902,298302.0,2012
0,23,1,4,0,0,0.0,2012
0,24,1,1,0,0,0.0,2012
0,25,2,6,0,0,0.0,2012
0,26,5,21,0,0,0.0,2012
0,1,1651,1764,28860,1273676,3588204.0,2012
0,2,836,837,1557,48923,139120.0,2012
0,3,287,288,1839,61609,167172.0,2012
0,4,141,141,1697,63882,171640.0,2012
0,5,78,78,1315,46741,118610.0,2012
0,6,1342,1344,6408,221155,596542.0,2012
0,7,48,48,977,34790,93365.0,2012
0,8,40,40,1017,37421,95794.0,2012
0,9,30,33,957,42885,115736.0,2012
0,10,28,28,934,38052,91531.0,2012
0,11,30,32,1251,52138,126948.0,2012
0,12,44,52,2515,107856,300986.0,2012
0,13,23,25,1626,59346,135320.0,2012
0,14,16,19,1710,64262,186621.0,2012
0,15,13,18,1697,75770,204791.0,2012
0,16,6,12,1037,44666,116593.0,2012
0,17,8,18,1247,57187,166204.0,2012
0,18,1,1,0,0,0.0,2012
0,19,1629,1670,21385,836169,2231779.0,2012
0,20,3,5,0,14646,49639.0,2012
0,21,1,2,0,0,0.0,2012
0,22,1,2,0,0,0.0,2012
0,23,3,40,0,0,0.0,2012
0,24,2,5,0,0,0.0,2012
0,25,2,3,0,0,0.0,2012
0,26,10,37,0,0,0.0,2012
0,1,1651,1764,28860,1273676,3588204.0,2012
0,2,836,837,1557,48923,139120.0,2012
0,3,287,288,1839,61609,167172.0,2012
0,4,141,141,1697,63882,171640.0,2012
0,5,78,78,1315,46741,118610.0,2012
0,6,1342,1344,6408,221155,596542.0,2012
0,7,48,48,977,34790,93365.0,2012
0,8,40,40,1017,37421,95794.0,2012
0,9,30,33,957,42885,115736.0,2012
0,10,28,28,934,38052,91531.0,2012
0,11,30,32,1251,52138,126948.0,2012
0,12,44,52,2515,107856,300986.0,2012
0,13,23,25,1626,59346,135320.0,2012
0,14,16,19,1710,64262,186621.0,2012
0,15,13,18,1697,75770,204791.0,2012
0,16,6,12,1037,44666,116593.0,2012
0,17,8,18,1247,57187,166204.0,2012
0,18,1,1,0,0,0.0,2012
0,19,1629,1670,21385,836169,2231779.0,2012
0,20,3,5,0,14646,49639.0,2012
0,21,1,2,0,0,0.0,2012
0,22,1,2,0,0,0.0,2012
0,23,3,40,0,0,0.0,2012
0,24,2,5,0,0,0.0,2012
0,25,2,3,0,0,0.0,2012
0,26,10,37,0,0,0.0,2012
0,1,1006,2183,98009,9291972,835150832.0,2012
0,2,279,279,531,89279,4323382.0,2012
0,3,147,147,984,60596,800600.0,2012
0,4,78,86,904,58309,735625.0,2012
0,5,47,49,784,54106,515072.0,2012
0,6,551,561,3203,262290,6374679.0,2012
0,7,35,41,669,44141,386402.0,2012
0,8,29,38,646,44004,437755.0,2012
0,9,24,29,657,51522,382021.0,2012
0,10,13,16,437,27933,372673.0,2012
0,11,34,38,1178,81030,882753.0,2012
0,12,33,52,1309,78421,1102696.0,2012
0,13,31,57,1618,96624,1955151.0,2012
0,14,50,107,3108,192992,11456825.0,2012
0,15,31,68,2406,138151,2226284.0,2012
0,16,33,86,2408,133459,2526959.0,2012
0,17,9,45,1193,73051,1805167.0,2012
0,18,13,40,0,0,0.0,2012
0,19,886,1178,20457,1341656,38200823.0,2012
0,20,18,79,2720,203262,0.0,2012
0,21,9,42,0,0,0.0,2012
0,22,13,97,3222,243506,14269804.0,2012
0,23,7,51,3141,284105,33140672.0,2012
0,24,10,59,3327,335265,22001607.0,2012
0,25,22,227,10903,893800,70819614.0,2012
0,26,41,450,52991,5907321,643399983.0,2012
0,1,1006,2183,98009,9291972,835150832.0,2012
0,2,279,279,531,89279,4323382.0,2012
0,3,147,147,984,60596,800600.0,2012
0,4,78,86,904,58309,735625.0,2012
0,5,47,49,784,54106,515072.0,2012
0,6,551,561,3203,262290,6374679.0,2012
0,7,35,41,669,44141,386402.0,2012
0,8,29,38,646,44004,437755.0,2012
0,9,24,29,657,51522,382021.0,2012
0,10,13,16,437,27933,372673.0,2012
0,11,34,38,1178,81030,882753.0,2012
0,12,33,52,1309,78421,1102696.0,2012
0,13,31,57,1618,96624,1955151.0,2012
0,14,50,107,3108,192992,11456825.0,2012
0,15,31,68,2406,138151,2226284.0,2012
0,16,33,86,2408,133459,2526959.0,2012
0,17,9,45,1193,73051,1805167.0,2012
0,18,13,40,0,0,0.0,2012
0,19,886,1178,20457,1341656,38200823.0,2012
0,20,18,79,2720,203262,0.0,2012
0,21,9,42,0,0,0.0,2012
0,22,13,97,3222,243506,14269804.0,2012
0,23,7,51,3141,284105,33140672.0,2012
0,24,10,59,3327,335265,22001607.0,2012
0,25,22,227,10903,893800,70819614.0,2012
0,26,41,450,52991,5907321,643399983.0,2012
0,1,68,152,59388,6907617,773995922.0,2012
0,2,6,6,0,0,0.0,2012
0,3,2,2,0,0,0.0,2012
0,4,3,3,31,1839,0.0,2012
0,5,4,4,0,0,0.0,2012
0,6,15,15,0,60120,0.0,2012
0,10,1,1,0,0,0.0,2012
0,11,1,1,0,0,0.0,2012
0,13,2,3,0,0,0.0,2012
0,14,6,6,613,62978,0.0,2012
0,15,2,3,0,0,0.0,2012
0,16,1,1,0,0,0.0,2012
0,17,1,1,0,0,0.0,2012
0,18,1,1,0,0,0.0,2012
0,19,30,32,2136,253106,22981163.0,2012
0,20,3,3,0,0,0.0,2012
0,21,2,2,0,0,0.0,2012
0,22,3,6,1139,112863,11370788.0,2012
0,23,2,5,0,0,0.0,2012
0,24,2,7,0,0,0.0,2012
0,25,9,17,6325,636438,65310442.0,2012
0,26,17,80,44725,5322826,624780463.0,2012
0,1,68,152,59388,6907617,773995922.0,2012
0,2,6,6,0,0,0.0,2012
0,3,2,2,0,0,0.0,2012
0,4,3,3,31,1839,0.0,2012
0,5,4,4,0,0,0.0,2012
0,6,15,15,0,60120,0.0,2012
0,10,1,1,0,0,0.0,2012
0,11,1,1,0,0,0.0,2012
0,13,2,3,0,0,0.0,2012
0,14,6,6,613,62978,0.0,2012
0,15,2,3,0,0,0.0,2012
0,16,1,1,0,0,0.0,2012
0,17,1,1,0,0,0.0,2012
0,18,1,1,0,0,0.0,2012
0,19,30,32,2136,253106,22981163.0,2012
0,20,3,3,0,0,0.0,2012
0,21,2,2,0,0,0.0,2012
0,22,3,6,1139,112863,11370788.0,2012
0,23,2,5,0,0,0.0,2012
0,24,2,7,0,0,0.0,2012
0,25,9,17,6325,636438,65310442.0,2012
0,26,17,80,44725,5322826,624780463.0,2012
0,1,595,1585,23427,1344919,23644292.0,2012
0,2,175,175,355,24542,448474.0,2012
0,3,80,80,543,35425,524114.0,2012
0,4,42,45,470,32431,386363.0,2012
0,5,23,25,369,23854,282441.0,2012
0,6,320,325,1737,116252,1641392.0,2012
0,7,24,30,462,29263,271388.0,2012
0,8,18,27,372,25521,291032.0,2012
0,9,15,20,350,30856,240739.0,2012
0,10,9,11,274,16096,164623.0,2012
0,11,17,18,536,35196,372019.0,2012
0,12,23,41,746,45713,584550.0,2012
0,13,18,39,630,34737,486118.0,2012
0,14,33,85,1511,70723,1006859.0,2012
0,15,21,55,1120,46484,828154.0,2012
0,16,21,60,1127,67883,805079.0,2012
0,17,5,38,0,34369,902674.0,2012
0,18,9,34,0,26287,668609.0,2012
0,19,533,783,10073,579380,8263236.0,2012
0,20,12,68,975,52957,898567.0,2012
0,21,4,30,508,35112,705999.0,2012
0,22,7,86,0,0,0.0,2012
0,23,5,40,0,40327,475982.0,2012
0,24,6,48,638,34873,1279897.0,2012
0,25,12,196,0,0,0.0,2012
0,26,16,334,5067,313694,6605460.0,2012
0,1,472,1362,14353,775622,13137706.0,2012
0,2,137,137,283,21568,395350.0,2012
0,3,60,60,406,28704,421721.0,2012
0,4,35,38,389,27250,314783.0,2012
0,5,16,17,254,17596,197274.0,2012
0,6,248,252,1332,95118,1329128.0,2012
0,7,18,22,343,22569,184026.0,2012
0,8,14,23,261,18221,192318.0,2012
0,9,13,18,297,28576,201720.0,2012
0,10,7,9,0,0,0.0,2012
0,11,14,15,399,30694,283244.0,2012
0,12,17,32,433,29820,424943.0,2012
0,13,15,33,413,21316,342320.0,2012
0,14,27,75,932,48527,802336.0,2012
0,15,20,52,1016,42000,707342.0,2012
0,16,19,55,764,38981,533502.0,2012
0,17,4,34,459,18785,453087.0,2012
0,18,6,30,0,0,0.0,2012
0,19,422,650,7207,424789,5768080.0,2012
0,20,10,61,755,40854,669432.0,2012
0,21,4,30,508,35112,705999.0,2012
0,22,7,76,967,35425,457727.0,2012
0,23,5,40,0,40327,475982.0,2012
0,24,4,44,426,22982,938326.0,2012
0,25,9,171,1350,64218,1323029.0,2012
0,26,11,290,2072,111915,2799131.0,2012
0,1,132,223,9074,569297,10506586.0,2012
0,2,38,38,72,2974,53124.0,2012
0,3,20,20,137,6721,102393.0,2012
0,4,7,7,81,5181,71580.0,2012
0,5,8,8,0,6258,0.0,2012
0,6,73,73,405,21134,312264.0,2012
0,7,7,8,0,6694,87362.0,2012
0,8,4,4,111,7300,98714.0,2012
0,9,2,2,0,0,0.0,2012
0,10,2,2,0,0,0.0,2012
0,11,3,3,137,4502,0.0,2012
0,12,7,9,0,0,0.0,2012
0,13,3,6,217,13421,143798.0,2012
0,14,7,10,579,22196,204523.0,2012
0,15,1,3,0,0,0.0,2012
0,16,3,5,0,0,0.0,2012
0,17,1,4,0,0,0.0,2012
0,18,3,4,0,0,0.0,2012
0,19,116,133,2866,154591,2495156.0,2012
0,20,2,7,0,0,0.0,2012
0,22,1,10,0,0,0.0,2012
0,24,3,4,212,11891,341571.0,2012
0,25,4,25,0,0,0.0,2012
0,26,6,44,2995,201779,3806329.0,2012
0,1,367,446,15194,1039436,37510618.0,2012
0,2,98,98,173,12089,169313.0,2012
0,3,65,65,432,22622,249794.0,2012
0,4,33,38,403,24039,312884.0,2012
0,5,20,20,353,27168,188419.0,2012
0,6,216,221,1361,85918,920410.0,2012
0,7,11,11,207,14878,115014.0,2012
0,8,11,11,274,18483,146723.0,2012
0,9,9,9,307,20666,141282.0,2012
0,10,4,4,150,11034,113715.0,2012
0,11,16,19,629,45473,499236.0,2012
0,12,10,11,563,32708,518146.0,2012
0,13,12,15,837,51657,602645.0,2012
0,14,12,16,984,59291,800613.0,2012
0,15,8,10,975,54312,632026.0,2012
0,16,12,25,1166,58540,1490976.0,2012
0,17,3,6,0,0,0.0,2012
0,18,3,5,0,0,0.0,2012
0,19,327,363,8248,509170,6956424.0,2012
0,20,3,8,481,28572,546207.0,2012
0,21,4,10,0,0,0.0,2012
0,22,3,5,0,0,0.0,2012
0,23,1,6,0,0,0.0,2012
0,24,4,4,0,0,0.0,2012
0,25,7,14,1047,57974,1531224.0,2012
0,26,18,36,3199,270801,12014060.0,2012
0,1,275,330,11997,836300,32640545.0,2012
0,2,67,67,128,6687,85552.0,2012
0,3,45,45,314,16344,165307.0,2012
0,4,24,24,291,18453,185039.0,2012
0,5,18,18,320,24556,158661.0,2012
0,6,154,154,1053,66040,594559.0,2012
0,7,10,10,185,12750,92840.0,2012
0,8,9,9,217,15592,94983.0,2012
0,9,8,8,272,19055,124466.0,2012
0,10,3,3,107,9435,99090.0,2012
0,11,16,19,629,45473,499236.0,2012
0,12,9,10,506,27301,432843.0,2012
0,13,8,9,652,41053,379554.0,2012
0,14,10,14,791,51449,740027.0,2012
0,15,7,9,964,53959,630270.0,2012
0,16,7,10,0,0,0.0,2012
0,17,2,4,0,0,0.0,2012
0,18,2,4,0,0,0.0,2012
0,19,245,263,6697,421020,5051115.0,2012
0,20,3,7,439,20827,410262.0,2012
0,21,3,7,0,0,0.0,2012
0,22,1,1,0,0,0.0,2012
0,23,1,6,0,0,0.0,2012
0,24,3,3,118,8894,224912.0,2012
0,25,5,12,838,46793,1342859.0,2012
0,26,14,31,2795,249613,11481784.0,2012
0,1,95,116,3197,203136,4870073.0,2012
0,2,31,31,45,5402,83761.0,2012
0,3,20,20,118,6278,84487.0,2012
0,4,9,14,0,0,0.0,2012
0,5,2,2,0,0,0.0,2012
0,6,62,67,308,19878,325851.0,2012
0,7,1,1,0,0,0.0,2012
0,8,2,2,0,0,0.0,2012
0,9,1,1,0,0,0.0,2012
0,10,1,1,0,0,0.0,2012
0,12,1,1,0,0,0.0,2012
0,13,4,6,185,10604,223091.0,2012
0,14,2,2,0,0,0.0,2012
0,15,1,1,0,0,0.0,2012
0,16,5,15,515,22626,884350.0,2012
0,17,2,2,0,0,0.0,2012
0,18,1,1,0,0,0.0,2012
0,19,83,100,1551,88150,1905309.0,2012
0,20,1,1,0,0,0.0,2012
0,21,1,3,0,0,0.0,2012
0,22,2,4,0,0,0.0,2012
0,24,1,1,0,0,0.0,2012
0,25,2,2,0,0,0.0,2012
0,26,5,5,0,0,0.0,2012
0,1,9791,13309,738641,54840745,791451157.0,2012
0,2,3145,3148,5954,784350,6102543.0,2012
0,3,1555,1555,10416,506304,3807818.0,2012
0,4,848,855,9960,527585,3969461.0,2012
0,5,564,572,9411,529667,3996728.0,2012
0,6,6112,6130,35741,2347906,17876550.0,2012
0,7,407,417,8730,487783,3426189.0,2012
0,8,307,324,8111,455674,3514382.0,2012
0,9,248,252,7740,450811,3997576.0,2012
0,10,215,226,7612,418843,5989031.0,2012
0,11,339,374,13800,771803,12678636.0,2012
0,12,439,510,24361,1356551,14037740.0,2012
0,13,277,335,21152,1164219,9330686.0,2012
0,14,307,445,29065,1673284,19669979.0,2012
0,15,179,293,22673,1441583,12996626.0,2012
0,16,199,394,31023,1850954,18509961.0,2012
0,17,109,243,22499,1508662,14838675.0,2012
0,18,65,189,19603,1327966,15179732.0,2012
0,19,9203,10132,252110,15256039,152045763.0,2012
0,20,129,325,39636,2842654,35416576.0,2012
0,21,53,180,17325,1194719,11658456.0,2012
0,22,65,275,29285,2070656,24170337.0,2012
0,23,49,212,28000,2119285,29082275.0,2012
0,24,40,232,23208,1664573,39167604.0,2012
0,25,103,499,74454,5730797,85865498.0,2012
0,26,149,1454,274623,23962022,414044648.0,2012
0,1,1412,2481,154998,12233099,279791840.0,2012
0,2,337,337,675,61727,930576.0,2012
0,3,144,144,984,59755,758894.0,2012
0,4,102,105,1176,71868,964684.0,2012
0,5,71,71,1181,82701,977794.0,2012
0,6,654,657,4016,276051,3631948.0,2012
0,7,60,60,1255,89812,892526.0,2012
0,8,54,57,1357,82399,983522.0,2012
0,9,47,48,1460,94217,1836860.0,2012
0,10,46,48,1608,93574,3796456.0,2012
0,11,92,95,3748,229031,9020868.0,2012
0,12,75,87,3732,238422,6394886.0,2012
0,13,34,40,2332,161818,1773433.0,2012
0,14,55,83,5225,365682,6145927.0,2012
0,15,38,54,4384,384403,3902063.0,2012
0,16,32,70,4967,320655,5757666.0,2012
0,17,24,59,3949,342904,4615562.0,2012
0,18,18,45,4501,361701,6039922.0,2012
0,19,1229,1403,42534,3040669,54791639.0,2012
0,20,36,88,8318,605517,14954325.0,2012
0,21,11,73,4112,304787,4530942.0,2012
0,22,16,98,0,0,0.0,2012
0,23,14,80,8236,675754,11209679.0,2012
0,24,18,59,6704,593629,14699417.0,2012
0,25,39,148,18211,1494435,22122656.0,2012
0,26,49,532,62211,5166061,150148270.0,2012
0,1,37,55,8236,971873,80151087.0,2012
0,2,8,8,0,677,31591.0,2012
0,3,2,2,0,0,0.0,2012
0,4,2,2,0,0,0.0,2012
0,5,1,1,0,0,0.0,2012
0,6,13,13,69,8399,148093.0,2012
0,9,1,1,0,0,0.0,2012
0,12,3,3,143,12853,0.0,2012
0,14,1,1,0,0,0.0,2012
0,15,1,1,0,0,0.0,2012
0,17,1,1,0,0,0.0,2012
0,18,1,1,0,0,0.0,2012
0,19,21,21,526,50695,1739835.0,2012
0,20,2,4,0,0,0.0,2012
0,22,1,2,0,0,0.0,2012
0,23,2,4,0,0,0.0,2012
0,24,2,2,0,0,0.0,2012
0,25,2,5,0,0,0.0,2012
0,26,7,17,4257,530041,56355474.0,2012
0,1,37,55,8236,971873,80151087.0,2012
0,2,8,8,0,677,31591.0,2012
0,3,2,2,0,0,0.0,2012
0,4,2,2,0,0,0.0,2012
0,5,1,1,0,0,0.0,2012
0,6,13,13,69,8399,148093.0,2012
0,9,1,1,0,0,0.0,2012
0,12,3,3,143,12853,0.0,2012
0,14,1,1,0,0,0.0,2012
0,15,1,1,0,0,0.0,2012
0,17,1,1,0,0,0.0,2012
0,18,1,1,0,0,0.0,2012
0,19,21,21,526,50695,1739835.0,2012
0,20,2,4,0,0,0.0,2012
0,22,1,2,0,0,0.0,2012
0,23,2,4,0,0,0.0,2012
0,24,2,2,0,0,0.0,2012
0,25,2,5,0,0,0.0,2012
0,26,7,17,4257,530041,56355474.0,2012
0,1,84,450,0,722868,7584967.0,2012
0,2,30,30,0,3398,27880.0,2012
0,3,11,11,0,3654,28901.0,2012
0,4,9,9,103,4644,38482.0,2012
0,5,3,3,46,1992,16304.0,2012
0,6,53,53,290,13688,111567.0,2012
0,7,5,5,0,14030,116335.0,2012
0,8,2,2,0,0,0.0,2012
0,10,2,2,0,0,0.0,2012
0,11,1,2,0,0,0.0,2012
0,12,2,2,0,0,0.0,2012
0,13,1,2,0,0,0.0,2012
0,14,2,2,0,0,0.0,2012
0,16,2,12,0,0,0.0,2012
0,19,70,82,959,60183,577425.0,2012
0,21,2,12,0,0,0.0,2012
0,22,1,48,0,0,0.0,2012
0,24,1,1,0,0,0.0,2012
0,25,2,47,0,0,0.0,2012
0,26,8,260,0,485796,5349212.0,2012
0,1,84,450,0,722868,7584967.0,2012
0,2,30,30,0,3398,27880.0,2012
0,3,11,11,0,3654,28901.0,2012
0,4,9,9,103,4644,38482.0,2012
0,5,3,3,46,1992,16304.0,2012
0,6,53,53,290,13688,111567.0,2012
0,7,5,5,0,14030,116335.0,2012
0,8,2,2,0,0,0.0,2012
0,10,2,2,0,0,0.0,2012
0,11,1,2,0,0,0.0,2012
0,12,2,2,0,0,0.0,2012
0,13,1,2,0,0,0.0,2012
0,14,2,2,0,0,0.0,2012
0,16,2,12,0,0,0.0,2012
0,19,70,82,959,60183,577425.0,2012
0,21,2,12,0,0,0.0,2012
0,22,1,48,0,0,0.0,2012
0,24,1,1,0,0,0.0,2012
0,25,2,47,0,0,0.0,2012
0,26,8,260,0,485796,5349212.0,2012
0,1,128,162,9360,668573,9407152.0,2012
0,2,39,39,74,3439,30615.0,2012
0,3,10,10,67,2562,21624.0,2012
0,4,9,9,99,8137,27723.0,2012
0,5,5,5,0,0,0.0,2012
0,6,63,63,332,19280,116069.0,2012
0,7,5,5,107,5362,30388.0,2012
0,8,11,11,262,14816,97993.0,2012
0,9,4,4,115,3580,37315.0,2012
0,10,2,3,0,0,0.0,2012
0,11,1,1,0,0,0.0,2012
0,12,6,7,237,10605,77212.0,2012
0,14,6,11,0,0,0.0,2012
0,15,2,2,0,0,0.0,2012
0,16,4,8,735,49076,366496.0,2012
0,17,2,2,0,0,0.0,2012
0,18,1,1,0,0,0.0,2012
0,19,107,118,3344,220654,1944850.0,2012
0,20,4,4,682,42963,848695.0,2012
0,21,1,2,0,0,0.0,2012
0,22,1,1,0,0,0.0,2012
0,23,5,15,1290,87018,775272.0,2012
0,24,2,7,0,0,0.0,2012
0,25,4,5,555,41211,0.0,2012
0,26,4,10,0,0,0.0,2012
0,1,128,162,9360,668573,9407152.0,2012
0,2,39,39,74,3439,30615.0,2012
0,3,10,10,67,2562,21624.0,2012
0,4,9,9,99,8137,27723.0,2012
0,5,5,5,0,0,0.0,2012
0,6,63,63,332,19280,116069.0,2012
0,7,5,5,107,5362,30388.0,2012
0,8,11,11,262,14816,97993.0,2012
0,9,4,4,115,3580,37315.0,2012
0,10,2,3,0,0,0.0,2012
0,11,1,1,0,0,0.0,2012
0,12,6,7,237,10605,77212.0,2012
0,14,6,11,0,0,0.0,2012
0,15,2,2,0,0,0.0,2012
0,16,4,8,735,49076,366496.0,2012
0,17,2,2,0,0,0.0,2012
0,18,1,1,0,0,0.0,2012
0,19,107,118,3344,220654,1944850.0,2012
0,20,4,4,682,42963,848695.0,2012
0,21,1,2,0,0,0.0,2012
0,22,1,1,0,0,0.0,2012
0,23,5,15,1290,87018,775272.0,2012
0,24,2,7,0,0,0.0,2012
0,25,4,5,555,41211,0.0,2012
0,26,4,10,0,0,0.0,2012
0,1,392,666,39323,3068062,36932598.0,2012
0,2,73,73,162,14338,139994.0,2012
0,3,46,46,323,23803,221489.0,2012
0,4,24,24,289,17270,176516.0,2012
0,5,21,21,340,18653,155721.0,2012
0,6,164,164,1114,74064,693720.0,2012
0,7,17,17,360,24389,258142.0,2012
0,8,10,12,248,16205,216285.0,2012
0,9,12,12,361,23308,215924.0,2012
0,10,6,6,165,9968,79576.0,2012
0,11,17,18,680,47597,425759.0,2012
0,12,17,25,789,50112,499364.0,2012
0,13,13,14,869,57993,553835.0,2012
0,14,15,24,1370,112800,782818.0,2012
0,15,15,23,1632,172025,1358341.0,2012
0,16,11,28,1594,108794,1681441.0,2012
0,17,13,41,2268,189732,2083555.0,2012
0,18,5,15,1204,83938,668273.0,2012
0,19,315,399,12654,970925,9517033.0,2012
0,20,16,28,2024,146330,1398100.0,2012
0,21,4,48,1593,119970,1308494.0,2012
0,22,3,25,0,21637,340590.0,2012
0,23,7,36,0,330733,0.0,2012
0,24,7,12,0,0,0.0,2012
0,25,19,43,6059,492901,4278187.0,2012
0,26,21,75,10882,847036,12827635.0,2012
0,1,392,666,39323,3068062,36932598.0,2012
0,2,73,73,162,14338,139994.0,2012
0,3,46,46,323,23803,221489.0,2012
0,4,24,24,289,17270,176516.0,2012
0,5,21,21,340,18653,155721.0,2012
0,6,164,164,1114,74064,693720.0,2012
0,7,17,17,360,24389,258142.0,2012
0,8,10,12,248,16205,216285.0,2012
0,9,12,12,361,23308,215924.0,2012
0,10,6,6,165,9968,79576.0,2012
0,11,17,18,680,47597,425759.0,2012
0,12,17,25,789,50112,499364.0,2012
0,13,13,14,869,57993,553835.0,2012
0,14,15,24,1370,112800,782818.0,2012
0,15,15,23,1632,172025,1358341.0,2012
0,16,11,28,1594,108794,1681441.0,2012
0,17,13,41,2268,189732,2083555.0,2012
0,18,5,15,1204,83938,668273.0,2012
0,19,315,399,12654,970925,9517033.0,2012
0,20,16,28,2024,146330,1398100.0,2012
0,21,4,48,1593,119970,1308494.0,2012
0,22,3,25,0,21637,340590.0,2012
0,23,7,36,0,330733,0.0,2012
0,24,7,12,0,0,0.0,2012
0,25,19,43,6059,492901,4278187.0,2012
0,26,21,75,10882,847036,12827635.0,2012
0,1,841,1148,87431,6801723,145716036.0,2012
0,2,187,187,349,39875,700496.0,2012
0,3,75,75,514,28995,446176.0,2012
0,4,58,61,660,40152,674085.0,2012
0,5,41,41,688,51598,741742.0,2012
0,6,361,364,2211,160620,2562499.0,2012
0,7,33,33,682,46031,487661.0,2012
0,8,31,32,791,44871,647120.0,2012
0,9,31,31,953,62917,1348996.0,2012
0,10,36,37,1288,76297,3667951.0,2012
0,11,73,74,3024,178886,8566873.0,2012
0,12,47,50,2443,155227,4925875.0,2012
0,13,22,24,1400,99852,1189641.0,2012
0,14,36,45,3247,223098,4874213.0,2012
0,15,20,28,2287,162794,2110533.0,2012
0,16,15,22,2432,155787,3652362.0,2012
0,17,9,15,1294,121129,2196727.0,2012
0,18,14,28,2999,250703,4782045.0,2012
0,19,728,783,25051,1738212,41012496.0,2012
0,20,17,52,5030,354027,8727038.0,2012
0,21,5,11,1363,107902,2408768.0,2012
0,22,12,22,0,0,0.0,2012
0,23,8,25,2295,194970,2574576.0,2012
0,24,13,37,3793,345825,7181888.0,2012
0,25,21,48,8966,715830,8364374.0,2012
0,26,37,170,0,0,0.0,2012
0,1,171,223,10400,603004,43219132.0,2012
0,2,19,19,0,11443,388659.0,2012
0,3,7,7,39,1764,134466.0,2012
0,4,4,5,49,1586,223046.0,2012
0,5,4,4,70,2969,148154.0,2012
0,6,34,35,185,17762,894325.0,2012
0,7,1,1,0,0,0.0,2012
0,8,3,3,77,4315,196506.0,2012
0,9,14,14,414,23835,1152070.0,2012
0,10,23,23,847,47600,3433756.0,2012
0,11,41,41,1769,86993,7519188.0,2012
0,12,18,20,995,53234,4077367.0,2012
0,13,2,2,0,0,0.0,2012
0,14,11,19,1025,53695,0.0,2012
0,15,1,1,0,0,0.0,2012
0,16,4,7,476,31440,1507788.0,2012
0,17,1,4,0,0,0.0,2012
0,18,2,8,0,0,0.0,2012
0,19,155,178,6609,366564,24201995.0,2012
0,20,2,10,0,0,0.0,2012
0,22,3,4,0,0,0.0,2012
0,24,1,1,0,0,0.0,2012
0,25,2,4,0,0,0.0,2012
0,26,8,26,2586,160787,14750166.0,2012
0,1,67,90,6166,486273,10839320.0,2012
0,2,11,11,0,0,0.0,2012
0,3,7,7,44,1589,62603.0,2012
0,4,7,7,85,2783,29834.0,2012
0,5,3,3,54,2575,24609.0,2012
0,6,28,28,205,8393,128612.0,2012
0,7,3,3,0,0,0.0,2012
0,8,3,3,0,0,0.0,2012
0,10,1,1,0,0,0.0,2012
0,11,2,2,0,0,0.0,2012
0,12,2,2,0,0,0.0,2012
0,13,3,3,201,14717,100671.0,2012
0,14,2,2,0,0,0.0,2012
0,15,2,3,0,0,0.0,2012
0,18,2,2,0,0,0.0,2012
0,19,48,49,1503,103653,2431483.0,2012
0,20,4,18,0,0,0.0,2012
0,21,1,1,0,0,0.0,2012
0,22,1,3,0,0,0.0,2012
0,23,2,3,0,0,0.0,2012
0,24,3,3,0,0,0.0,2012
0,25,2,6,0,0,0.0,2012
0,26,6,7,0,0,0.0,2012
0,1,621,835,70865,5712446,91657584.0,2012
0,2,157,157,300,26986,300271.0,2012
0,3,61,61,431,25642,249107.0,2012
0,4,47,49,526,35783,421205.0,2012
0,5,34,34,564,46054,568979.0,2012
0,6,299,301,1821,134465,1539562.0,2012
0,7,29,29,595,39702,419005.0,2012
0,8,25,26,632,35524,395535.0,2012
0,9,17,17,539,39082,196926.0,2012
0,10,12,13,408,26414,222351.0,2012
0,11,30,31,1165,87055,974898.0,2012
0,12,27,28,1329,97332,790741.0,2012
0,13,17,19,1081,79772,919607.0,2012
0,14,23,24,2020,150019,1598868.0,2012
0,15,18,24,2093,150851,1645237.0,2012
0,16,11,15,1956,124347,2144574.0,2012
0,17,8,11,914,94805,1097668.0,2012
0,18,11,18,2386,208627,2434046.0,2012
0,19,527,556,16939,1267995,14379018.0,2012
0,20,13,24,3694,295178,0.0,2012
0,21,5,10,1360,107298,0.0,2012
0,22,9,15,0,0,0.0,2012
0,23,7,22,1865,164348,2232874.0,2012
0,24,11,33,3175,277177,4882796.0,2012
0,25,17,38,8265,675543,6901725.0,2012
0,26,32,137,0,0,0.0,2012
0,1,1103,1431,91629,6301764,112034887.0,2012
0,2,186,187,338,48353,558240.0,2012
0,3,122,122,814,44306,382045.0,2012
0,4,87,87,1030,57938,478788.0,2012
0,5,90,90,1556,76858,548107.0,2012
0,6,485,486,3738,227455,1967180.0,2012
0,7,50,51,1069,49542,357009.0,2012
0,8,54,55,1404,76622,672851.0,2012
0,9,36,36,1128,48496,338554.0,2012
0,10,39,39,1453,68021,478870.0,2012
0,11,41,43,1750,75909,562954.0,2012
0,12,65,72,3560,176885,1402563.0,2012
0,13,59,63,4192,194320,1826744.0,2012
0,14,49,63,3697,201729,3031613.0,2012
0,15,25,30,2486,108463,1619922.0,2012
0,16,31,53,4172,244607,3060344.0,2012
0,17,17,37,2599,165599,2213522.0,2012
0,18,11,22,0,0,0.0,2012
0,19,962,1050,33565,1782427,19936168.0,2012
0,20,28,52,6996,444232,8250264.0,2012
0,21,11,17,0,0,0.0,2012
0,22,18,42,4769,333964,6119497.0,2012
0,23,11,32,2487,166023,4638017.0,2012
0,24,8,40,5931,438880,12301751.0,2012
0,25,27,51,7500,586268,7904950.0,2012
0,26,38,147,28613,2438873,51187687.0,2012
0,1,1014,1310,77668,5633486,103403987.0,2012
0,2,173,174,318,47212,545591.0,2012
0,3,112,112,751,41577,356321.0,2012
0,4,81,81,959,54683,456965.0,2012
0,5,85,85,1476,73396,515749.0,2012
0,6,451,452,3504,216868,1874626.0,2012
0,7,48,49,1026,47691,342965.0,2012
0,8,47,47,1221,69958,595122.0,2012
0,9,36,36,1128,48496,338554.0,2012
0,10,38,38,1412,66265,458440.0,2012
0,11,37,39,1569,69922,499885.0,2012
0,12,59,64,3201,162778,1269296.0,2012
0,13,53,57,3825,179936,1757689.0,2012
0,14,43,57,3443,189060,2890731.0,2012
0,15,20,25,1745,75389,1349172.0,2012
0,16,28,49,3874,232802,2953385.0,2012
0,17,15,34,2062,135710,1822304.0,2012
0,18,10,21,0,0,0.0,2012
0,19,885,968,30298,1638855,18549353.0,2012
0,20,27,49,6187,410192,7954487.0,2012
0,21,10,13,1082,77343,1270236.0,2012
0,22,16,37,4071,284334,5543629.0,2012
0,23,9,29,1879,142502,4290287.0,2012
0,24,8,39,5614,426075,12001934.0,2012
0,25,24,45,5744,489553,6433916.0,2012
0,26,35,130,22793,2164632,47360145.0,2012
0,1,899,1161,69352,5046876,93627959.0,2012
0,2,137,138,244,43379,476111.0,2012
0,3,102,102,692,38611,316597.0,2012
0,4,71,71,847,49659,380156.0,2012
0,5,79,79,1367,68350,441566.0,2012
0,6,389,390,3150,199999,1614430.0,2012
0,7,44,44,942,44191,323626.0,2012
0,8,42,42,1087,59524,522254.0,2012
0,9,36,36,1128,48496,338554.0,2012
0,10,34,34,1268,57708,401974.0,2012
0,11,32,34,1348,60090,442139.0,2012
0,12,55,60,2979,145918,1121118.0,2012
0,13,47,51,3465,153206,1254123.0,2012
0,14,39,53,3211,171025,2730555.0,2012
0,15,16,21,1454,70493,1278677.0,2012
0,16,25,43,3406,185299,1997381.0,2012
0,17,12,28,1550,92873,1356818.0,2012
0,18,10,20,0,0,0.0,2012
0,19,781,856,27211,1429870,15725143.0,2012
0,20,23,42,5324,363494,7316436.0,2012
0,21,9,11,701,39503,370763.0,2012
0,22,14,30,3558,248000,4855633.0,2012
0,23,9,29,1879,142502,4290287.0,2012
0,24,8,39,5614,426075,12001934.0,2012
0,25,23,41,5581,480618,6310338.0,2012
0,26,32,113,19484,1916814,42757425.0,2012
0,1,132,149,8316,586610,9776028.0,2012
0,2,36,36,74,3833,69480.0,2012
0,3,10,10,59,2966,39724.0,2012
0,4,10,10,112,5024,76809.0,2012
0,5,6,6,109,5046,74183.0,2012
0,6,62,62,354,16869,260196.0,2012
0,7,4,5,84,3500,19339.0,2012
0,8,5,5,134,10434,72868.0,2012
0,10,4,4,144,8557,56466.0,2012
0,11,5,5,221,9832,57746.0,2012
0,12,4,4,0,0,0.0,2012
0,13,6,6,360,26730,503566.0,2012
0,14,4,4,232,18035,160176.0,2012
0,15,4,4,0,0,0.0,2012
0,16,4,6,468,47503,956004.0,2012
0,17,3,6,0,0,0.0,2012
0,18,1,1,0,0,0.0,2012
0,19,106,112,3087,208985,2824210.0,2012
0,20,6,7,0,0,0.0,2012
0,21,2,2,0,0,0.0,2012
0,22,4,7,513,36334,687996.0,2012
0,25,4,4,0,0,0.0,2012
0,26,10,17,3309,247818,4602720.0,2012
0,1,101,121,13961,668278,8630900.0,2012
0,2,13,13,0,1141,12649.0,2012
0,3,10,10,63,2729,25724.0,2012
0,4,6,6,71,3255,21823.0,2012
0,5,5,5,80,3462,32358.0,2012
0,6,34,34,234,10587,92554.0,2012
0,7,2,2,0,0,0.0,2012
0,8,7,8,183,6664,77729.0,2012
0,10,1,1,0,0,0.0,2012
0,11,4,4,0,0,0.0,2012
0,12,6,8,359,14107,133267.0,2012
0,13,6,6,367,14384,69055.0,2012
0,14,6,6,254,12669,140882.0,2012
0,15,5,5,741,33074,270750.0,2012
0,16,3,4,0,0,0.0,2012
0,17,2,3,0,0,0.0,2012
0,18,1,1,0,0,0.0,2012
0,19,77,82,3267,143572,1386815.0,2012
0,20,2,3,0,0,0.0,2012
0,21,1,4,0,0,0.0,2012
0,22,4,5,0,0,0.0,2012
0,23,3,3,608,23521,347730.0,2012
0,24,1,1,0,0,0.0,2012
0,25,5,6,1756,96715,1471034.0,2012
0,26,8,17,0,0,0.0,2012
0,1,101,121,13961,668278,8630900.0,2012
0,2,13,13,0,1141,12649.0,2012
0,3,10,10,63,2729,25724.0,2012
0,4,6,6,71,3255,21823.0,2012
0,5,5,5,80,3462,32358.0,2012
0,6,34,34,234,10587,92554.0,2012
0,7,2,2,0,0,0.0,2012
0,8,7,8,183,6664,77729.0,2012
0,10,1,1,0,0,0.0,2012
0,11,4,4,0,0,0.0,2012
0,12,6,8,359,14107,133267.0,2012
0,13,6,6,367,14384,69055.0,2012
0,14,6,6,254,12669,140882.0,2012
0,15,5,5,741,33074,270750.0,2012
0,16,3,4,0,0,0.0,2012
0,17,2,3,0,0,0.0,2012
0,18,1,1,0,0,0.0,2012
0,19,77,82,3267,143572,1386815.0,2012
0,20,2,3,0,0,0.0,2012
0,21,1,4,0,0,0.0,2012
0,22,4,5,0,0,0.0,2012
0,23,3,3,608,23521,347730.0,2012
0,24,1,1,0,0,0.0,2012
0,25,5,6,1756,96715,1471034.0,2012
0,26,8,17,0,0,0.0,2012
0,1,672,919,29114,1904644,39632572.0,2012
0,2,219,219,372,21748,259062.0,2012
0,3,110,110,756,36997,439257.0,2012
0,4,61,61,692,34602,336762.0,2012
0,5,34,34,550,35396,450922.0,2012
0,6,424,424,2370,128743,1486003.0,2012
0,7,24,25,509,22678,199071.0,2012
0,8,17,23,433,20041,150472.0,2012
0,9,17,17,549,40150,316843.0,2012
0,10,11,11,0,17120,114311.0,2012
0,11,26,33,755,35455,506769.0,2012
0,12,30,41,1670,96430,824467.0,2012
0,13,17,28,1104,73533,1102116.0,2012
0,14,18,41,1191,45026,535977.0,2012
0,15,12,24,1036,63771,1515944.0,2012
0,16,15,37,0,0,0.0,2012
0,17,6,7,642,38041,309839.0,2012
0,18,2,16,0,0,0.0,2012
0,19,619,727,12875,692855,8834775.0,2012
0,20,14,24,0,69342,903400.0,2012
0,21,3,4,0,0,0.0,2012
0,22,5,9,752,61781,0.0,2012
0,23,2,3,0,0,0.0,2012
0,24,4,23,0,0,0.0,2012
0,25,12,54,0,0,0.0,2012
0,26,13,75,5192,362170,9548770.0,2012
0,1,501,709,19039,1195150,25356651.0,2012
0,2,157,157,285,15709,182033.0,2012
0,3,87,87,600,27517,314173.0,2012
0,4,46,46,515,23709,234415.0,2012
0,5,26,26,406,27731,376111.0,2012
0,6,316,316,1806,94666,1106732.0,2012
0,7,21,22,441,18197,142560.0,2012
0,8,16,22,420,19708,149931.0,2012
0,9,14,14,445,30895,250643.0,2012
0,10,8,8,0,0,0.0,2012
0,11,21,27,632,27402,427829.0,2012
0,12,21,32,1117,56456,577164.0,2012
0,13,13,24,876,60993,977484.0,2012
0,14,14,37,909,33506,425864.0,2012
0,15,8,20,627,37078,626546.0,2012
0,16,10,26,0,0,0.0,2012
0,17,2,2,0,0,0.0,2012
0,18,1,15,0,0,0.0,2012
0,19,465,565,8844,461737,5938559.0,2012
0,20,10,20,881,53337,488919.0,2012
0,21,2,3,0,0,0.0,2012
0,22,3,7,0,0,0.0,2012
0,23,2,3,0,0,0.0,2012
0,24,2,21,0,0,0.0,2012
0,25,7,34,0,0,0.0,2012
0,26,10,56,2915,191555,4520661.0,2012
0,1,156,186,5339,388826,9542807.0,2012
0,2,51,51,90,5970,81217.0,2012
0,3,27,27,184,8090,102832.0,2012
0,4,10,10,110,4506,30336.0,2012
0,5,7,7,114,16609,0.0,2012
0,6,95,95,498,35175,494368.0,2012
0,7,7,8,0,0,0.0,2012
0,8,4,4,101,5004,23357.0,2012
0,9,4,4,114,6689,85139.0,2012
0,10,3,3,0,0,0.0,2012
0,11,3,3,71,2800,43099.0,2012
0,12,8,9,371,17789,150596.0,2012
0,13,5,5,288,15565,256754.0,2012
0,14,3,5,273,9977,59915.0,2012
0,15,1,1,0,0,0.0,2012
0,16,1,1,0,0,0.0,2012
0,17,1,1,0,0,0.0,2012
0,19,135,139,2133,120049,1441267.0,2012
0,20,5,8,139,9264,97966.0,2012
0,21,1,1,0,0,0.0,2012
0,22,3,7,0,0,0.0,2012
0,23,1,2,0,0,0.0,2012
0,24,2,8,0,0,0.0,2012
0,25,4,8,711,52538,1364064.0,2012
0,26,5,13,799,65257,2265400.0,2012
0,1,51,77,6182,435079,0.0,2012
0,2,7,7,0,556,0.0,2012
0,3,9,9,64,4321,73413.0,2012
0,4,3,3,36,1952,23257.0,2012
0,5,2,2,0,0,0.0,2012
0,6,21,21,135,8240,124471.0,2012
0,8,2,2,0,0,0.0,2012
0,9,2,2,0,0,0.0,2012
0,11,1,1,0,0,0.0,2012
0,12,1,2,0,0,0.0,2012
0,14,5,8,136,3123,140944.0,2012
0,15,1,1,0,0,0.0,2012
0,16,3,3,0,0,0.0,2012
0,17,1,1,0,0,0.0,2012
0,19,37,41,924,59012,933242.0,2012
0,20,4,8,0,40838,300572.0,2012
0,21,1,2,0,0,0.0,2012
0,24,2,10,0,0,0.0,2012
0,25,4,12,0,0,0.0,2012
0,26,3,4,883,60601,1034311.0,2012
0,1,311,446,7518,371245,5132880.0,2012
0,2,99,99,0,9183,93343.0,2012
0,3,51,51,352,15106,137928.0,2012
0,4,33,33,369,17251,180822.0,2012
0,5,17,17,265,9711,75800.0,2012
0,6,200,200,1173,51251,487893.0,2012
0,7,14,14,298,11890,98190.0,2012
0,8,10,16,0,11056,0.0,2012
0,9,8,8,263,20569,124558.0,2012
0,10,5,5,0,0,0.0,2012
0,11,17,23,542,24090,381727.0,2012
0,12,12,21,680,30599,370124.0,2012
0,13,9,19,588,45428,720730.0,2012
0,14,8,24,500,20406,225005.0,2012
0,15,6,18,425,21334,440208.0,2012
0,16,7,22,0,26872,485905.0,2012
0,18,1,15,0,0,0.0,2012
0,19,297,385,5787,282676,3564050.0,2012
0,20,3,4,0,0,0.0,2012
0,23,1,1,0,0,0.0,2012
0,24,1,3,0,0,0.0,2012
0,25,3,14,0,0,0.0,2012
0,26,6,39,1233,65697,1220950.0,2012
0,1,177,210,10075,709494,14275921.0,2012
0,2,62,62,87,6039,77029.0,2012
0,3,23,23,156,9480,125084.0,2012
0,4,15,15,177,10893,102347.0,2012
0,5,8,8,144,7665,74811.0,2012
0,6,108,108,564,34077,379271.0,2012
0,7,3,3,68,4481,0.0,2012
0,8,1,1,0,0,0.0,2012
0,9,3,3,104,9255,66200.0,2012
0,10,3,3,86,6368,52070.0,2012
0,11,5,6,0,8053,0.0,2012
0,12,9,9,0,0,0.0,2012
0,13,4,4,228,12540,124632.0,2012
0,14,4,4,0,0,0.0,2012
0,15,4,4,409,26693,889398.0,2012
0,16,5,11,0,0,0.0,2012
0,17,4,5,607,35585,292232.0,2012
0,18,1,1,0,0,0.0,2012
0,19,154,162,4031,231118,2896216.0,2012
0,20,4,4,0,0,0.0,2012
0,21,1,1,0,0,0.0,2012
0,22,2,2,0,0,0.0,2012
0,24,2,2,0,0,0.0,2012
0,25,6,20,0,0,0.0,2012
0,26,8,19,2277,170615,0.0,2012
0,1,177,210,10075,709494,14275921.0,2012
0,2,62,62,87,6039,77029.0,2012
0,3,23,23,156,9480,125084.0,2012
0,4,15,15,177,10893,102347.0,2012
0,5,8,8,144,7665,74811.0,2012
0,6,108,108,564,34077,379271.0,2012
0,7,3,3,68,4481,0.0,2012
0,8,1,1,0,0,0.0,2012
0,9,3,3,104,9255,66200.0,2012
0,10,3,3,86,6368,52070.0,2012
0,11,5,6,0,8053,0.0,2012
0,12,9,9,0,0,0.0,2012
0,13,4,4,228,12540,124632.0,2012
0,14,4,4,0,0,0.0,2012
0,15,4,4,409,26693,889398.0,2012
0,16,5,11,0,0,0.0,2012
0,17,4,5,607,35585,292232.0,2012
0,18,1,1,0,0,0.0,2012
0,19,154,162,4031,231118,2896216.0,2012
0,20,4,4,0,0,0.0,2012
0,21,1,1,0,0,0.0,2012
0,22,2,2,0,0,0.0,2012
0,24,2,2,0,0,0.0,2012
0,25,6,20,0,0,0.0,2012
0,26,8,19,2277,170615,0.0,2012
0,1,1672,2150,235593,21070512,191492479.0,2012
0,2,496,496,0,0,0.0,2012
0,3,240,240,1600,91870,520195.0,2012
0,4,133,134,1570,93542,541191.0,2012
0,5,89,90,1478,95332,541181.0,2012
0,6,958,960,5517,755592,4669099.0,2012
0,7,57,58,1233,90654,489362.0,2012
0,8,41,41,1082,73825,388778.0,2012
0,9,47,48,1478,77038,420469.0,2012
0,10,31,33,1156,79915,454251.0,2012
0,11,51,59,2118,143325,638370.0,2012
0,12,76,79,4512,274814,1451020.0,2012
0,13,64,72,5251,288295,1409419.0,2012
0,14,57,70,6107,374038,2567304.0,2012
0,15,33,39,4670,292899,1531281.0,2012
0,16,52,63,8984,561158,3772582.0,2012
0,17,27,38,7361,504716,3181520.0,2012
0,18,22,32,7484,556965,4579520.0,2012
0,19,1516,1592,56953,4073234,25552975.0,2012
0,20,31,55,11459,1072402,5525471.0,2012
0,21,11,19,4754,400329,1971109.0,2012
0,22,15,30,7126,529339,3107265.0,2012
0,23,12,21,8030,694228,7640742.0,2012
0,24,8,13,1655,113583,1407783.0,2012
0,25,33,105,22110,1861280,21991563.0,2012
0,26,46,315,123506,12326117,124295571.0,2012
0,1,1672,2150,235593,21070512,191492479.0,2012
0,2,496,496,0,0,0.0,2012
0,3,240,240,1600,91870,520195.0,2012
0,4,133,134,1570,93542,541191.0,2012
0,5,89,90,1478,95332,541181.0,2012
0,6,958,960,5517,755592,4669099.0,2012
0,7,57,58,1233,90654,489362.0,2012
0,8,41,41,1082,73825,388778.0,2012
0,9,47,48,1478,77038,420469.0,2012
0,10,31,33,1156,79915,454251.0,2012
0,11,51,59,2118,143325,638370.0,2012
0,12,76,79,4512,274814,1451020.0,2012
0,13,64,72,5251,288295,1409419.0,2012
0,14,57,70,6107,374038,2567304.0,2012
0,15,33,39,4670,292899,1531281.0,2012
0,16,52,63,8984,561158,3772582.0,2012
0,17,27,38,7361,504716,3181520.0,2012
0,18,22,32,7484,556965,4579520.0,2012
0,19,1516,1592,56953,4073234,25552975.0,2012
0,20,31,55,11459,1072402,5525471.0,2012
0,21,11,19,4754,400329,1971109.0,2012
0,22,15,30,7126,529339,3107265.0,2012
0,23,12,21,8030,694228,7640742.0,2012
