STATE,ENTRSIZE,FIRM,ESTB,EMPL,PAYR,RCPT,Year
0,1,5726160,7431808,115938468,5414255995,32637809977.0,2012
0,2,3543991,3549102,5906506,237897059,1442441113.0,2012
0,3,992716,1005042,6527943,224438258,1148667880.0,2012
0,4,390671,408773,4570734,164485789,790410704.0,2012
0,5,202970,222038,3403606,126504910,613406271.0,2012
0,6,5130348,5184955,20408789,753326016,3994925968.0,2012
0,7,124411,143101,2713224,102394530,493677341.0,2012
0,8,83938,100865,2251564,86539881,409957639.0,2012
0,9,59709,76095,1900550,74918038,361309215.0,2012
0,10,44938,60255,1656151,65579578,355791777.0,2012
0,11,62905,90926,2772015,112435181,567085365.0,2012
0,12,79865,133295,4803268,199458886,1000685261.0,2012
0,13,38404,82735,3290477,142245487,722036320.0,2012
0,14,36608,102371,4427400,193477607,1025529912.0,2012
0,15,17617,66563,3028242,134252826,778337218.0,2012
0,16,16825,88474,4083226,185962259,968365919.0,2012
0,17,7898,59328,2727254,124878371,645378397.0,2012
0,18,4475,43471,2000733,92067221,493759341.0,2012
0,19,5707941,6232434,56062893,2267535881,11816839673.0,2012
0,20,6071,75920,3680290,173146039,967757566.0,2012
0,21,2990,49408,2586349,123558608,703815155.0,2012
0,22,2956,64052,3603217,180115371,982438257.0,2012
0,23,1531,48582,2647194,140147118,795995163.0,2012
0,24,914,37746,2048141,110256026,687899935.0,2012
0,25,1848,128620,6431910,349155279,2280967223.0,2012
0,26,1909,795046,38878474,2070341673,14402097005.0,2012
0,1,21351,22046,161077,5909348,32565105.0,2012
0,2,14849,14852,22265,865306,6397464.0,2012
0,3,3470,3475,22573,796523,4524208.0,2012
0,4,1127,1129,13009,464491,2413150.0,2012
0,5,507,512,8405,329781,1639763.0,2012
0,6,19953,19968,66252,2456101,14974585.0,2012
0,7,310,321,6576,269474,1290703.0,2012
0,8,199,201,5285,199235,919702.0,2012
0,9,128,129,3953,150887,692877.0,2012
0,10,72,77,2506,90361,430396.0,2012
0,11,132,150,5362,224476,1064981.0,2012
0,12,162,183,8864,333213,1661830.0,2012
0,13,84,104,6409,233010,1062063.0,2012
0,14,83,134,8342,287445,1538802.0,2012
0,15,44,90,5172,161543,870075.0,2012
0,16,53,137,9062,281024,1491094.0,2012
0,17,19,34,3711,100588,433902.0,2012
0,18,21,85,5661,163134,912794.0,2012
0,19,21260,21613,137155,4950491,27343804.0,2012
0,20,19,52,1994,91723,554324.0,2012
0,21,5,9,0,21832,125959.0,2012
0,22,9,70,3956,100138,0.0,2012
0,23,10,35,0,86833,491873.0,2012
0,24,6,7,0,32414,126077.0,2012
0,25,20,81,6979,223777,1243868.0,2012
0,26,22,179,5584,402140,2228411.0,2012
0,1,8591,8727,53515,2120056,11587739.0,2012
0,2,5192,5193,9244,307167,2350375.0,2012
0,3,1948,1949,12735,441522,2428096.0,2012
0,4,662,662,7661,269768,1295828.0,2012
0,5,291,291,4810,192214,932601.0,2012
0,6,8093,8095,34450,1210671,7006900.0,2012
0,7,171,171,3686,152531,720946.0,2012
0,8,84,84,2228,91475,431032.0,2012
0,9,53,53,1612,57132,275140.0,2012
0,10,28,28,955,41315,199427.0,2012
0,11,51,53,2117,93538,469519.0,2012
0,12,46,49,2589,114071,597758.0,2012
0,13,14,15,961,45353,215683.0,2012
0,14,12,16,985,38169,203851.0,2012
0,15,1,3,0,0,0.0,2012
0,16,6,28,480,16289,83960.0,2012
0,17,1,1,0,0,0.0,2012
0,18,3,6,0,1531,8416.0,2012
0,19,8563,8602,50171,1868219,10246120.0,2012
0,20,6,8,291,17833,97402.0,2012
0,21,3,5,0,0,0.0,2012
0,22,4,52,0,0,0.0,2012
0,23,5,14,432,34048,180813.0,2012
0,24,2,2,0,0,0.0,2012
0,25,3,3,171,11932,0.0,2012
0,26,5,41,0,0,0.0,2012
0,1,379,394,2129,110290,691520.0,2012
0,2,264,264,415,17182,161354.0,2012
0,3,57,57,334,13833,90725.0,2012
0,4,15,15,178,6526,35387.0,2012
0,5,11,11,185,6714,42888.0,2012
0,6,347,347,1112,44255,330354.0,2012
0,7,4,4,0,0,0.0,2012
0,8,3,3,0,0,0.0,2012
0,9,3,3,0,0,0.0,2012
0,11,3,5,0,0,0.0,2012
0,12,1,3,0,0,0.0,2012
0,13,1,1,0,0,0.0,2012
0,16,1,2,0,0,0.0,2012
0,18,2,5,0,0,0.0,2012
0,19,365,373,1630,74191,492735.0,2012
0,20,3,4,0,0,0.0,2012
0,21,1,1,0,0,0.0,2012
0,22,1,2,0,0,0.0,2012
0,23,3,6,0,0,0.0,2012
0,24,1,1,0,0,0.0,2012
0,25,2,2,0,0,0.0,2012
0,26,3,5,0,0,0.0,2012
0,1,379,394,2129,110290,691520.0,2012
0,2,264,264,415,17182,161354.0,2012
0,3,57,57,334,13833,90725.0,2012
0,4,15,15,178,6526,35387.0,2012
0,5,11,11,185,6714,42888.0,2012
0,6,347,347,1112,44255,330354.0,2012
0,7,4,4,0,0,0.0,2012
0,8,3,3,0,0,0.0,2012
0,9,3,3,0,0,0.0,2012
0,11,3,5,0,0,0.0,2012
0,12,1,3,0,0,0.0,2012
0,13,1,1,0,0,0.0,2012
0,16,1,2,0,0,0.0,2012
0,18,2,5,0,0,0.0,2012
0,19,365,373,1630,74191,492735.0,2012
0,20,3,4,0,0,0.0,2012
0,21,1,1,0,0,0.0,2012
0,22,1,2,0,0,0.0,2012
0,23,3,6,0,0,0.0,2012
0,24,1,1,0,0,0.0,2012
0,25,2,2,0,0,0.0,2012
0,26,3,5,0,0,0.0,2012
0,1,379,394,2129,110290,691520.0,2012
0,2,264,264,415,17182,161354.0,2012
0,3,57,57,334,13833,90725.0,2012
0,4,15,15,178,6526,35387.0,2012
0,5,11,11,185,6714,42888.0,2012
0,6,347,347,1112,44255,330354.0,2012
0,7,4,4,0,0,0.0,2012
0,8,3,3,0,0,0.0,2012
0,9,3,3,0,0,0.0,2012
0,11,3,5,0,0,0.0,2012
0,12,1,3,0,0,0.0,2012
0,13,1,1,0,0,0.0,2012
0,16,1,2,0,0,0.0,2012
0,18,2,5,0,0,0.0,2012
0,19,365,373,1630,74191,492735.0,2012
0,20,3,4,0,0,0.0,2012
0,21,1,1,0,0,0.0,2012
0,22,1,2,0,0,0.0,2012
0,23,3,6,0,0,0.0,2012
0,24,1,1,0,0,0.0,2012
0,25,2,2,0,0,0.0,2012
0,26,3,5,0,0,0.0,2012
0,1,165,182,1658,53847,225861.0,2012
0,2,103,103,132,4558,30058.0,2012
0,3,31,31,195,8544,35333.0,2012
0,4,9,9,100,2066,9316.0,2012
0,5,4,4,66,2318,8996.0,2012
0,6,147,147,493,17486,83703.0,2012
0,7,3,3,0,0,0.0,2012
0,9,1,1,0,0,0.0,2012
0,10,2,2,0,0,0.0,2012
0,11,2,2,0,0,0.0,2012
0,12,3,3,184,6350,17984.0,2012
0,14,3,3,0,0,0.0,2012
0,16,1,1,0,0,0.0,2012
0,19,162,162,1437,36786,153948.0,2012
0,23,1,1,0,0,0.0,2012
0,26,2,19,0,0,0.0,2012
0,1,165,182,1658,53847,225861.0,2012
0,2,103,103,132,4558,30058.0,2012
0,3,31,31,195,8544,35333.0,2012
0,4,9,9,100,2066,9316.0,2012
0,5,4,4,66,2318,8996.0,2012
0,6,147,147,493,17486,83703.0,2012
0,7,3,3,0,0,0.0,2012
0,9,1,1,0,0,0.0,2012
0,10,2,2,0,0,0.0,2012
0,11,2,2,0,0,0.0,2012
0,12,3,3,184,6350,17984.0,2012
0,14,3,3,0,0,0.0,2012
0,16,1,1,0,0,0.0,2012
0,19,162,162,1437,36786,153948.0,2012
0,23,1,1,0,0,0.0,2012
0,26,2,19,0,0,0.0,2012
0,1,165,182,1658,53847,225861.0,2012
0,2,103,103,132,4558,30058.0,2012
0,3,31,31,195,8544,35333.0,2012
0,4,9,9,100,2066,9316.0,2012
0,5,4,4,66,2318,8996.0,2012
0,6,147,147,493,17486,83703.0,2012
0,7,3,3,0,0,0.0,2012
0,9,1,1,0,0,0.0,2012
0,10,2,2,0,0,0.0,2012
0,11,2,2,0,0,0.0,2012
0,12,3,3,184,6350,17984.0,2012
0,14,3,3,0,0,0.0,2012
0,16,1,1,0,0,0.0,2012
0,19,162,162,1437,36786,153948.0,2012
0,23,1,1,0,0,0.0,2012
0,26,2,19,0,0,0.0,2012
0,1,8054,8151,49728,1955919,10670358.0,2012
0,2,4825,4826,8697,285427,2158963.0,2012
0,3,1860,1861,12206,419145,2302038.0,2012
0,4,638,638,7383,261176,1251125.0,2012
0,5,276,276,4559,183182,880717.0,2012
0,6,7599,7601,32845,1148930,6592843.0,2012
0,7,164,164,3525,146367,689045.0,2012
0,8,81,81,2154,88185,415920.0,2012
0,9,49,49,1495,52464,249294.0,2012
0,10,26,26,912,40477,197032.0,2012
0,11,46,46,1927,77635,382767.0,2012
0,12,42,43,2361,107175,576758.0,2012
0,13,13,14,879,43829,211468.0,2012
0,14,9,13,695,34804,189669.0,2012
0,15,1,3,0,0,0.0,2012
0,16,4,25,0,0,0.0,2012
0,17,1,1,0,0,0.0,2012
0,18,1,1,0,0,0.0,2012
0,19,8036,8067,47104,1757242,9599437.0,2012
0,20,3,4,0,0,0.0,2012
0,21,3,4,0,0,0.0,2012
0,22,3,50,0,0,0.0,2012
0,23,3,7,0,16750,91273.0,2012
0,24,1,1,0,0,0.0,2012
0,25,1,1,0,0,0.0,2012
0,26,4,17,0,0,0.0,2012
0,1,8054,8151,49728,1955919,10670358.0,2012
0,2,4825,4826,8697,285427,2158963.0,2012
0,3,1860,1861,12206,419145,2302038.0,2012
0,4,638,638,7383,261176,1251125.0,2012
0,5,276,276,4559,183182,880717.0,2012
0,6,7599,7601,32845,1148930,6592843.0,2012
0,7,164,164,3525,146367,689045.0,2012
0,8,81,81,2154,88185,415920.0,2012
0,9,49,49,1495,52464,249294.0,2012
0,10,26,26,912,40477,197032.0,2012
0,11,46,46,1927,77635,382767.0,2012
0,12,42,43,2361,107175,576758.0,2012
0,13,13,14,879,43829,211468.0,2012
0,14,9,13,695,34804,189669.0,2012
0,15,1,3,0,0,0.0,2012
0,16,4,25,0,0,0.0,2012
0,17,1,1,0,0,0.0,2012
0,18,1,1,0,0,0.0,2012
0,19,8036,8067,47104,1757242,9599437.0,2012
0,20,3,4,0,0,0.0,2012
0,21,3,4,0,0,0.0,2012
0,22,3,50,0,0,0.0,2012
0,23,3,7,0,16750,91273.0,2012
0,24,1,1,0,0,0.0,2012
0,25,1,1,0,0,0.0,2012
0,26,4,17,0,0,0.0,2012
0,1,8054,8151,49728,1955919,10670358.0,2012
0,2,4825,4826,8697,285427,2158963.0,2012
0,3,1860,1861,12206,419145,2302038.0,2012
0,4,638,638,7383,261176,1251125.0,2012
0,5,276,276,4559,183182,880717.0,2012
0,6,7599,7601,32845,1148930,6592843.0,2012
0,7,164,164,3525,146367,689045.0,2012
0,8,81,81,2154,88185,415920.0,2012
0,9,49,49,1495,52464,249294.0,2012
0,10,26,26,912,40477,197032.0,2012
0,11,46,46,1927,77635,382767.0,2012
0,12,42,43,2361,107175,576758.0,2012
0,13,13,14,879,43829,211468.0,2012
0,14,9,13,695,34804,189669.0,2012
0,15,1,3,0,0,0.0,2012
0,16,4,25,0,0,0.0,2012
0,17,1,1,0,0,0.0,2012
0,18,1,1,0,0,0.0,2012
0,19,8036,8067,47104,1757242,9599437.0,2012
0,20,3,4,0,0,0.0,2012
0,21,3,4,0,0,0.0,2012
0,22,3,50,0,0,0.0,2012
0,23,3,7,0,16750,91273.0,2012
0,24,1,1,0,0,0.0,2012
0,25,1,1,0,0,0.0,2012
0,26,4,17,0,0,0.0,2012
0,1,2479,2490,7767,390509,3123899.0,2012
0,2,2225,2225,1927,118278,1079444.0,2012
0,3,152,152,1004,35490,220873.0,2012
0,4,26,26,301,12396,75004.0,2012
0,5,19,19,327,12415,85653.0,2012
0,6,2422,2422,3559,178579,1460974.0,2012
0,7,7,7,151,5856,39067.0,2012
0,8,10,11,261,10092,68862.0,2012
0,9,9,10,300,11279,69350.0,2012
0,10,4,4,144,5655,40881.0,2012
0,11,3,3,0,0,0.0,2012
0,12,5,5,269,16406,127267.0,2012
0,13,2,2,0,0,0.0,2012
0,14,4,5,0,0,0.0,2012
0,15,5,10,528,39443,307008.0,2012
0,16,5,5,1286,51669,0.0,2012
0,17,1,1,0,0,0.0,2012
0,19,2477,2485,7124,357597,2838893.0,2012
0,20,1,1,0,0,0.0,2012
0,26,1,4,0,0,0.0,2012
0,1,2177,2188,6115,341208,2953873.0,2012
0,2,2009,2009,1656,110172,1034425.0,2012
0,3,101,101,672,25768,186254.0,2012
0,4,16,16,193,9697,65643.0,2012
0,5,9,9,153,8061,0.0,2012
0,6,2135,2135,2674,153698,1356588.0,2012
0,7,5,5,106,5121,37601.0,2012
0,8,7,8,185,8490,64775.0,2012
0,9,6,7,0,0,0.0,2012
0,10,2,2,0,0,0.0,2012
0,11,2,2,0,0,0.0,2012
0,12,5,5,269,16406,127267.0,2012
0,13,2,2,0,0,0.0,2012
0,14,4,5,0,0,0.0,2012
0,15,3,8,337,34254,304776.0,2012
0,16,4,4,0,0,0.0,2012
0,19,2175,2183,5472,308296,2668867.0,2012
0,20,1,1,0,0,0.0,2012
0,26,1,4,0,0,0.0,2012
0,1,2177,2188,6115,341208,2953873.0,2012
0,2,2009,2009,1656,110172,1034425.0,2012
0,3,101,101,672,25768,186254.0,2012
0,4,16,16,193,9697,65643.0,2012
0,5,9,9,153,8061,0.0,2012
0,6,2135,2135,2674,153698,1356588.0,2012
0,7,5,5,106,5121,37601.0,2012
0,8,7,8,185,8490,64775.0,2012
0,9,6,7,0,0,0.0,2012
0,10,2,2,0,0,0.0,2012
0,11,2,2,0,0,0.0,2012
0,12,5,5,269,16406,127267.0,2012
0,13,2,2,0,0,0.0,2012
0,14,4,5,0,0,0.0,2012
0,15,3,8,337,34254,304776.0,2012
0,16,4,4,0,0,0.0,2012
0,19,2175,2183,5472,308296,2668867.0,2012
0,20,1,1,0,0,0.0,2012
0,26,1,4,0,0,0.0,2012
0,1,1224,1234,3959,248205,2208472.0,2012
0,2,1121,1121,0,67910,639601.0,2012
0,3,62,62,415,17337,137489.0,2012
0,4,9,9,100,4813,31829.0,2012
0,5,8,8,0,0,0.0,2012
0,6,1200,1200,1606,97348,872958.0,2012
0,7,2,2,0,0,0.0,2012
0,8,4,5,105,6570,55960.0,2012
0,9,2,2,0,0,0.0,2012
0,10,1,1,0,0,0.0,2012
0,11,2,2,0,0,0.0,2012
0,12,2,2,0,0,0.0,2012
0,13,1,1,0,0,0.0,2012
0,14,3,4,0,0,0.0,2012
0,15,3,8,337,34254,304776.0,2012
0,16,3,3,0,0,0.0,2012
0,19,1223,1230,3554,224633,1998740.0,2012
0,26,1,4,0,0,0.0,2012
0,1,911,912,2063,88794,712598.0,2012
0,2,851,851,662,41057,384273.0,2012
0,3,35,35,233,7042,39052.0,2012
0,4,7,7,0,4884,33814.0,2012
0,5,1,1,0,0,0.0,2012
0,6,894,894,1009,53756,463366.0,2012
0,7,3,3,0,0,0.0,2012
0,8,3,3,80,1920,8815.0,2012
0,9,4,5,138,5012,25533.0,2012
0,12,3,3,0,0,0.0,2012
0,13,1,1,0,0,0.0,2012
0,14,1,1,0,0,0.0,2012
0,16,1,1,0,0,0.0,2012
0,19,910,911,1825,79454,637324.0,2012
0,20,1,1,0,0,0.0,2012
0,1,42,42,93,4209,32803.0,2012
0,2,37,37,0,1205,10551.0,2012
0,3,4,4,0,0,0.0,2012
0,6,41,41,59,2594,20264.0,2012
0,10,1,1,0,0,0.0,2012
0,19,42,42,93,4209,32803.0,2012
0,1,302,302,1652,49301,170026.0,2012
0,2,216,216,271,8106,45019.0,2012
0,3,51,51,332,9722,34619.0,2012
0,4,10,10,108,2699,9361.0,2012
0,5,10,10,174,4354,15387.0,2012
0,6,287,287,885,24881,104386.0,2012
0,7,2,2,0,0,0.0,2012
0,8,3,3,76,1602,4087.0,2012
0,9,3,3,94,2087,6633.0,2012
0,10,2,2,0,0,0.0,2012
0,11,1,1,0,0,0.0,2012
0,15,2,2,0,0,0.0,2012
0,16,1,1,0,0,0.0,2012
0,17,1,1,0,0,0.0,2012
0,19,302,302,1652,49301,170026.0,2012
0,1,302,302,1652,49301,170026.0,2012
0,2,216,216,271,8106,45019.0,2012
0,3,51,51,332,9722,34619.0,2012
0,4,10,10,108,2699,9361.0,2012
0,5,10,10,174,4354,15387.0,2012
0,6,287,287,885,24881,104386.0,2012
0,7,2,2,0,0,0.0,2012
0,8,3,3,76,1602,4087.0,2012
0,9,3,3,94,2087,6633.0,2012
0,10,2,2,0,0,0.0,2012
0,11,1,1,0,0,0.0,2012
0,15,2,2,0,0,0.0,2012
0,16,1,1,0,0,0.0,2012
0,17,1,1,0,0,0.0,2012
0,19,302,302,1652,49301,170026.0,2012
0,1,302,302,1652,49301,170026.0,2012
0,2,216,216,271,8106,45019.0,2012
0,3,51,51,332,9722,34619.0,2012
0,4,10,10,108,2699,9361.0,2012
0,5,10,10,174,4354,15387.0,2012
0,6,287,287,885,24881,104386.0,2012
0,7,2,2,0,0,0.0,2012
0,8,3,3,76,1602,4087.0,2012
0,9,3,3,94,2087,6633.0,2012
0,10,2,2,0,0,0.0,2012
0,11,1,1,0,0,0.0,2012
0,15,2,2,0,0,0.0,2012
0,16,1,1,0,0,0.0,2012
0,17,1,1,0,0,0.0,2012
0,19,302,302,1652,49301,170026.0,2012
0,1,10285,10829,99795,3398783,17853467.0,2012
0,2,7432,7434,11094,439861,2967645.0,2012
0,3,1370,1374,8834,319511,1875239.0,2012
0,4,439,441,5047,182327,1042318.0,2012
0,5,197,202,3268,125152,621509.0,2012
0,6,9438,9451,28243,1066851,6506711.0,2012
0,7,132,143,2739,111087,530690.0,2012
0,8,105,106,2796,97668,419808.0,2012
0,9,66,66,2041,82476,348387.0,2012
0,10,41,45,1407,43391,190088.0,2012
0,11,79,94,3118,121837,525922.0,2012
0,12,111,129,6006,202736,936805.0,2012
0,13,68,87,5341,185091,823696.0,2012
0,14,67,113,6981,222555,1099750.0,2012
0,15,38,77,4578,116410,532050.0,2012
0,16,43,104,7296,213066,1009874.0,2012
0,17,17,32,3683,99904,430632.0,2012
0,18,18,79,5631,161603,904378.0,2012
0,19,10223,10526,79860,2724675,14258791.0,2012
0,20,12,43,1465,64550,381648.0,2012
0,21,2,4,0,0,0.0,2012
0,22,6,18,3526,64133,0.0,2012
0,23,5,21,0,0,0.0,2012
0,24,4,5,0,30133,113629.0,2012
0,25,17,78,6808,211845,1190198.0,2012
0,26,16,134,0,233073,1241254.0,2012
0,1,4432,4779,69035,2362824,13909520.0,2012
0,2,2848,2849,4076,226694,1923149.0,2012
0,3,651,653,4220,191231,1402218.0,2012
0,4,236,237,2688,115096,806116.0,2012
0,5,114,117,1881,78932,486589.0,2012
0,6,3849,3856,12865,611953,4618072.0,2012
0,7,82,86,1717,73093,419122.0,2012
0,8,61,62,1606,62495,326847.0,2012
0,9,44,44,1339,62778,297696.0,2012
0,10,24,24,816,25259,127908.0,2012
0,11,54,60,2132,74756,365980.0,2012
0,12,77,87,4204,155393,774048.0,2012
0,13,51,62,3867,132751,642064.0,2012
0,14,53,88,5375,158651,864691.0,2012
0,15,32,56,3639,82634,409495.0,2012
0,16,34,67,5999,170778,843711.0,2012
0,17,13,21,3003,76223,342190.0,2012
0,18,14,75,4435,122202,745444.0,2012
0,19,4388,4588,50997,1808966,10777268.0,2012
0,20,11,42,1460,64511,381489.0,2012
0,21,2,4,0,0,0.0,2012
0,22,3,4,0,0,0.0,2012
0,23,5,21,0,0,0.0,2012
0,24,2,2,0,0,0.0,2012
0,25,11,66,6426,186168,1096523.0,2012
0,26,10,52,0,0,0.0,2012
0,1,4432,4779,69035,2362824,13909520.0,2012
0,2,2848,2849,4076,226694,1923149.0,2012
0,3,651,653,4220,191231,1402218.0,2012
0,4,236,237,2688,115096,806116.0,2012
0,5,114,117,1881,78932,486589.0,2012
0,6,3849,3856,12865,611953,4618072.0,2012
0,7,82,86,1717,73093,419122.0,2012
0,8,61,62,1606,62495,326847.0,2012
0,9,44,44,1339,62778,297696.0,2012
0,10,24,24,816,25259,127908.0,2012
0,11,54,60,2132,74756,365980.0,2012
0,12,77,87,4204,155393,774048.0,2012
0,13,51,62,3867,132751,642064.0,2012
0,14,53,88,5375,158651,864691.0,2012
0,15,32,56,3639,82634,409495.0,2012
0,16,34,67,5999,170778,843711.0,2012
0,17,13,21,3003,76223,342190.0,2012
0,18,14,75,4435,122202,745444.0,2012
0,19,4388,4588,50997,1808966,10777268.0,2012
0,20,11,42,1460,64511,381489.0,2012
0,21,2,4,0,0,0.0,2012
0,22,3,4,0,0,0.0,2012
0,23,5,21,0,0,0.0,2012
0,24,2,2,0,0,0.0,2012
0,25,11,66,6426,186168,1096523.0,2012
0,26,10,52,0,0,0.0,2012
0,1,228,242,2260,100323,980538.0,2012
0,2,89,89,192,13083,153227.0,2012
0,3,60,60,397,22749,220967.0,2012
0,4,24,24,276,11020,95351.0,2012
0,5,13,15,202,9240,88167.0,2012
0,6,186,188,1067,56092,557712.0,2012
0,7,11,11,203,9133,90295.0,2012
0,8,6,6,160,8267,79538.0,2012
0,9,4,4,130,3426,28836.0,2012
0,10,3,3,111,5277,46856.0,2012
0,11,4,6,135,4589,43876.0,2012
0,12,4,4,124,3629,36598.0,2012
0,13,1,1,0,0,0.0,2012
0,14,4,12,0,0,0.0,2012
0,17,1,1,0,0,0.0,2012
0,18,1,3,0,0,0.0,2012
0,19,225,239,2230,99069,968281.0,2012
0,20,1,1,0,0,0.0,2012
0,25,2,2,0,0,0.0,2012
0,1,2139,2193,11000,483922,3165722.0,2012
0,2,1583,1583,2272,115292,952884.0,2012
0,3,311,311,2003,85651,594512.0,2012
0,4,92,92,1058,44770,332191.0,2012
0,5,39,39,661,25033,141962.0,2012
0,6,2025,2025,5994,270746,2021549.0,2012
0,7,28,29,572,32164,144672.0,2012
0,8,20,20,533,20623,97647.0,2012
0,9,5,5,112,8196,46100.0,2012
0,10,6,6,190,7722,24499.0,2012
0,11,12,13,386,16637,73068.0,2012
0,12,16,16,832,39408,195529.0,2012
0,13,3,3,0,1167,6847.0,2012
0,14,9,22,1021,49461,330729.0,2012
0,15,2,2,0,0,0.0,2012
0,16,4,4,260,6060,39644.0,2012
0,17,2,2,0,0,0.0,2012
0,18,4,42,0,0,0.0,2012
0,19,2136,2189,10954,481929,3152694.0,2012
0,20,1,2,0,0,0.0,2012
0,25,1,1,0,0,0.0,2012
0,26,1,1,0,0,0.0,2012
0,1,330,333,1788,77270,547283.0,2012
0,2,248,248,321,17000,151930.0,2012
0,3,36,36,233,9256,73056.0,2012
0,4,11,11,132,4694,39796.0,2012
0,5,8,8,139,6248,24943.0,2012
0,6,303,303,825,37198,289725.0,2012
0,7,5,5,0,0,0.0,2012
0,8,4,4,102,3218,0.0,2012
0,9,1,1,0,0,0.0,2012
0,10,2,2,0,0,0.0,2012
0,11,2,2,0,0,0.0,2012
0,12,4,4,246,10173,51180.0,2012
0,13,3,4,0,0,0.0,2012
0,15,1,1,0,0,0.0,2012
0,16,3,3,68,5568,39591.0,2012
0,17,1,3,0,0,0.0,2012
0,19,329,332,1787,77266,547250.0,2012
0,25,1,1,0,0,0.0,2012
0,1,827,1062,39759,1326398,7811177.0,2012
0,2,305,305,489,32730,328693.0,2012
0,3,133,133,874,37478,305269.0,2012
0,4,63,64,673,34413,242624.0,2012
0,5,35,36,560,24769,187255.0,2012
0,6,536,538,2596,129390,1063841.0,2012
0,7,26,28,541,18020,112706.0,2012
0,8,14,15,371,13957,79801.0,2012
0,9,22,22,672,34719,159139.0,2012
0,10,7,7,222,4838,23945.0,2012
0,11,26,28,1041,36131,199052.0,2012
0,12,39,40,2229,81893,423728.0,2012
0,13,34,42,2564,100154,505642.0,2012
0,14,29,31,3159,72078,382283.0,2012
0,15,21,45,2415,69439,368772.0,2012
0,16,22,52,4327,123397,688716.0,2012
0,17,4,8,1048,30227,170616.0,2012
0,18,9,28,3041,93625,629122.0,2012
0,19,789,884,24226,807868,4807363.0,2012
0,20,9,39,1423,63148,372139.0,2012
0,21,2,3,0,0,0.0,2012
0,22,3,3,0,0,0.0,2012
0,23,5,21,0,0,0.0,2012
0,24,1,1,0,0,0.0,2012
0,25,9,60,6306,181638,1070295.0,2012
0,26,9,51,0,0,0.0,2012
0,1,430,436,10515,213930,759354.0,2012
0,2,269,269,317,23122,191036.0,2012
0,3,52,52,329,13152,111673.0,2012
0,4,22,22,259,9264,49060.0,2012
0,5,9,9,0,7419,26987.0,2012
0,6,352,352,1058,52957,378756.0,2012
0,7,7,7,145,4830,9495.0,2012
0,8,9,9,245,9281,31644.0,2012
0,9,6,6,191,3954,8752.0,2012
0,10,6,6,213,4236,0.0,2012
0,11,8,8,347,7832,15696.0,2012
0,12,9,13,446,8985,32496.0,2012
0,13,6,7,505,8124,21799.0,2012
0,14,9,9,0,0,0.0,2012
0,15,6,6,0,0,0.0,2012
0,16,5,5,1089,26842,40053.0,2012
0,17,4,5,1411,24835,45675.0,2012
0,18,2,2,0,0,0.0,2012
0,19,429,435,8247,190812,677093.0,2012
0,24,1,1,0,0,0.0,2012
0,1,493,513,3713,160981,645446.0,2012
0,2,355,355,485,25467,145379.0,2012
0,3,59,61,384,22945,96741.0,2012
0,4,24,24,290,10935,47094.0,2012
0,5,10,10,166,6223,17275.0,2012
0,6,448,450,1325,65570,306489.0,2012
0,7,6,6,138,4430,27581.0,2012
0,8,8,8,195,7149,23218.0,2012
0,9,6,6,0,0,0.0,2012
0,11,3,3,0,0,0.0,2012
0,12,5,10,327,11305,34517.0,2012
0,13,5,5,465,16204,47231.0,2012
0,14,2,14,0,0,0.0,2012
0,15,2,2,0,0,0.0,2012
0,16,3,3,0,0,0.0,2012
0,17,1,2,0,0,0.0,2012
0,19,489,509,3553,152022,624587.0,2012
0,21,1,1,0,0,0.0,2012
0,22,1,1,0,0,0.0,2012
0,25,2,2,0,0,0.0,2012
0,1,4254,4359,20088,617583,2519177.0,2012
0,2,3385,3386,5396,129755,666152.0,2012
0,3,537,538,3445,79928,298689.0,2012
0,4,149,150,1710,46062,168366.0,2012
0,5,40,40,664,20357,66760.0,2012
0,6,4111,4114,11215,276102,1199967.0,2012
0,7,25,25,517,15152,48350.0,2012
0,8,25,25,666,17296,46185.0,2012
0,9,9,9,271,6778,17460.0,2012
0,10,9,10,331,6550,26023.0,2012
0,11,13,13,502,16975,0.0,2012
0,12,18,21,930,25126,100266.0,2012
0,13,7,7,0,0,0.0,2012
0,14,8,8,829,34359,140201.0,2012
0,15,4,15,623,19796,79548.0,2012
0,16,5,33,735,34430,139399.0,2012
0,17,4,11,0,0,0.0,2012
0,18,2,2,0,0,0.0,2012
0,19,4240,4293,18756,539264,2199494.0,2012
0,20,1,1,0,0,0.0,2012
0,22,3,13,0,0,0.0,2012
0,25,3,3,0,0,0.0,2012
0,26,7,49,0,0,0.0,2012
0,1,4254,4359,20088,617583,2519177.0,2012
0,2,3385,3386,5396,129755,666152.0,2012
0,3,537,538,3445,79928,298689.0,2012
0,4,149,150,1710,46062,168366.0,2012
0,5,40,40,664,20357,66760.0,2012
0,6,4111,4114,11215,276102,1199967.0,2012
0,7,25,25,517,15152,48350.0,2012
0,8,25,25,666,17296,46185.0,2012
0,9,9,9,271,6778,17460.0,2012
0,10,9,10,331,6550,26023.0,2012
0,11,13,13,502,16975,0.0,2012
0,12,18,21,930,25126,100266.0,2012
0,13,7,7,0,0,0.0,2012
0,14,8,8,829,34359,140201.0,2012
0,15,4,15,623,19796,79548.0,2012
0,16,5,33,735,34430,139399.0,2012
0,17,4,11,0,0,0.0,2012
0,18,2,2,0,0,0.0,2012
0,19,4240,4293,18756,539264,2199494.0,2012
0,20,1,1,0,0,0.0,2012
0,22,3,13,0,0,0.0,2012
0,25,3,3,0,0,0.0,2012
0,26,7,49,0,0,0.0,2012
0,1,4254,4359,20088,617583,2519177.0,2012
0,2,3385,3386,5396,129755,666152.0,2012
0,3,537,538,3445,79928,298689.0,2012
0,4,149,150,1710,46062,168366.0,2012
0,5,40,40,664,20357,66760.0,2012
0,6,4111,4114,11215,276102,1199967.0,2012
0,7,25,25,517,15152,48350.0,2012
0,8,25,25,666,17296,46185.0,2012
0,9,9,9,271,6778,17460.0,2012
0,10,9,10,331,6550,26023.0,2012
0,11,13,13,502,16975,0.0,2012
0,12,18,21,930,25126,100266.0,2012
0,13,7,7,0,0,0.0,2012
0,14,8,8,829,34359,140201.0,2012
0,15,4,15,623,19796,79548.0,2012
0,16,5,33,735,34430,139399.0,2012
0,17,4,11,0,0,0.0,2012
0,18,2,2,0,0,0.0,2012
0,19,4240,4293,18756,539264,2199494.0,2012
0,20,1,1,0,0,0.0,2012
0,22,3,13,0,0,0.0,2012
0,25,3,3,0,0,0.0,2012
0,26,7,49,0,0,0.0,2012
0,1,1604,1691,10672,418376,1424770.0,2012
0,2,1199,1199,1622,83412,378344.0,2012
0,3,182,183,1169,48352,174332.0,2012
0,4,54,54,649,21169,67836.0,2012
0,5,43,45,723,25863,68160.0,2012
0,6,1478,1481,4163,178796,688672.0,2012
0,7,25,32,505,22842,63218.0,2012
0,8,19,19,524,17877,46776.0,2012
0,9,13,13,431,12920,33231.0,2012
0,10,9,11,260,11582,36157.0,2012
0,11,12,21,484,30106,97401.0,2012
0,12,16,21,872,22217,62491.0,2012
0,13,10,18,815,26000,80184.0,2012
0,14,7,17,777,29545,94858.0,2012
0,15,2,6,0,0,0.0,2012
0,16,4,4,0,0,0.0,2012
0,18,2,2,0,0,0.0,2012
0,19,1597,1645,10107,376445,1282029.0,2012
0,22,1,1,0,0,0.0,2012
0,24,2,3,0,0,0.0,2012
0,25,3,9,0,0,0.0,2012
0,26,1,33,0,0,0.0,2012
0,1,1604,1691,10672,418376,1424770.0,2012
0,2,1199,1199,1622,83412,378344.0,2012
0,3,182,183,1169,48352,174332.0,2012
0,4,54,54,649,21169,67836.0,2012
0,5,43,45,723,25863,68160.0,2012
0,6,1478,1481,4163,178796,688672.0,2012
0,7,25,32,505,22842,63218.0,2012
0,8,19,19,524,17877,46776.0,2012
0,9,13,13,431,12920,33231.0,2012
0,10,9,11,260,11582,36157.0,2012
0,11,12,21,484,30106,97401.0,2012
0,12,16,21,872,22217,62491.0,2012
0,13,10,18,815,26000,80184.0,2012
0,14,7,17,777,29545,94858.0,2012
0,15,2,6,0,0,0.0,2012
0,16,4,4,0,0,0.0,2012
0,18,2,2,0,0,0.0,2012
0,19,1597,1645,10107,376445,1282029.0,2012
0,22,1,1,0,0,0.0,2012
0,24,2,3,0,0,0.0,2012
0,25,3,9,0,0,0.0,2012
0,26,1,33,0,0,0.0,2012
0,1,1604,1691,10672,418376,1424770.0,2012
0,2,1199,1199,1622,83412,378344.0,2012
0,3,182,183,1169,48352,174332.0,2012
0,4,54,54,649,21169,67836.0,2012
0,5,43,45,723,25863,68160.0,2012
0,6,1478,1481,4163,178796,688672.0,2012
0,7,25,32,505,22842,63218.0,2012
0,8,19,19,524,17877,46776.0,2012
0,9,13,13,431,12920,33231.0,2012
0,10,9,11,260,11582,36157.0,2012
0,11,12,21,484,30106,97401.0,2012
0,12,16,21,872,22217,62491.0,2012
0,13,10,18,815,26000,80184.0,2012
0,14,7,17,777,29545,94858.0,2012
0,15,2,6,0,0,0.0,2012
0,16,4,4,0,0,0.0,2012
0,18,2,2,0,0,0.0,2012
0,19,1597,1645,10107,376445,1282029.0,2012
0,22,1,1,0,0,0.0,2012
0,24,2,3,0,0,0.0,2012
0,25,3,9,0,0,0.0,2012
0,26,1,33,0,0,0.0,2012
0,1,22149,28909,727626,61297296,555532371.0,2012
0,2,12686,12700,20347,1402254,9811191.0,2012
0,3,3256,3285,21571,1214166,7696826.0,2012
0,4,1501,1537,17491,1086749,6132580.0,2012
0,5,925,956,15393,1001854,6339462.0,2012
0,6,18368,18478,74802,4705023,29980059.0,2012
0,7,594,641,12600,869923,4996187.0,2012
0,8,409,442,10799,732019,3744965.0,2012
0,9,324,360,9952,659341,3715860.0,2012
0,10,254,290,8939,595692,3246932.0,2012
0,11,348,402,14671,1013174,6028030.0,2012
0,12,507,670,28048,2054613,11171802.0,2012
0,13,241,377,17560,1285504,6263712.0,2012
0,14,274,528,28079,2094227,12186937.0,2012
0,15,149,269,18476,1437536,8146051.0,2012
0,16,162,409,30097,2239901,14407444.0,2012
0,17,98,269,26876,2339534,15884458.0,2012
0,18,52,197,13452,1037425,7343157.0,2012
0,19,21780,23332,294351,21063912,127115594.0,2012
0,20,82,448,29085,2857277,32109644.0,2012
0,21,31,211,17245,1644667,14374722.0,2012
0,22,53,581,36129,3312452,31089587.0,2012
0,23,42,315,24639,2273681,22570507.0,2012
0,24,26,272,15809,1548718,14014845.0,2012
0,25,54,944,85127,7598175,84552915.0,2012
0,26,81,2806,225241,20998414,229704557.0,2012
0,1,6646,8064,125001,15450654,325312714.0,2012
0,2,4579,4584,7637,506459,5883243.0,2012
0,3,950,967,6077,426581,4393622.0,2012
0,4,322,335,3714,309451,3035651.0,2012
0,5,180,189,2921,273669,3543361.0,2012
0,6,6031,6075,20349,1516160,16855877.0,2012
0,7,95,101,1976,208348,2610672.0,2012
0,8,65,73,1713,174336,1758830.0,2012
0,9,44,54,1334,145518,1874911.0,2012
0,10,36,42,1172,136107,1662517.0,2012
0,11,65,76,2755,287676,3349800.0,2012
0,12,75,99,3835,436265,5349996.0,2012
0,13,33,46,2164,283156,2388297.0,2012
0,14,40,73,3714,483688,6180486.0,2012
0,15,21,36,2140,280558,3521319.0,2012
0,16,20,45,3141,397975,5423299.0,2012
0,17,17,36,3668,497547,7276361.0,2012
0,18,5,36,1276,237900,0.0,2012
0,19,6547,6792,49237,5085234,62123691.0,2012
0,20,19,125,6538,1014861,22363447.0,2012
0,21,8,79,4804,769371,11118556.0,2012
0,22,11,103,5788,762423,18888349.0,2012
0,23,10,55,5134,706167,14137575.0,2012
0,24,8,86,3399,539860,9835338.0,2012
0,25,15,247,13990,1689673,44877262.0,2012
0,26,28,577,36111,4883065,141968496.0,2012
0,1,6646,8064,125001,15450654,325312714.0,2012
0,2,4579,4584,7637,506459,5883243.0,2012
0,3,950,967,6077,426581,4393622.0,2012
0,4,322,335,3714,309451,3035651.0,2012
0,5,180,189,2921,273669,3543361.0,2012
0,6,6031,6075,20349,1516160,16855877.0,2012
0,7,95,101,1976,208348,2610672.0,2012
0,8,65,73,1713,174336,1758830.0,2012
0,9,44,54,1334,145518,1874911.0,2012
0,10,36,42,1172,136107,1662517.0,2012
0,11,65,76,2755,287676,3349800.0,2012
0,12,75,99,3835,436265,5349996.0,2012
0,13,33,46,2164,283156,2388297.0,2012
0,14,40,73,3714,483688,6180486.0,2012
0,15,21,36,2140,280558,3521319.0,2012
0,16,20,45,3141,397975,5423299.0,2012
0,17,17,36,3668,497547,7276361.0,2012
0,18,5,36,1276,237900,0.0,2012
0,19,6547,6792,49237,5085234,62123691.0,2012
0,20,19,125,6538,1014861,22363447.0,2012
0,21,8,79,4804,769371,11118556.0,2012
0,22,11,103,5788,762423,18888349.0,2012
0,23,10,55,5134,706167,14137575.0,2012
0,24,8,86,3399,539860,9835338.0,2012
0,25,15,247,13990,1689673,44877262.0,2012
0,26,28,577,36111,4883065,141968496.0,2012
0,1,6646,8064,125001,15450654,325312714.0,2012
0,2,4579,4584,7637,506459,5883243.0,2012
0,3,950,967,6077,426581,4393622.0,2012
0,4,322,335,3714,309451,3035651.0,2012
0,5,180,189,2921,273669,3543361.0,2012
0,6,6031,6075,20349,1516160,16855877.0,2012
0,7,95,101,1976,208348,2610672.0,2012
0,8,65,73,1713,174336,1758830.0,2012
0,9,44,54,1334,145518,1874911.0,2012
0,10,36,42,1172,136107,1662517.0,2012
0,11,65,76,2755,287676,3349800.0,2012
0,12,75,99,3835,436265,5349996.0,2012
0,13,33,46,2164,283156,2388297.0,2012
0,14,40,73,3714,483688,6180486.0,2012
0,15,21,36,2140,280558,3521319.0,2012
0,16,20,45,3141,397975,5423299.0,2012
0,17,17,36,3668,497547,7276361.0,2012
0,18,5,36,1276,237900,0.0,2012
0,19,6547,6792,49237,5085234,62123691.0,2012
0,20,19,125,6538,1014861,22363447.0,2012
0,21,8,79,4804,769371,11118556.0,2012
0,22,11,103,5788,762423,18888349.0,2012
0,23,10,55,5134,706167,14137575.0,2012
0,24,8,86,3399,539860,9835338.0,2012
0,25,15,247,13990,1689673,44877262.0,2012
0,26,28,577,36111,4883065,141968496.0,2012
0,1,6536,7720,114524,14305968,276076578.0,2012
0,2,4520,4524,7528,498723,5679769.0,2012
0,3,933,950,5977,421751,4245124.0,2012
0,4,318,331,3662,305860,2955304.0,2012
0,5,177,186,2876,270803,3494501.0,2012
0,6,5948,5991,20043,1497137,16374698.0,2012
0,7,93,98,1936,206610,2573244.0,2012
0,8,64,72,1686,172534,1690090.0,2012
0,9,43,53,1300,142129,1780041.0,2012
0,10,34,39,1124,132604,1637348.0,2012
0,11,63,74,2660,282220,3298562.0,2012
0,12,71,95,3587,422169,5249224.0,2012
0,13,31,44,2133,281124,2384177.0,2012
0,14,40,73,3714,483688,6180486.0,2012
0,15,17,24,1799,247114,2754081.0,2012
0,16,18,37,2648,341824,3849506.0,2012
0,17,17,36,3668,497547,7276361.0,2012
0,18,5,34,1230,236465,0.0,2012
0,19,6444,6670,47528,4943165,58864432.0,2012
0,20,18,100,6027,963124,20996620.0,2012
0,21,8,79,4804,769371,11118556.0,2012
0,22,10,68,4248,590401,11034022.0,2012
0,23,10,49,4033,547301,8625379.0,2012
0,24,7,80,3312,532684,9643287.0,2012
0,25,14,151,10634,1339079,28288228.0,2012
0,26,25,523,33938,4620843,127506054.0,2012
0,1,143,344,10477,1144686,49236136.0,2012
0,2,60,60,109,7736,203474.0,2012
0,3,17,17,100,4830,148498.0,2012
0,4,4,4,0,3591,0.0,2012
0,5,3,3,45,2866,0.0,2012
0,6,84,84,306,19023,481179.0,2012
0,7,2,3,0,0,0.0,2012
0,8,1,1,0,0,0.0,2012
0,9,1,1,0,0,0.0,2012
0,10,2,3,0,0,0.0,2012
0,11,2,2,0,0,0.0,2012
0,12,4,4,248,14096,100772.0,2012
0,13,2,2,0,0,0.0,2012
0,15,5,12,0,0,0.0,2012
0,16,3,8,0,0,0.0,2012
0,18,1,2,0,0,0.0,2012
0,19,107,122,1709,142069,3259259.0,2012
0,20,6,25,511,51737,1366827.0,2012
0,22,4,35,1540,172022,7854327.0,2012
0,23,2,6,0,0,0.0,2012
0,24,2,6,0,0,0.0,2012
0,25,7,96,3356,350594,16589034.0,2012
0,26,15,54,0,262222,0.0,2012
0,1,3978,6582,204425,14350305,101768128.0,2012
0,2,1649,1649,2988,196439,1137247.0,2012
0,3,707,708,4851,225589,1165242.0,2012
0,4,360,373,4152,197192,926765.0,2012
0,5,214,221,3584,200259,1007264.0,2012
0,6,2930,2951,15575,819479,4236518.0,2012
0,7,148,171,3032,162429,841224.0,2012
0,8,92,96,2286,105441,517632.0,2012
0,9,81,89,2288,127618,643472.0,2012
0,10,76,92,2530,132966,579869.0,2012
0,11,84,108,3190,176446,929907.0,2012
0,12,107,184,4946,273010,1649249.0,2012
0,13,67,145,3640,211992,1336325.0,2012
0,14,78,213,6305,356822,1880634.0,2012
0,15,48,102,4082,256744,1743859.0,2012
0,16,57,183,7247,465002,3050729.0,2012
0,17,34,113,7427,586466,4247258.0,2012
0,18,18,67,2902,177352,1103479.0,2012
0,19,3820,4514,65450,3851767,22760155.0,2012
0,20,34,189,9147,652547,5732250.0,2012
0,21,12,57,5269,341149,1990661.0,2012
0,22,19,165,8110,537657,3410121.0,2012
0,23,21,135,0,0,0.0,2012
0,24,15,83,4363,318764,1940442.0,2012
0,25,24,252,32753,2698637,22452917.0,2012
0,26,33,1187,69099,5186136,38511476.0,2012
0,1,583,1038,89367,6706078,42985733.0,2012
0,2,176,176,311,37344,223633.0,2012
0,3,80,80,550,25002,248256.0,2012
0,4,48,48,579,28905,195734.0,2012
0,5,37,37,628,33562,220452.0,2012
0,6,341,341,2068,124813,888075.0,2012
0,7,28,28,604,34688,285982.0,2012
0,8,22,22,583,25372,168719.0,2012
0,9,23,23,722,39172,222377.0,2012
0,10,18,18,657,40460,191558.0,2012
0,11,24,28,1024,61788,420102.0,2012
0,12,18,28,1069,57494,331723.0,2012
0,13,16,21,1374,89138,661585.0,2012
0,14,20,29,2234,119562,740776.0,2012
0,15,9,16,1285,92592,638935.0,2012
0,16,12,45,2817,183943,1357814.0,2012
0,17,13,15,3078,229946,1087298.0,2012
0,18,2,4,0,0,0.0,2012
0,19,546,618,17972,1128136,7197216.0,2012
0,20,1,43,0,0,0.0,2012
0,21,4,9,0,182988,762363.0,2012
0,22,8,38,5451,396600,2450682.0,2012
0,23,2,35,0,0,0.0,2012
0,24,4,18,2685,202817,1168263.0,2012
0,25,7,59,15051,1269624,7477571.0,2012
0,26,11,218,41464,3228490,21543477.0,2012
0,1,583,1038,89367,6706078,42985733.0,2012
0,2,176,176,311,37344,223633.0,2012
0,3,80,80,550,25002,248256.0,2012
0,4,48,48,579,28905,195734.0,2012
0,5,37,37,628,33562,220452.0,2012
0,6,341,341,2068,124813,888075.0,2012
0,7,28,28,604,34688,285982.0,2012
0,8,22,22,583,25372,168719.0,2012
0,9,23,23,722,39172,222377.0,2012
0,10,18,18,657,40460,191558.0,2012
0,11,24,28,1024,61788,420102.0,2012
0,12,18,28,1069,57494,331723.0,2012
0,13,16,21,1374,89138,661585.0,2012
0,14,20,29,2234,119562,740776.0,2012
0,15,9,16,1285,92592,638935.0,2012
0,16,12,45,2817,183943,1357814.0,2012
0,17,13,15,3078,229946,1087298.0,2012
0,18,2,4,0,0,0.0,2012
0,19,546,618,17972,1128136,7197216.0,2012
0,20,1,43,0,0,0.0,2012
0,21,4,9,0,182988,762363.0,2012
0,22,8,38,5451,396600,2450682.0,2012
0,23,2,35,0,0,0.0,2012
0,24,4,18,2685,202817,1168263.0,2012
0,25,7,59,15051,1269624,7477571.0,2012
0,26,11,218,41464,3228490,21543477.0,2012
0,1,348,588,37866,2748774,20508162.0,2012
0,2,104,104,191,11352,136612.0,2012
0,3,53,53,359,14233,175485.0,2012
0,4,21,21,253,12601,111771.0,2012
0,5,22,22,386,18915,156941.0,2012
0,6,200,200,1189,57101,580809.0,2012
0,7,13,13,281,14422,185915.0,2012
0,8,11,11,289,15486,111540.0,2012
0,9,11,11,341,18855,157611.0,2012
0,10,8,8,298,16818,91277.0,2012
0,11,18,21,724,40165,342616.0,2012
0,12,14,22,811,45310,285301.0,2012
0,13,12,15,977,62691,452646.0,2012
0,14,11,14,1116,64165,425101.0,2012
0,15,5,9,774,60423,464847.0,2012
0,16,7,34,1619,114738,840504.0,2012
0,17,5,5,0,0,0.0,2012
0,18,2,3,0,0,0.0,2012
0,19,317,366,9506,574984,4306044.0,2012
0,20,1,42,0,0,0.0,2012
0,21,2,4,0,0,0.0,2012
0,22,7,30,3457,231878,1711120.0,2012
0,23,2,8,0,0,0.0,2012
0,24,3,11,761,57616,486040.0,2012
0,25,5,16,2185,194540,1110855.0,2012
0,26,11,111,18234,1434460,10680449.0,2012
0,1,214,394,50606,3913704,22118665.0,2012
0,2,52,52,70,23450,73134.0,2012
0,3,14,14,98,7792,42167.0,2012
0,4,23,23,277,14366,74762.0,2012
0,5,13,13,209,13180,56279.0,2012
0,6,102,102,654,58788,246342.0,2012
0,7,13,13,279,17835,77596.0,2012
0,8,11,11,294,9886,57179.0,2012
0,9,10,10,331,18009,52660.0,2012
0,10,10,10,359,23642,100281.0,2012
0,11,7,7,300,21623,77486.0,2012
0,12,4,4,0,0,0.0,2012
0,13,4,5,307,21828,187740.0,2012
0,14,7,7,747,35418,113176.0,2012
0,15,3,5,449,29354,145547.0,2012
0,16,6,11,1198,69205,517310.0,2012
0,17,9,10,2372,189960,900203.0,2012
0,18,1,1,0,0,0.0,2012
0,19,187,196,7571,509552,2532266.0,2012
0,20,1,1,0,0,0.0,2012
0,21,3,5,1596,121121,324514.0,2012
0,22,5,8,0,0,0.0,2012
0,23,1,27,0,0,0.0,2012
0,24,3,7,0,0,0.0,2012
0,25,7,43,12866,1075084,6366716.0,2012
0,26,7,107,23230,1794030,10863028.0,2012
0,1,50,56,895,43600,358906.0,2012
0,2,20,20,50,2542,13887.0,2012
0,3,13,13,93,2977,30604.0,2012
0,4,4,4,49,1938,9201.0,2012
0,5,2,2,0,0,0.0,2012
0,6,39,39,225,8924,60924.0,2012
0,7,2,2,0,0,0.0,2012
0,9,2,2,0,0,0.0,2012
0,12,2,2,0,0,0.0,2012
0,13,1,1,0,0,0.0,2012
0,14,3,8,0,0,0.0,2012
0,15,1,2,0,0,0.0,2012
0,19,50,56,895,43600,358906.0,2012
0,1,325,388,39851,3397976,31992770.0,2012
0,2,170,170,227,30339,246329.0,2012
0,3,42,42,273,32483,157178.0,2012
0,4,22,22,236,17235,76166.0,2012
0,5,12,12,195,19747,162175.0,2012
0,6,246,246,931,99804,641848.0,2012
0,7,10,13,227,23754,103780.0,2012
0,8,2,2,0,0,0.0,2012
0,9,3,3,0,0,0.0,2012
0,10,3,3,103,10117,0.0,2012
0,11,4,4,162,15121,24454.0,2012
0,12,7,10,382,23477,293552.0,2012
0,13,1,1,0,0,0.0,2012
0,14,5,5,614,49767,255140.0,2012
0,15,4,5,700,40731,296531.0,2012
0,16,6,6,1283,95109,586199.0,2012
0,17,7,10,2458,228765,2423115.0,2012
0,18,2,2,0,0,0.0,2012
0,19,300,310,7904,649919,5138325.0,2012
0,20,5,10,2457,222714,2471056.0,2012
0,21,1,3,0,0,0.0,2012
0,22,1,1,0,0,0.0,2012
0,23,3,10,0,0,0.0,2012
0,24,1,1,0,0,0.0,2012
0,25,5,21,11465,1006618,10777387.0,2012
0,26,9,32,13647,1153336,11208428.0,2012
0,1,20,28,5900,567319,4728459.0,2012
0,2,3,3,0,0,0.0,2012
0,3,4,4,30,2118,0.0,2012
0,4,1,1,0,0,0.0,2012
0,5,2,2,0,0,0.0,2012
0,6,10,10,0,5701,0.0,2012
0,7,1,1,0,0,0.0,2012
0,9,1,1,0,0,0.0,2012
0,12,2,2,0,0,0.0,2012
0,14,1,1,0,0,0.0,2012
0,19,15,15,0,20353,299325.0,2012
0,23,1,1,0,0,0.0,2012
0,26,4,12,5565,546414,4426321.0,2012
0,1,20,28,5900,567319,4728459.0,2012
0,2,3,3,0,0,0.0,2012
0,3,4,4,30,2118,0.0,2012
0,4,1,1,0,0,0.0,2012
0,5,2,2,0,0,0.0,2012
0,6,10,10,0,5701,0.0,2012
0,7,1,1,0,0,0.0,2012
0,9,1,1,0,0,0.0,2012
0,12,2,2,0,0,0.0,2012
0,14,1,1,0,0,0.0,2012
0,19,15,15,0,20353,299325.0,2012
0,23,1,1,0,0,0.0,2012
0,26,4,12,5565,546414,4426321.0,2012
0,1,202,225,15431,1336152,13111849.0,2012
0,2,124,124,153,22144,192261.0,2012
0,3,29,29,188,25366,115720.0,2012
0,4,13,13,0,9204,37616.0,2012
0,5,1,1,0,0,0.0,2012
0,6,167,167,494,60833,387927.0,2012
0,7,6,9,137,14616,81614.0,2012
0,8,1,1,0,0,0.0,2012
0,9,2,2,0,0,0.0,2012
0,10,1,1,0,0,0.0,2012
0,11,2,2,0,0,0.0,2012
0,12,2,2,0,0,0.0,2012
0,14,3,3,388,32192,212181.0,2012
0,15,3,3,0,0,0.0,2012
0,16,3,3,867,68253,447977.0,2012
0,17,4,6,1349,126146,0.0,2012
0,19,194,199,4119,353377,2723592.0,2012
0,20,3,5,1324,119301,1066663.0,2012
0,22,1,1,0,0,0.0,2012
0,23,1,6,0,0,0.0,2012
0,25,3,14,0,0,0.0,2012
0,1,193,214,14414,1241692,12457246.0,2012
0,2,122,122,149,21911,191792.0,2012
0,3,27,27,176,22281,115331.0,2012
0,4,12,12,0,0,0.0,2012
0,5,1,1,0,0,0.0,2012
0,6,162,162,467,56546,387069.0,2012
0,7,5,8,115,13879,81614.0,2012
0,8,1,1,0,0,0.0,2012
0,9,2,2,0,0,0.0,2012
0,10,1,1,0,0,0.0,2012
0,11,1,1,0,0,0.0,2012
0,12,2,2,0,0,0.0,2012
0,14,3,3,388,32192,212181.0,2012
0,15,3,3,0,0,0.0,2012
0,16,3,3,867,68253,447977.0,2012
0,17,3,5,0,0,0.0,2012
0,19,186,191,3709,319414,2636744.0,2012
0,20,2,2,0,0,0.0,2012
0,22,1,1,0,0,0.0,2012
0,23,1,6,0,0,0.0,2012
0,25,3,14,0,0,0.0,2012
0,1,10,11,1017,94460,654603.0,2012
0,2,2,2,0,0,0.0,2012
0,3,2,2,0,0,0.0,2012
0,4,1,1,0,0,0.0,2012
0,6,5,5,0,0,0.0,2012
0,7,1,1,0,0,0.0,2012
0,11,1,1,0,0,0.0,2012
0,17,1,1,0,0,0.0,2012
0,19,8,8,0,0,0.0,2012
0,20,2,3,0,0,0.0,2012
0,1,47,65,12679,1018637,10588106.0,2012
0,2,16,16,23,5431,39204.0,2012
0,3,5,5,0,3707,26214.0,2012
0,4,3,3,0,0,0.0,2012
0,5,5,5,82,9668,20529.0,2012
0,6,29,29,176,22504,113733.0,2012
0,7,1,1,0,0,0.0,2012
0,10,1,1,0,0,0.0,2012
0,11,1,1,0,0,0.0,2012
0,12,1,1,0,0,0.0,2012
0,16,1,1,0,0,0.0,2012
0,17,3,3,0,0,0.0,2012
0,18,2,2,0,0,0.0,2012
0,19,39,39,2051,160701,1673890.0,2012
0,20,2,4,0,0,0.0,2012
0,21,1,3,0,0,0.0,2012
0,25,3,6,2854,272367,2140640.0,2012
0,26,2,13,0,0,0.0,2012
0,1,17,23,0,0,0.0,2012
0,2,8,8,15,655,2865.0,2012
0,3,2,2,0,0,0.0,2012
0,4,1,1,0,0,0.0,2012
0,5,1,1,0,0,0.0,2012
0,6,12,12,0,4915,15389.0,2012
0,18,2,2,0,0,0.0,2012
0,19,14,14,0,0,0.0,2012
0,20,2,4,0,0,0.0,2012
0,26,1,5,0,0,0.0,2012
0,1,30,42,10362,843398,8587692.0,2012
0,2,8,8,0,0,0.0,2012
0,3,3,3,20,2620,26214.0,2012
0,4,2,2,0,0,0.0,2012
0,5,4,4,68,7323,0.0,2012
0,6,17,17,123,17589,98344.0,2012
0,7,1,1,0,0,0.0,2012
0,10,1,1,0,0,0.0,2012
0,11,1,1,0,0,0.0,2012
0,12,1,1,0,0,0.0,2012
0,16,1,1,0,0,0.0,2012
0,17,3,3,0,0,0.0,2012
0,19,25,25,1181,105273,1213156.0,2012
0,21,1,3,0,0,0.0,2012
0,25,3,6,2854,272367,2140640.0,2012
0,26,1,8,0,0,0.0,2012
0,1,62,70,5841,475868,3564356.0,2012
0,2,27,27,45,2373,12023.0,2012
0,3,4,4,24,1292,4309.0,2012
0,4,5,5,54,3258,10745.0,2012
0,5,4,4,62,3843,25837.0,2012
0,6,40,40,185,10766,52914.0,2012
0,7,2,2,0,0,0.0,2012
0,8,1,1,0,0,0.0,2012
0,10,1,1,0,0,0.0,2012
0,11,1,1,0,0,0.0,2012
0,12,2,5,0,0,0.0,2012
0,13,1,1,0,0,0.0,2012
0,14,1,1,0,0,0.0,2012
0,15,1,2,0,0,0.0,2012
0,16,2,2,0,0,0.0,2012
0,17,1,1,0,0,0.0,2012
0,19,53,57,1405,115488,441518.0,2012
0,20,1,1,0,0,0.0,2012
0,23,2,3,0,0,0.0,2012
0,24,1,1,0,0,0.0,2012
0,25,1,1,0,0,0.0,2012
0,26,4,7,2122,166308,1917528.0,2012
0,1,26,30,765,56741,201076.0,2012
0,2,10,10,18,1195,1719.0,2012
0,3,2,2,0,0,0.0,2012
0,4,2,2,0,0,0.0,2012
0,5,2,2,0,0,0.0,2012
0,6,16,16,85,5992,27427.0,2012
0,7,1,1,0,0,0.0,2012
0,8,1,1,0,0,0.0,2012
0,11,1,1,0,0,0.0,2012
0,12,2,5,0,0,0.0,2012
0,13,1,1,0,0,0.0,2012
0,14,1,1,0,0,0.0,2012
0,16,2,2,0,0,0.0,2012
0,19,25,28,712,54661,199464.0,2012
0,26,1,2,0,0,0.0,2012
0,1,36,40,5076,419127,3363280.0,2012
0,2,17,17,0,1178,10304.0,2012
0,3,2,2,0,0,0.0,2012
0,4,3,3,33,1396,9982.0,2012
0,5,2,2,0,0,0.0,2012
0,6,24,24,100,4774,25487.0,2012
0,7,1,1,0,0,0.0,2012
0,10,1,1,0,0,0.0,2012
0,15,1,2,0,0,0.0,2012
0,17,1,1,0,0,0.0,2012
0,19,28,29,693,60827,242054.0,2012
0,20,1,1,0,0,0.0,2012
0,23,2,3,0,0,0.0,2012
0,24,1,1,0,0,0.0,2012
0,25,1,1,0,0,0.0,2012
0,26,3,5,2069,164228,1915916.0,2012
0,1,3085,5156,75207,4246251,26789625.0,2012
0,2,1303,1303,2450,128756,667285.0,2012
0,3,585,586,4028,168104,759808.0,2012
0,4,291,303,3337,151052,654865.0,2012
0,5,165,172,2761,146950,624637.0,2012
0,6,2344,2364,12576,594862,2706595.0,2012
0,7,110,130,2201,103987,451462.0,2012
0,8,68,72,1651,77213,342353.0,2012
0,9,55,63,1476,82342,383849.0,2012
0,10,55,71,1770,82389,377688.0,2012
0,11,56,76,2004,99537,485351.0,2012
0,12,82,146,3495,192039,1023974.0,2012
0,13,50,123,2181,119053,660808.0,2012
0,14,56,179,3457,187493,884718.0,2012
0,15,36,81,2097,123421,808393.0,2012
0,16,39,132,3147,185950,1106716.0,2012
0,17,15,88,1891,127755,736845.0,2012
0,18,14,61,1628,97671,455862.0,2012
0,19,2980,3586,39574,2073712,10424614.0,2012
0,20,28,136,5959,383982,2898355.0,2012
0,21,7,45,1292,84937,548119.0,2012
0,22,10,126,0,0,0.0,2012
0,23,16,90,3891,224796,1292556.0,2012
0,24,10,64,1611,111237,710493.0,2012
0,25,15,172,6237,422395,4197959.0,2012
0,26,19,937,13988,804310,5759571.0,2012
0,1,1337,2631,38252,2054725,12156558.0,2012
0,2,487,487,981,47509,259140.0,2012
0,3,251,251,1745,70591,342422.0,2012
0,4,132,135,1510,62071,288062.0,2012
0,5,80,82,1335,64177,278538.0,2012
0,6,950,955,5571,244348,1168162.0,2012
0,7,56,65,1100,49708,222455.0,2012
0,8,38,42,907,41627,180839.0,2012
0,9,29,30,765,38566,198556.0,2012
0,10,22,31,703,30390,178000.0,2012
0,11,33,46,1194,56895,265738.0,2012
0,12,50,94,1941,105582,541867.0,2012
0,13,25,64,1085,62206,371442.0,2012
0,14,26,86,1955,92914,464646.0,2012
0,15,16,35,972,51931,232338.0,2012
0,16,19,79,1476,89505,506328.0,2012
0,17,6,54,1071,78112,433764.0,2012
0,18,8,34,847,50952,199878.0,2012
0,19,1278,1615,19587,992736,4964013.0,2012
0,20,16,67,1951,118493,0.0,2012
0,21,4,22,316,17485,124036.0,2012
0,22,7,78,0,0,0.0,2012
0,23,9,27,1537,78995,460850.0,2012
0,24,3,26,0,0,0.0,2012
0,25,6,84,1670,92442,478561.0,2012
0,26,14,712,10706,609520,4391896.0,2012
0,1,273,299,2731,106955,404291.0,2012
0,2,146,146,0,10650,54309.0,2012
0,3,41,41,274,9054,37611.0,2012
0,4,24,24,266,9955,32291.0,2012
0,5,13,13,215,8306,25825.0,2012
0,6,224,224,1014,37965,150036.0,2012
0,7,9,11,185,6157,19175.0,2012
0,8,10,12,250,9477,35218.0,2012
0,9,4,4,109,4416,14029.0,2012
0,10,1,1,0,0,0.0,2012
0,11,6,7,263,9206,29166.0,2012
0,12,7,7,223,9191,25561.0,2012
0,14,3,5,0,0,0.0,2012
0,15,1,1,0,0,0.0,2012
0,16,2,8,0,0,0.0,2012
0,17,1,1,0,0,0.0,2012
0,19,268,281,2506,94673,344348.0,2012
0,20,2,2,0,0,0.0,2012
0,21,1,14,0,0,0.0,2012
0,26,2,2,0,0,0.0,2012
0,1,629,1481,23822,1284779,7595155.0,2012
0,2,156,156,343,19801,110198.0,2012
0,3,122,122,879,35298,188072.0,2012
0,4,65,67,743,32798,167914.0,2012
0,5,47,49,786,40491,178032.0,2012
0,6,390,394,2751,128388,644216.0,2012
0,7,26,28,503,23676,94370.0,2012
0,8,14,16,334,16190,87623.0,2012
0,9,18,18,508,25625,140881.0,2012
0,10,15,24,456,20633,109777.0,2012
0,11,20,31,613,33688,172615.0,2012
0,12,30,67,1207,59644,313166.0,2012
0,13,21,53,940,49890,310294.0,2012
0,14,17,56,1331,57430,314161.0,2012
0,15,9,20,632,37003,164210.0,2012
0,16,13,61,0,44804,283397.0,2012
0,17,4,49,844,66633,365852.0,2012
0,18,7,26,719,43963,146536.0,2012
0,19,584,843,11736,607567,3147098.0,2012
0,20,10,32,0,65267,0.0,2012
0,21,2,5,0,0,0.0,2012
0,22,6,71,0,0,0.0,2012
0,23,8,25,1459,74982,424755.0,2012
0,24,3,26,0,0,0.0,2012
0,25,5,62,874,48063,270779.0,2012
0,26,11,417,6062,339299,2277552.0,2012
0,1,161,442,6538,364014,2537523.0,2012
0,2,51,51,126,5456,38326.0,2012
0,3,28,28,183,8981,44795.0,2012
0,4,15,15,171,5652,32247.0,2012
0,5,9,9,153,7064,33677.0,2012
0,6,103,103,633,27153,149045.0,2012
0,7,8,8,0,0,0.0,2012
0,8,2,2,0,0,0.0,2012
0,9,2,2,0,0,0.0,2012
0,10,2,2,0,0,0.0,2012
0,11,4,4,134,5938,29918.0,2012
0,12,7,9,277,13731,106732.0,2012
0,13,2,2,0,0,0.0,2012
0,14,6,13,289,16164,82718.0,2012
0,15,3,6,58,3245,19376.0,2012
0,16,3,5,146,8596,0.0,2012
0,17,2,2,0,0,0.0,2012
0,19,144,158,2037,102204,601782.0,2012
0,20,4,24,0,0,0.0,2012
0,21,2,2,0,0,0.0,2012
0,23,1,1,0,0,0.0,2012
0,25,3,6,0,0,0.0,2012
0,26,7,251,3822,215300,1647755.0,2012
0,1,330,409,5161,298977,1619589.0,2012
0,2,134,134,253,11602,56307.0,2012
0,3,60,60,409,17258,71944.0,2012
0,4,28,29,330,13666,55610.0,2012
0,5,11,11,181,8316,41004.0,2012
0,6,233,234,1173,50842,224865.0,2012
0,7,15,18,289,13616,72226.0,2012
0,8,12,12,267,13621,48417.0,2012
0,9,5,6,113,6829,32682.0,2012
0,10,4,4,132,6231,37063.0,2012
0,11,4,4,184,8063,34039.0,2012
0,12,9,11,234,23016,96408.0,2012
0,13,5,9,65,4585,25403.0,2012
0,14,7,12,204,13743,50269.0,2012
0,15,6,8,0,0,0.0,2012
0,16,5,5,0,0,0.0,2012
0,17,2,2,0,0,0.0,2012
0,18,3,8,128,6989,53342.0,2012
0,19,310,333,3308,188292,870785.0,2012
0,20,5,9,136,6311,43608.0,2012
0,21,1,1,0,0,0.0,2012
0,22,2,7,0,0,0.0,2012
0,23,1,1,0,0,0.0,2012
0,25,3,16,0,0,0.0,2012
0,26,8,42,789,52538,455869.0,2012
0,1,1607,2235,26036,1417990,8022287.0,2012
0,2,721,721,1308,68255,354359.0,2012
0,3,295,295,2017,85305,370062.0,2012
0,4,141,150,1617,76018,329822.0,2012
0,5,75,77,1231,69534,275406.0,2012
0,6,1232,1243,6173,299112,1329649.0,2012
0,7,45,53,874,43960,180626.0,2012
0,8,26,26,640,30936,141382.0,2012
0,9,25,29,617,36545,171814.0,2012
0,10,30,36,924,44606,174942.0,2012
0,11,22,26,708,37733,199150.0,2012
0,12,31,44,1132,64808,393323.0,2012
0,13,34,58,1082,56372,288416.0,2012
0,14,34,89,1203,78510,381221.0,2012
0,15,22,33,485,22269,116474.0,2012
0,16,21,42,0,70473,418266.0,2012
0,17,11,32,718,42603,0.0,2012
0,18,10,24,725,44048,249990.0,2012
0,19,1543,1735,16404,871975,4318936.0,2012
0,20,16,64,2096,99999,741043.0,2012
0,21,5,21,518,38541,204824.0,2012
0,22,7,45,0,67439,0.0,2012
0,23,10,55,0,0,0.0,2012
0,24,7,37,453,20828,119115.0,2012
0,25,9,68,1581,96155,598273.0,2012
0,26,10,210,2299,135173,864191.0,2012
0,1,1446,1969,17578,967894,4763019.0,2012
0,2,669,669,1212,63142,310559.0,2012
0,3,272,272,1868,78399,330431.0,2012
0,4,128,137,1459,68350,299288.0,2012
0,5,69,70,1127,64865,253081.0,2012
0,6,1138,1148,5666,274756,1193359.0,2012
0,7,40,48,777,39058,157107.0,2012
0,8,22,22,536,26509,119892.0,2012
0,9,23,26,561,33438,148906.0,2012
0,10,24,30,706,35255,130676.0,2012
0,11,16,20,508,26432,130762.0,2012
0,12,21,32,619,39812,202080.0,2012
0,13,30,54,715,39621,182324.0,2012
0,14,28,73,882,61467,219948.0,2012
0,15,21,32,294,13517,73020.0,2012
0,16,16,31,0,0,0.0,2012
0,17,8,27,279,14662,65977.0,2012
0,18,8,19,178,10762,58661.0,2012
0,19,1395,1562,12371,662131,2892795.0,2012
0,20,14,39,829,37560,193980.0,2012
0,21,5,21,518,38541,204824.0,2012
0,22,6,37,578,39002,318319.0,2012
0,23,8,29,625,34223,190394.0,2012
0,24,5,35,407,18952,106592.0,2012
0,25,5,45,0,0,0.0,2012
0,26,8,201,2025,120085,773012.0,2012
0,1,101,147,3874,190500,1625170.0,2012
0,2,32,32,0,3279,25782.0,2012
0,3,14,14,93,3892,25809.0,2012
0,4,7,7,82,3439,14207.0,2012
0,5,3,4,51,2646,14930.0,2012
0,6,56,57,277,13256,80728.0,2012
0,7,3,3,65,3773,17142.0,2012
0,8,2,2,0,0,0.0,2012
0,9,2,2,0,0,0.0,2012
0,10,1,1,0,0,0.0,2012
0,11,6,6,200,11301,68388.0,2012
0,12,8,10,384,18445,143474.0,2012
0,13,3,3,277,12712,82402.0,2012
0,14,2,2,0,0,0.0,2012
0,15,1,1,0,0,0.0,2012
0,16,3,5,0,0,0.0,2012
0,17,1,1,0,0,0.0,2012
0,19,88,93,1903,93474,642175.0,2012
0,20,3,18,0,0,0.0,2012
0,23,2,18,0,0,0.0,2012
0,24,1,1,0,0,0.0,2012
0,25,3,12,0,0,0.0,2012
0,26,4,5,0,0,0.0,2012
0,1,15,30,0,0,0.0,2012
0,2,1,1,0,0,0.0,2012
0,3,2,2,0,0,0.0,2012
0,5,1,1,0,0,0.0,2012
0,6,4,4,0,0,0.0,2012
0,10,1,1,0,0,0.0,2012
0,12,1,1,0,0,0.0,2012
0,17,2,4,0,0,0.0,2012
0,18,2,4,0,0,0.0,2012
0,19,10,14,0,0,0.0,2012
0,20,1,1,0,0,0.0,2012
0,23,2,5,0,0,0.0,2012
0,25,2,10,0,0,0.0,2012
0,1,64,89,2351,117127,724065.0,2012
0,2,19,19,0,1808,9580.0,2012
0,3,7,7,41,2381,11233.0,2012
0,4,6,6,0,4229,0.0,2012
0,5,2,2,0,0,0.0,2012
0,6,34,34,199,10103,42973.0,2012
0,7,2,2,0,0,0.0,2012
0,8,2,2,0,0,0.0,2012
0,9,1,1,0,0,0.0,2012
0,10,4,4,146,6221,31735.0,2012
0,12,1,1,0,0,0.0,2012
0,13,1,1,0,0,0.0,2012
0,14,4,14,0,13491,0.0,2012
0,16,3,6,0,0,0.0,2012
0,18,1,1,0,0,0.0,2012
0,19,53,66,1047,50135,337363.0,2012
0,20,2,6,0,0,0.0,2012
0,22,1,8,0,0,0.0,2012
0,23,3,3,0,0,0.0,2012
0,24,1,1,0,0,0.0,2012
0,25,1,1,0,0,0.0,2012
0,26,3,4,218,11789,56677.0,2012
0,1,249,290,10919,773536,6610780.0,2012
0,2,95,95,161,12992,53786.0,2012
0,3,39,40,266,12208,47324.0,2012
0,4,18,18,210,12963,36981.0,2012
0,5,12,13,195,13239,70693.0,2012
0,6,164,166,832,51402,208784.0,2012
0,7,11,12,227,10319,48381.0,2012
0,8,4,4,104,4650,20132.0,2012
0,9,4,4,0,0,0.0,2012
0,10,4,4,0,0,0.0,2012
0,11,3,4,102,4909,20463.0,2012
0,12,8,8,422,21649,88784.0,2012
0,13,1,1,0,0,0.0,2012
0,14,4,4,299,16069,38851.0,2012
0,15,6,13,640,49221,459581.0,2012
0,16,6,11,0,0,0.0,2012
0,17,1,2,0,0,0.0,2012
0,18,2,3,0,0,0.0,2012
0,19,218,236,3583,209001,1141665.0,2012
0,20,4,5,1912,165490,1237693.0,2012
0,21,1,2,0,0,0.0,2012
0,22,3,3,0,0,0.0,2012
0,23,6,8,726,57921,134920.0,2012
0,24,1,1,0,0,0.0,2012
0,25,8,20,2986,233798,3121125.0,2012
0,26,8,15,0,0,0.0,2012
0,1,22,24,3540,299516,2976805.0,2012
0,2,5,5,0,286,2660.0,2012
0,3,4,4,27,1953,4147.0,2012
0,4,1,1,0,0,0.0,2012
0,6,10,10,46,4383,6807.0,2012
0,10,1,1,0,0,0.0,2012
0,12,1,1,0,0,0.0,2012
0,15,1,2,0,0,0.0,2012
0,19,13,14,260,27156,0.0,2012
0,20,4,5,1912,165490,1237693.0,2012
0,21,1,1,0,0,0.0,2012
0,23,2,2,0,0,0.0,2012
0,25,2,2,0,0,0.0,2012
0,1,8,13,0,0,0.0,2012
0,2,2,2,0,0,0.0,2012
0,3,1,1,0,0,0.0,2012
0,6,3,3,0,587,1954.0,2012
0,19,3,3,0,587,1954.0,2012
0,24,1,1,0,0,0.0,2012
0,25,3,7,0,0,0.0,2012
0,26,1,2,0,0,0.0,2012
0,1,27,30,1774,98561,509818.0,2012
0,2,11,11,0,973,4810.0,2012
0,4,1,1,0,0,0.0,2012
0,5,1,1,0,0,0.0,2012
0,6,13,13,46,2453,11854.0,2012
0,9,2,2,0,0,0.0,2012
0,12,4,4,0,0,0.0,2012
0,14,1,1,0,0,0.0,2012
0,15,1,1,0,0,0.0,2012
0,16,2,2,0,0,0.0,2012
0,19,23,23,831,42131,243728.0,2012
0,21,1,1,0,0,0.0,2012
0,22,1,1,0,0,0.0,2012
0,23,1,2,0,0,0.0,2012
0,26,1,3,0,0,0.0,2012
0,1,193,223,3321,199540,821250.0,2012
0,2,77,77,133,11421,45266.0,2012
0,3,34,35,232,9980,42273.0,2012
0,4,16,16,184,10074,33772.0,2012
0,5,11,12,180,12504,66858.0,2012
0,6,138,140,729,43979,188169.0,2012
0,7,11,12,227,10319,48381.0,2012
0,8,4,4,104,4650,20132.0,2012
0,9,2,2,0,0,0.0,2012
0,10,3,3,111,5172,17985.0,2012
0,11,3,4,102,4909,20463.0,2012
0,12,3,3,0,0,0.0,2012
0,13,1,1,0,0,0.0,2012
0,14,3,3,234,12554,0.0,2012
0,15,4,10,0,0,0.0,2012
0,16,4,9,0,0,0.0,2012
0,17,1,2,0,0,0.0,2012
0,18,2,3,0,0,0.0,2012
0,19,179,196,2481,139127,582174.0,2012
0,22,2,2,0,0,0.0,2012
0,23,3,4,0,0,0.0,2012
0,25,3,11,0,0,0.0,2012
0,26,6,10,92,5201,22536.0,2012
0,1,11667,14263,398200,31496337,128451529.0,2012
0,2,6462,6467,9722,699356,2790701.0,2012
0,3,1601,1610,10643,561996,2137962.0,2012
0,4,821,829,9625,580106,2170164.0,2012
0,5,536,546,8888,527926,1788837.0,2012
0,6,9420,9452,38878,2369384,8887664.0,2012
0,7,353,369,7592,499146,1544291.0,2012
0,8,255,273,6800,452242,1468503.0,2012
0,9,202,217,6330,386205,1197477.0,2012
0,10,144,156,5237,326619,1004546.0,2012
0,11,204,218,8726,549052,1748323.0,2012
0,12,333,387,19267,1345338,4172557.0,2012
0,13,144,186,11756,790356,2539090.0,2012
0,14,163,242,18060,1253717,4125817.0,2012
0,15,87,131,12254,900234,2880873.0,2012
0,16,94,181,19709,1376924,5933416.0,2012
0,17,55,120,15781,1255521,4360839.0,2012
0,18,32,94,9274,622173,2368352.0,2012
0,19,11486,12026,179664,12126911,42231748.0,2012
0,20,36,134,13400,1189869,4013947.0,2012
0,21,14,75,7172,534147,1265505.0,2012
0,22,29,313,22231,2012372,8791117.0,2012
0,23,18,125,9271,803866,3462826.0,2012
0,24,10,103,8047,690094,2239065.0,2012
0,25,31,445,38384,3209865,17222736.0,2012
0,26,43,1042,120031,10929213,49224585.0,2012
0,1,11667,14263,398200,31496337,128451529.0,2012
0,2,6462,6467,9722,699356,2790701.0,2012
0,3,1601,1610,10643,561996,2137962.0,2012
0,4,821,829,9625,580106,2170164.0,2012
0,5,536,546,8888,527926,1788837.0,2012
0,6,9420,9452,38878,2369384,8887664.0,2012
0,7,353,369,7592,499146,1544291.0,2012
0,8,255,273,6800,452242,1468503.0,2012
0,9,202,217,6330,386205,1197477.0,2012
0,10,144,156,5237,326619,1004546.0,2012
0,11,204,218,8726,549052,1748323.0,2012
0,12,333,387,19267,1345338,4172557.0,2012
0,13,144,186,11756,790356,2539090.0,2012
0,14,163,242,18060,1253717,4125817.0,2012
0,15,87,131,12254,900234,2880873.0,2012
0,16,94,181,19709,1376924,5933416.0,2012
0,17,55,120,15781,1255521,4360839.0,2012
0,18,32,94,9274,622173,2368352.0,2012
0,19,11486,12026,179664,12126911,42231748.0,2012
0,20,36,134,13400,1189869,4013947.0,2012
0,21,14,75,7172,534147,1265505.0,2012
0,22,29,313,22231,2012372,8791117.0,2012
0,23,18,125,9271,803866,3462826.0,2012
0,24,10,103,8047,690094,2239065.0,2012
0,25,31,445,38384,3209865,17222736.0,2012
0,26,43,1042,120031,10929213,49224585.0,2012
0,1,11667,14263,398200,31496337,128451529.0,2012
0,2,6462,6467,9722,699356,2790701.0,2012
0,3,1601,1610,10643,561996,2137962.0,2012
0,4,821,829,9625,580106,2170164.0,2012
0,5,536,546,8888,527926,1788837.0,2012
0,6,9420,9452,38878,2369384,8887664.0,2012
0,7,353,369,7592,499146,1544291.0,2012
0,8,255,273,6800,452242,1468503.0,2012
0,9,202,217,6330,386205,1197477.0,2012
0,10,144,156,5237,326619,1004546.0,2012
0,11,204,218,8726,549052,1748323.0,2012
0,12,333,387,19267,1345338,4172557.0,2012
0,13,144,186,11756,790356,2539090.0,2012
0,14,163,242,18060,1253717,4125817.0,2012
0,15,87,131,12254,900234,2880873.0,2012
0,16,94,181,19709,1376924,5933416.0,2012
0,17,55,120,15781,1255521,4360839.0,2012
0,18,32,94,9274,622173,2368352.0,2012
0,19,11486,12026,179664,12126911,42231748.0,2012
0,20,36,134,13400,1189869,4013947.0,2012
0,21,14,75,7172,534147,1265505.0,2012
0,22,29,313,22231,2012372,8791117.0,2012
0,23,18,125,9271,803866,3462826.0,2012
0,24,10,103,8047,690094,2239065.0,2012
0,25,31,445,38384,3209865,17222736.0,2012
0,26,43,1042,120031,10929213,49224585.0,2012
0,1,2144,2539,106368,8469975,33262941.0,2012
0,2,1191,1194,1828,153380,657906.0,2012
0,3,258,259,1707,86985,378134.0,2012
0,4,125,125,1496,91838,314226.0,2012
0,5,100,100,1698,105413,319090.0,2012
0,6,1674,1678,6729,437616,1669356.0,2012
0,7,63,69,1378,84530,263473.0,2012
0,8,53,56,1431,112000,432190.0,2012
0,9,33,33,1014,57671,205902.0,2012
0,10,20,20,674,42609,151754.0,2012
0,11,41,42,1791,107906,322420.0,2012
0,12,66,82,3824,291794,893999.0,2012
0,13,27,34,2162,133561,417214.0,2012
0,14,44,49,5220,337114,1022972.0,2012
0,15,17,19,2729,199790,571274.0,2012
0,16,26,40,6051,409308,1156952.0,2012
0,17,16,28,4880,459221,1495897.0,2012
0,18,5,14,1745,131875,345823.0,2012
0,19,2085,2164,39628,2804995,8949226.0,2012
0,20,13,30,5367,501517,1684645.0,2012
0,21,2,5,0,0,0.0,2012
0,22,14,69,8324,777755,3418832.0,2012
0,23,4,7,1981,192573,600143.0,2012
0,24,1,1,0,0,0.0,2012
0,25,13,74,13229,1075507,6013126.0,2012
0,26,12,189,34912,2856731,11248959.0,2012
0,1,8877,10872,272357,21739034,90645566.0,2012
0,2,4956,4958,7381,512416,1995943.0,2012
0,3,1240,1246,8251,442815,1653247.0,2012
0,4,638,645,7447,443434,1726052.0,2012
0,5,403,412,6685,382566,1364727.0,2012
0,6,7237,7261,29764,1781231,6739969.0,2012
0,7,271,280,5829,395248,1208353.0,2012
0,8,182,196,4817,301150,914978.0,2012
0,9,157,166,4975,312993,932600.0,2012
0,10,116,128,4268,264671,781962.0,2012
0,11,144,155,6151,399040,1275783.0,2012
0,12,250,281,14385,987113,3071282.0,2012
0,13,110,141,8948,620064,1986991.0,2012
0,14,106,162,11300,827330,2837175.0,2012
0,15,61,101,8436,633602,2008834.0,2012
0,16,59,112,12071,851298,4258224.0,2012
0,17,33,76,9102,643401,2287697.0,2012
0,18,24,68,6477,432807,1898650.0,2012
0,19,8750,9127,126523,8449948,30202498.0,2012
0,20,22,92,7312,613741,2064098.0,2012
0,21,10,66,4878,405142,891912.0,2012
0,22,19,219,12813,1186466,5234243.0,2012
0,23,12,86,5846,487141,2288105.0,2012
0,24,8,101,5912,468772,1069779.0,2012
0,25,22,361,24902,2117902,11152370.0,2012
0,26,34,820,84171,8009922,37742561.0,2012
0,1,274,333,9926,559200,1837143.0,2012
0,2,104,104,185,12888,42367.0,2012
0,3,36,36,238,10479,32450.0,2012
0,4,26,26,307,16392,42494.0,2012
0,5,11,11,181,10546,38200.0,2012
0,6,177,177,911,50305,155511.0,2012
0,7,8,8,0,5414,23724.0,2012
0,8,9,9,234,10933,38629.0,2012
0,9,6,10,168,6911,29829.0,2012
0,10,1,1,0,0,0.0,2012
0,11,11,11,467,26683,95137.0,2012
0,12,15,19,818,48716,152148.0,2012
0,13,6,7,0,0,0.0,2012
0,14,11,12,1063,63195,180748.0,2012
0,15,6,6,777,40276,201766.0,2012
0,16,5,6,699,53950,186242.0,2012
0,17,5,11,1088,74659,0.0,2012
0,18,4,11,1045,57261,121622.0,2012
0,19,264,288,7912,459156,1518024.0,2012
0,20,1,2,0,0,0.0,2012
0,22,2,25,0,0,0.0,2012
0,24,1,1,0,0,0.0,2012
0,25,1,1,0,0,0.0,2012
0,26,5,16,610,24597,123647.0,2012
0,1,184,256,6864,554853,2021256.0,2012
0,2,92,92,136,11883,47157.0,2012
0,3,25,25,164,10120,33829.0,2012
0,4,13,13,153,19942,43476.0,2012
0,5,10,10,174,22077,37341.0,2012
0,6,140,140,627,64022,161803.0,2012
0,7,5,5,0,0,0.0,2012
0,8,7,7,188,21442,51335.0,2012
0,9,4,4,123,5881,17867.0,2012
0,10,2,2,0,0,0.0,2012
0,11,3,3,124,7730,28754.0,2012
0,12,2,2,0,0,0.0,2012
0,13,1,1,0,0,0.0,2012
0,14,3,17,0,0,0.0,2012
0,15,3,3,0,0,0.0,2012
0,16,4,21,872,61384,327626.0,2012
0,17,2,5,0,0,0.0,2012
0,19,176,210,3560,302951,1142338.0,2012
0,20,2,10,0,0,0.0,2012
0,21,1,1,0,0,0.0,2012
0,23,1,27,0,0,0.0,2012
0,25,3,7,0,0,0.0,2012
0,26,1,1,0,0,0.0,2012
0,1,235,263,2685,173275,684623.0,2012
0,2,119,119,192,8789,47328.0,2012
0,3,42,44,283,11597,40302.0,2012
0,4,19,20,222,8500,43916.0,2012
0,5,12,13,150,7324,29479.0,2012
0,6,192,196,847,36210,161025.0,2012
0,7,6,7,0,5733,23069.0,2012
0,8,5,5,130,6717,31371.0,2012
0,9,2,4,0,0,0.0,2012
0,10,5,5,177,10037,33596.0,2012
0,11,5,7,193,7693,26229.0,2012
0,12,3,3,130,9434,23688.0,2012
0,13,3,3,0,0,0.0,2012
0,14,2,2,0,0,0.0,2012
0,15,2,2,0,0,0.0,2012
0,16,1,2,0,0,0.0,2012
0,18,1,1,0,0,0.0,2012
0,19,227,237,2041,109861,419662.0,2012
0,21,1,3,0,0,0.0,2012
0,23,3,5,0,0,0.0,2012
0,25,1,2,0,0,0.0,2012
0,26,3,16,0,0,0.0,2012
0,1,5973,17833,641063,59062129,531198715.0,2012
0,2,3072,3096,5939,231122,4148617.0,2012
0,3,984,998,6330,269418,2094449.0,2012
0,4,303,334,3507,188808,2618070.0,2012
0,5,197,230,3163,208867,1846875.0,2012
0,6,4556,4658,18939,898215,10708011.0,2012
0,7,124,150,2684,180530,1582720.0,2012
0,8,126,154,3294,210288,2808595.0,2012
0,9,86,114,2673,185117,3093359.0,2012
0,10,75,100,2719,175994,1864882.0,2012
0,11,130,193,5652,399876,6603926.0,2012
0,12,229,434,13253,1013254,13191409.0,2012
0,13,134,322,10402,761902,8250540.0,2012
0,14,137,413,14648,1009822,12200461.0,2012
0,15,62,254,8757,645942,8844404.0,2012
0,16,65,357,13424,997880,14250015.0,2012
0,17,29,217,8255,666722,8534246.0,2012
0,18,21,129,6925,628878,6890164.0,2012
0,19,5774,7495,111625,7774420,98822732.0,2012
0,20,36,221,14505,1369079,13332624.0,2012
0,21,18,374,8886,794871,14118059.0,2012
0,22,25,408,18636,1702709,13621234.0,2012
0,23,18,438,17363,1485663,14060907.0,2012
0,24,12,501,15456,1345032,14831162.0,2012
0,25,23,813,42993,3767200,41890403.0,2012
0,26,67,7583,411599,40823155,320521594.0,2012
0,1,5973,17833,641063,59062129,531198715.0,2012
0,2,3072,3096,5939,231122,4148617.0,2012
0,3,984,998,6330,269418,2094449.0,2012
0,4,303,334,3507,188808,2618070.0,2012
0,5,197,230,3163,208867,1846875.0,2012
0,6,4556,4658,18939,898215,10708011.0,2012
0,7,124,150,2684,180530,1582720.0,2012
0,8,126,154,3294,210288,2808595.0,2012
0,9,86,114,2673,185117,3093359.0,2012
0,10,75,100,2719,175994,1864882.0,2012
0,11,130,193,5652,399876,6603926.0,2012
0,12,229,434,13253,1013254,13191409.0,2012
0,13,134,322,10402,761902,8250540.0,2012
0,14,137,413,14648,1009822,12200461.0,2012
0,15,62,254,8757,645942,8844404.0,2012
0,16,65,357,13424,997880,14250015.0,2012
0,17,29,217,8255,666722,8534246.0,2012
0,18,21,129,6925,628878,6890164.0,2012
0,19,5774,7495,111625,7774420,98822732.0,2012
0,20,36,221,14505,1369079,13332624.0,2012
0,21,18,374,8886,794871,14118059.0,2012
0,22,25,408,18636,1702709,13621234.0,2012
0,23,18,438,17363,1485663,14060907.0,2012
0,24,12,501,15456,1345032,14831162.0,2012
0,25,23,813,42993,3767200,41890403.0,2012
0,26,67,7583,411599,40823155,320521594.0,2012
0,1,1831,10401,509704,49479949,427201520.0,2012
0,2,439,461,679,73656,2681800.0,2012
0,3,145,153,963,68270,574742.0,2012
0,4,83,104,972,74081,851117.0,2012
0,5,94,109,1541,124627,1206558.0,2012
0,6,761,827,4155,340634,5314217.0,2012
0,7,80,97,1722,133122,1288219.0,2012
0,8,85,101,2206,151545,1513699.0,2012
0,9,62,83,1930,140312,1828934.0,2012
0,10,59,75,2124,141542,1483377.0,2012
0,11,102,155,4482,308845,4261596.0,2012
0,12,196,378,11564,891606,11368545.0,2012
0,13,110,254,9072,680993,6757947.0,2012
0,14,109,351,12555,883928,11431689.0,2012
0,15,50,213,7553,564889,8101026.0,2012
0,16,54,277,11177,860103,11846213.0,2012
0,17,17,137,4736,377233,5763412.0,2012
0,18,14,88,5625,540229,6355780.0,2012
0,19,1699,3036,78901,6014981,77314654.0,2012
0,20,24,116,11049,1085293,8553436.0,2012
0,21,11,224,5924,536681,5090505.0,2012
0,22,14,272,12409,1241462,9080026.0,2012
0,23,6,128,6741,678812,6596098.0,2012
0,24,9,248,0,0,0.0,2012
0,25,17,515,35985,3247346,34655826.0,2012
0,26,51,5862,348375,35715672,273669527.0,2012
0,1,637,2623,134477,14127675,120488161.0,2012
0,2,263,281,419,47821,740691.0,2012
0,3,79,87,535,39644,279264.0,2012
0,4,25,34,269,26285,181664.0,2012
0,5,24,28,365,48893,395404.0,2012
0,6,391,430,1588,162643,1597023.0,2012
0,7,19,22,367,39895,282135.0,2012
0,8,9,9,208,18002,224257.0,2012
0,9,8,10,248,34250,835332.0,2012
0,10,6,6,192,16011,231676.0,2012
0,11,9,16,346,35077,258669.0,2012
0,12,24,47,1263,164103,1304737.0,2012
0,13,17,24,978,145365,916627.0,2012
0,14,17,45,1449,141908,3203366.0,2012
0,15,9,33,933,102884,1903348.0,2012
0,16,13,80,1793,185399,2270705.0,2012
0,17,11,107,2620,227043,3026663.0,2012
0,18,5,46,1988,186608,2537482.0,2012
0,19,538,875,13973,1459188,18592020.0,2012
0,20,10,83,3980,332091,4739081.0,2012
0,21,9,156,3349,330730,3017737.0,2012
0,22,10,136,0,0,0.0,2012
0,23,6,75,3664,361644,4001950.0,2012
0,24,5,123,0,0,0.0,2012
0,25,14,149,9610,908497,8683309.0,2012
0,26,45,1026,88886,9549681,69424207.0,2012
0,1,135,384,3037,244037,2236162.0,2012
0,2,74,92,0,7089,52428.0,2012
0,3,16,21,108,5322,22919.0,2012
0,4,3,4,39,1322,4566.0,2012
0,5,2,2,0,0,0.0,2012
0,6,95,119,294,16090,97377.0,2012
0,7,2,2,0,0,0.0,2012
0,8,2,2,0,0,0.0,2012
0,12,1,1,0,0,0.0,2012
0,13,2,3,0,0,0.0,2012
0,14,1,1,0,0,0.0,2012
0,16,3,5,52,4753,156279.0,2012
0,17,2,60,0,0,0.0,2012
0,18,1,37,0,0,0.0,2012
0,19,109,230,1184,83675,961887.0,2012
0,20,1,1,0,0,0.0,2012
0,21,1,1,0,0,0.0,2012
0,22,2,6,0,0,0.0,2012
0,23,1,1,0,0,0.0,2012
0,24,1,5,0,0,0.0,2012
0,25,4,14,0,0,0.0,2012
0,26,16,126,1350,120166,941328.0,2012
0,1,228,1358,71082,7074083,80260716.0,2012
0,2,46,46,0,15986,461292.0,2012
0,3,9,9,59,7350,39261.0,2012
0,4,4,4,43,3547,20901.0,2012
0,5,10,11,141,26476,287367.0,2012
0,6,69,70,313,53359,808821.0,2012
0,7,5,5,106,6884,208454.0,2012
0,8,3,3,82,7201,52317.0,2012
0,9,3,3,97,8292,0.0,2012
0,10,2,2,0,0,0.0,2012
0,11,6,7,223,23332,208314.0,2012
0,12,13,25,636,119060,1117477.0,2012
0,13,9,13,478,48395,618618.0,2012
0,14,11,34,960,115883,3060301.0,2012
0,15,7,24,650,73727,841329.0,2012
0,16,8,22,948,83293,1182410.0,2012
0,17,7,34,2159,194705,2901656.0,2012
0,18,5,8,1565,145124,2027150.0,2012
0,19,148,250,8289,887262,13919096.0,2012
0,20,7,40,3087,252006,4174302.0,2012
0,21,6,44,2449,212947,0.0,2012
0,22,5,103,0,0,0.0,2012
0,23,5,66,3489,345100,3768068.0,2012
0,24,5,111,0,0,0.0,2012
0,25,13,119,9091,864506,8459141.0,2012
0,26,39,625,37038,3696129,37130376.0,2012
0,1,29,140,50093,5718629,28189943.0,2012
0,2,3,3,0,396,1218.0,2012
0,3,3,3,0,1733,47999.0,2012
0,4,2,3,0,0,0.0,2012
0,6,8,9,0,2608,51197.0,2012
0,11,1,1,0,0,0.0,2012
0,17,1,1,0,0,0.0,2012
0,19,10,11,0,0,0.0,2012
0,22,3,3,0,0,0.0,2012
0,26,16,126,47651,5437550,27474290.0,2012
0,1,72,80,849,83646,389222.0,2012
0,2,38,38,0,5155,45298.0,2012
0,3,13,14,90,7498,82206.0,2012
0,4,4,4,0,0,0.0,2012
0,5,2,2,0,0,0.0,2012
0,6,57,58,212,20724,152656.0,2012
0,7,3,3,0,0,0.0,2012
0,10,2,2,0,0,0.0,2012
0,12,2,2,0,0,0.0,2012
0,13,1,1,0,0,0.0,2012
0,14,1,1,0,0,0.0,2012
0,19,66,67,683,62842,254251.0,2012
0,20,1,1,0,0,0.0,2012
0,21,2,8,0,0,0.0,2012
0,25,1,1,0,0,0.0,2012
0,26,2,3,0,0,0.0,2012
0,1,69,178,2383,280806,2115336.0,2012
0,2,28,28,45,4039,14805.0,2012
0,3,12,12,84,6451,45739.0,2012
0,4,3,3,0,0,0.0,2012
0,5,1,1,0,0,0.0,2012
0,6,44,44,173,17180,168385.0,2012
0,7,2,2,0,0,0.0,2012
0,8,1,1,0,0,0.0,2012
0,9,2,4,0,0,0.0,2012
0,13,1,1,0,0,0.0,2012
0,14,1,2,0,0,0.0,2012
0,15,1,5,0,0,0.0,2012
0,16,2,26,0,0,0.0,2012
0,17,1,2,0,0,0.0,2012
0,18,1,1,0,0,0.0,2012
0,19,56,88,1000,105135,958281.0,2012
0,20,1,27,0,0,0.0,2012
0,21,2,49,0,0,0.0,2012
0,24,1,1,0,0,0.0,2012
0,25,5,6,0,0,0.0,2012
0,26,4,7,0,0,0.0,2012
0,1,12,20,0,0,0.0,2012
0,2,2,2,0,0,0.0,2012
0,3,2,2,0,0,0.0,2012
0,5,1,2,0,0,0.0,2012
0,6,5,6,0,0,0.0,2012
0,7,2,2,0,0,0.0,2012
0,12,1,5,0,0,0.0,2012
0,16,1,3,0,0,0.0,2012
0,19,9,16,0,0,0.0,2012
0,20,1,1,0,0,0.0,2012
0,24,1,2,0,0,0.0,2012
0,26,1,1,0,0,0.0,2012
0,1,50,59,864,77302,555582.0,2012
0,2,22,22,0,9279,88837.0,2012
0,3,4,4,29,1230,5148.0,2012
0,4,3,5,0,4434,21026.0,2012
0,5,2,2,0,0,0.0,2012
0,6,31,33,139,17795,129516.0,2012
0,7,1,1,0,0,0.0,2012
0,8,1,1,0,0,0.0,2012
0,9,1,1,0,0,0.0,2012
0,11,1,7,0,0,0.0,2012
0,12,2,2,0,0,0.0,2012
0,13,1,1,0,0,0.0,2012
0,14,1,1,0,0,0.0,2012
0,16,4,5,0,0,0.0,2012
0,17,1,1,0,0,0.0,2012
0,19,44,53,712,65977,492662.0,2012
0,20,2,2,0,0,0.0,2012
0,22,1,1,0,0,0.0,2012
0,26,3,3,115,8711,49908.0,2012
0,1,133,404,5334,555082,5947327.0,2012
0,2,50,50,90,5347,73888.0,2012
0,3,20,22,134,9491,34006.0,2012
0,4,6,11,0,8336,33709.0,2012
0,5,6,8,88,8689,38039.0,2012
0,6,82,91,383,31863,179642.0,2012
0,7,4,7,87,10486,19152.0,2012
0,8,2,2,0,0,0.0,2012
0,9,2,2,0,0,0.0,2012
0,10,2,2,0,0,0.0,2012
0,11,1,1,0,0,0.0,2012
0,12,5,12,296,17811,56741.0,2012
0,13,3,5,0,0,0.0,2012
0,14,3,6,116,9217,83774.0,2012
0,15,1,4,0,0,0.0,2012
0,16,3,19,0,0,0.0,2012
0,17,2,9,0,0,0.0,2012
0,19,110,160,1724,219454,1768423.0,2012
0,20,1,11,0,0,0.0,2012
0,21,4,54,0,0,0.0,2012
0,22,2,23,0,0,0.0,2012
0,23,3,8,0,0,0.0,2012
0,24,1,4,0,0,0.0,2012
0,25,2,9,0,0,0.0,2012
0,26,10,135,0,0,0.0,2012
0,1,1277,7778,375227,35352274,306713359.0,2012
0,2,177,180,260,25835,0.0,2012
0,3,66,66,428,28626,295478.0,2012
0,4,58,70,703,47796,669453.0,2012
0,5,72,81,1176,75734,811154.0,2012
0,6,373,397,2567,177991,3717194.0,2012
0,7,62,75,1355,93227,1006084.0,2012
0,8,76,92,1998,133543,1289442.0,2012
0,9,54,73,1682,106062,993602.0,2012
0,10,53,69,1932,125531,1251701.0,2012
0,11,94,139,4136,273768,4002927.0,2012
0,12,174,331,10301,727503,10063808.0,2012
0,13,98,230,8094,535628,5841320.0,2012
0,14,94,306,11106,742020,8228323.0,2012
0,15,44,180,6620,462005,6197678.0,2012
0,16,46,197,9384,674704,9575508.0,2012
0,17,7,30,2116,150190,2736749.0,2012
0,18,9,42,3637,353621,3818298.0,2012
0,19,1184,2161,64928,4555793,58722634.0,2012
0,20,15,33,7069,753202,3814355.0,2012
0,21,6,68,2575,205951,2072768.0,2012
0,22,8,136,5172,482323,4276139.0,2012
0,23,4,53,3077,317168,2594148.0,2012
0,24,8,125,0,0,0.0,2012
0,25,14,366,26375,2338849,25972517.0,2012
0,26,38,4836,259489,26165991,204245320.0,2012
0,1,75,252,12903,1497561,9814198.0,2012
0,2,24,24,37,5719,0.0,2012
0,3,2,2,0,0,0.0,2012
0,4,6,6,0,0,0.0,2012
0,5,1,1,0,0,0.0,2012
0,6,33,33,0,0,0.0,2012
0,9,1,1,0,0,0.0,2012
0,11,3,3,0,0,0.0,2012
0,12,4,4,177,12464,184390.0,2012
0,14,2,2,0,0,0.0,2012
0,15,4,4,504,47831,352409.0,2012
0,16,3,3,0,0,0.0,2012
0,17,1,1,0,0,0.0,2012
0,18,2,2,0,0,0.0,2012
0,19,53,53,2258,310746,2341195.0,2012
0,20,7,15,4551,531657,0.0,2012
0,22,1,1,0,0,0.0,2012
0,24,1,2,0,0,0.0,2012
0,26,13,181,0,0,0.0,2012
0,1,1219,7526,362324,33854713,296899161.0,2012
0,2,153,156,223,20116,0.0,2012
0,3,64,64,413,27927,284929.0,2012
0,4,52,64,632,42125,621601.0,2012
0,5,71,80,1159,74694,803966.0,2012
0,6,340,364,2427,164862,3467223.0,2012
0,7,62,75,1355,93227,1006084.0,2012
0,8,76,92,1998,133543,1289442.0,2012
0,9,53,72,1652,103948,969791.0,2012
0,10,53,69,1932,125531,1251701.0,2012
0,11,91,136,4012,261048,3756909.0,2012
0,12,170,327,10124,715039,9879418.0,2012
0,13,98,230,8094,535628,5841320.0,2012
0,14,93,304,11044,732343,8199303.0,2012
0,15,40,176,6116,414174,5845269.0,2012
0,16,44,194,8841,618763,9229323.0,2012
0,17,7,29,2114,149894,2716925.0,2012
0,18,7,40,2961,197047,2928731.0,2012
0,19,1134,2108,62670,4245047,56381439.0,2012
0,20,8,18,2518,221545,1843824.0,2012
0,21,6,68,2575,205951,2072768.0,2012
0,22,7,135,5132,476014,4247096.0,2012
0,23,4,53,3077,317168,2594148.0,2012
0,24,8,123,0,0,0.0,2012
0,25,14,366,26375,2338849,25972517.0,2012
0,26,38,4655,253464,25519932,198771895.0,2012
0,1,482,2489,87117,7138586,91019554.0,2012
0,2,201,202,359,27214,765730.0,2012
0,3,72,74,478,39569,799706.0,2012
0,4,32,34,376,26882,0.0,2012
0,5,18,28,0,21145,344809.0,2012
0,6,323,338,1499,114810,3292154.0,2012
0,7,11,17,237,12876,149022.0,2012
0,8,8,10,217,17934,1112614.0,2012
0,9,9,13,275,24056,1164625.0,2012
0,10,5,6,0,0,0.0,2012
0,11,10,15,416,42970,0.0,2012
0,12,9,15,437,61320,1494532.0,2012
0,13,5,17,331,25242,0.0,2012
0,14,7,18,465,31623,222261.0,2012
0,15,7,26,734,51365,589686.0,2012
0,16,5,33,0,0,0.0,2012
0,17,7,10,1422,151954,2282303.0,2012
0,18,2,22,0,0,0.0,2012
0,19,408,540,7487,632860,16226456.0,2012
0,20,9,67,2630,213872,0.0,2012
0,21,9,146,2923,251595,0.0,2012
0,22,6,44,3959,311931,3681885.0,2012
0,23,9,143,0,657090,6524267.0,2012
0,24,3,132,2751,204885,1786913.0,2012
0,25,9,291,0,514589,7185028.0,2012
0,26,29,1126,52289,4351764,42330240.0,2012
0,1,482,2489,87117,7138586,91019554.0,2012
0,2,201,202,359,27214,765730.0,2012
0,3,72,74,478,39569,799706.0,2012
0,4,32,34,376,26882,0.0,2012
0,5,18,28,0,21145,344809.0,2012
0,6,323,338,1499,114810,3292154.0,2012
0,7,11,17,237,12876,149022.0,2012
0,8,8,10,217,17934,1112614.0,2012
0,9,9,13,275,24056,1164625.0,2012
0,10,5,6,0,0,0.0,2012
0,11,10,15,416,42970,0.0,2012
0,12,9,15,437,61320,1494532.0,2012
0,13,5,17,331,25242,0.0,2012
0,14,7,18,465,31623,222261.0,2012
0,15,7,26,734,51365,589686.0,2012
0,16,5,33,0,0,0.0,2012
0,17,7,10,1422,151954,2282303.0,2012
0,18,2,22,0,0,0.0,2012
0,19,408,540,7487,632860,16226456.0,2012
0,20,9,67,2630,213872,0.0,2012
0,21,9,146,2923,251595,0.0,2012
0,22,6,44,3959,311931,3681885.0,2012
0,23,9,143,0,657090,6524267.0,2012
0,24,3,132,2751,204885,1786913.0,2012
0,25,9,291,0,514589,7185028.0,2012
0,26,29,1126,52289,4351764,42330240.0,2012
0,1,482,2489,87117,7138586,91019554.0,2012
0,2,201,202,359,27214,765730.0,2012
0,3,72,74,478,39569,799706.0,2012
0,4,32,34,376,26882,0.0,2012
0,5,18,28,0,21145,344809.0,2012
0,6,323,338,1499,114810,3292154.0,2012
0,7,11,17,237,12876,149022.0,2012
0,8,8,10,217,17934,1112614.0,2012
0,9,9,13,275,24056,1164625.0,2012
0,10,5,6,0,0,0.0,2012
0,11,10,15,416,42970,0.0,2012
0,12,9,15,437,61320,1494532.0,2012
0,13,5,17,331,25242,0.0,2012
0,14,7,18,465,31623,222261.0,2012
0,15,7,26,734,51365,589686.0,2012
0,16,5,33,0,0,0.0,2012
0,17,7,10,1422,151954,2282303.0,2012
0,18,2,22,0,0,0.0,2012
0,19,408,540,7487,632860,16226456.0,2012
0,20,9,67,2630,213872,0.0,2012
0,21,9,146,2923,251595,0.0,2012
0,22,6,44,3959,311931,3681885.0,2012
0,23,9,143,0,657090,6524267.0,2012
0,24,3,132,2751,204885,1786913.0,2012
0,25,9,291,0,514589,7185028.0,2012
0,26,29,1126,52289,4351764,42330240.0,2012
0,1,3721,4943,44242,2443594,12977641.0,2012
0,2,2433,2433,4901,130252,701087.0,2012
0,3,767,771,4889,161579,720001.0,2012
0,4,189,196,2159,87845,385044.0,2012
0,5,86,93,1336,63095,295508.0,2012
0,6,3475,3493,13285,442771,2101640.0,2012
0,7,34,36,725,34532,145479.0,2012
0,8,34,43,871,40809,182282.0,2012
0,9,15,18,468,20749,99800.0,2012
0,10,11,19,404,23008,130334.0,2012
0,11,19,23,754,48061,230797.0,2012
0,12,25,41,1252,60328,328332.0,2012
0,13,20,51,999,55667,253229.0,2012
0,14,22,44,1628,94271,546511.0,2012
0,15,7,15,0,0,0.0,2012
0,16,8,47,1418,80156,303695.0,2012
0,17,7,70,2097,137535,488531.0,2012
0,18,5,19,0,0,0.0,2012
0,19,3682,3919,25237,1126579,5281622.0,2012
0,20,5,38,0,0,0.0,2012
0,21,2,4,0,0,0.0,2012
0,22,7,92,0,0,0.0,2012
0,23,6,167,0,0,0.0,2012
0,24,3,121,0,0,0.0,2012
0,25,4,7,0,0,0.0,2012
0,26,12,595,10935,755719,4521827.0,2012
0,1,3293,4082,34562,1890786,9523561.0,2012
0,2,2197,2197,4454,115623,608874.0,2012
0,3,683,687,4328,141817,633708.0,2012
0,4,168,174,1920,77853,356155.0,2012
0,5,71,77,1088,51798,235888.0,2012
0,6,3119,3135,11790,387091,1834625.0,2012
0,7,24,26,514,25483,114596.0,2012
0,8,27,32,681,29636,125795.0,2012
0,9,11,14,344,14029,44844.0,2012
0,10,9,14,320,15432,79271.0,2012
0,11,14,17,521,32948,125772.0,2012
0,12,20,32,960,42665,182177.0,2012
0,13,10,18,444,23878,78192.0,2012
0,14,14,26,1148,65573,404027.0,2012
0,15,5,7,0,0,0.0,2012
0,16,6,38,1263,70625,217925.0,2012
0,17,6,68,2089,137195,486123.0,2012
0,18,5,18,0,0,0.0,2012
0,19,3270,3445,21131,919015,4081401.0,2012
0,20,5,38,0,0,0.0,2012
0,21,1,1,0,0,0.0,2012
0,22,5,41,0,0,0.0,2012
0,23,3,44,0,0,0.0,2012
0,24,3,72,0,0,0.0,2012
0,26,6,441,0,0,0.0,2012
0,1,3293,4082,34562,1890786,9523561.0,2012
0,2,2197,2197,4454,115623,608874.0,2012
0,3,683,687,4328,141817,633708.0,2012
0,4,168,174,1920,77853,356155.0,2012
0,5,71,77,1088,51798,235888.0,2012
0,6,3119,3135,11790,387091,1834625.0,2012
0,7,24,26,514,25483,114596.0,2012
0,8,27,32,681,29636,125795.0,2012
0,9,11,14,344,14029,44844.0,2012
0,10,9,14,320,15432,79271.0,2012
0,11,14,17,521,32948,125772.0,2012
0,12,20,32,960,42665,182177.0,2012
0,13,10,18,444,23878,78192.0,2012
0,14,14,26,1148,65573,404027.0,2012
0,15,5,7,0,0,0.0,2012
0,16,6,38,1263,70625,217925.0,2012
0,17,6,68,2089,137195,486123.0,2012
0,18,5,18,0,0,0.0,2012
0,19,3270,3445,21131,919015,4081401.0,2012
0,20,5,38,0,0,0.0,2012
0,21,1,1,0,0,0.0,2012
0,22,5,41,0,0,0.0,2012
0,23,3,44,0,0,0.0,2012
0,24,3,72,0,0,0.0,2012
0,26,6,441,0,0,0.0,2012
0,1,398,735,7086,340394,1589417.0,2012
0,2,222,222,423,14017,87259.0,2012
0,3,79,79,529,18354,73097.0,2012
0,4,21,22,239,9992,28889.0,2012
0,5,13,13,197,8273,27398.0,2012
0,6,335,336,1388,50636,216643.0,2012
0,7,7,7,147,6179,16273.0,2012
0,8,5,5,116,6110,26667.0,2012
0,9,3,3,94,4234,18769.0,2012
0,10,2,2,0,0,0.0,2012
0,11,2,2,0,0,0.0,2012
0,12,5,6,0,0,0.0,2012
0,13,11,30,468,24088,0.0,2012
0,14,7,15,372,18539,68170.0,2012
0,15,2,8,0,0,0.0,2012
0,16,2,5,0,0,0.0,2012
0,17,2,2,0,0,0.0,2012
0,18,1,1,0,0,0.0,2012
0,19,384,422,3211,139039,592333.0,2012
0,21,2,3,0,0,0.0,2012
0,22,3,51,0,0,0.0,2012
0,23,3,121,0,0,0.0,2012
0,24,1,49,0,0,0.0,2012
0,25,2,4,0,0,0.0,2012
0,26,3,85,0,0,0.0,2012
0,1,398,735,7086,340394,1589417.0,2012
0,2,222,222,423,14017,87259.0,2012
0,3,79,79,529,18354,73097.0,2012
0,4,21,22,239,9992,28889.0,2012
0,5,13,13,197,8273,27398.0,2012
0,6,335,336,1388,50636,216643.0,2012
0,7,7,7,147,6179,16273.0,2012
0,8,5,5,116,6110,26667.0,2012
0,9,3,3,94,4234,18769.0,2012
0,10,2,2,0,0,0.0,2012
0,11,2,2,0,0,0.0,2012
0,12,5,6,0,0,0.0,2012
0,13,11,30,468,24088,0.0,2012
0,14,7,15,372,18539,68170.0,2012
0,15,2,8,0,0,0.0,2012
0,16,2,5,0,0,0.0,2012
0,17,2,2,0,0,0.0,2012
0,18,1,1,0,0,0.0,2012
0,19,384,422,3211,139039,592333.0,2012
0,21,2,3,0,0,0.0,2012
0,22,3,51,0,0,0.0,2012
0,23,3,121,0,0,0.0,2012
0,24,1,49,0,0,0.0,2012
0,25,2,4,0,0,0.0,2012
0,26,3,85,0,0,0.0,2012
0,1,50,126,2594,212414,1864663.0,2012
0,2,14,14,0,612,4954.0,2012
0,3,5,5,32,1408,13196.0,2012
0,5,3,3,51,3024,32222.0,2012
0,6,22,22,107,5044,50372.0,2012
0,7,3,3,64,2870,14610.0,2012
0,8,3,6,74,5063,29820.0,2012
0,9,1,1,0,0,0.0,2012
0,10,1,3,0,0,0.0,2012
0,11,3,4,141,11603,90221.0,2012
0,12,2,3,0,0,0.0,2012
0,13,2,3,0,0,0.0,2012
0,14,1,3,0,0,0.0,2012
0,16,2,4,0,0,0.0,2012
0,19,40,52,895,68525,607888.0,2012
0,23,1,2,0,0,0.0,2012
0,25,2,3,0,0,0.0,2012
0,26,7,69,1587,137076,1198348.0,2012
0,1,50,126,2594,212414,1864663.0,2012
0,2,14,14,0,612,4954.0,2012
0,3,5,5,32,1408,13196.0,2012
0,5,3,3,51,3024,32222.0,2012
0,6,22,22,107,5044,50372.0,2012
0,7,3,3,64,2870,14610.0,2012
0,8,3,6,74,5063,29820.0,2012
0,9,1,1,0,0,0.0,2012
0,10,1,3,0,0,0.0,2012
0,11,3,4,141,11603,90221.0,2012
0,12,2,3,0,0,0.0,2012
0,13,2,3,0,0,0.0,2012
0,14,1,3,0,0,0.0,2012
0,16,2,4,0,0,0.0,2012
0,19,40,52,895,68525,607888.0,2012
0,23,1,2,0,0,0.0,2012
0,25,2,3,0,0,0.0,2012
0,26,7,69,1587,137076,1198348.0,2012
0,1,640951,652902,5260942,275201822,1360169655.0,2012
0,2,440665,440684,689120,26311695,166542109.0,2012
0,3,99155,99191,647549,25272948,117986448.0,2012
0,4,36669,36733,428265,19049460,86399122.0,2012
0,5,18294,18380,305970,14622238,66282817.0,2012
0,6,594783,594988,2070904,85256341,437210496.0,2012
0,7,10986,11102,238662,11946452,55367094.0,2012
0,8,7271,7369,194514,9939394,44592537.0,2012
0,9,5001,5127,158022,8276179,38042764.0,2012
0,10,3660,3755,133856,7181618,32805683.0,2012
0,11,4893,5096,213202,11576575,54338909.0,2012
0,12,6012,6598,354532,19728904,90596792.0,2012
0,13,2628,3169,218155,12498947,59239148.0,2012
0,14,2314,3038,266221,15905051,74791212.0,2012
0,15,1024,1609,160896,9821728,45985671.0,2012
0,16,895,1654,188852,11916675,57877889.0,2012
0,17,388,892,112126,7073001,35018720.0,2012
0,18,200,540,70078,4455103,21111403.0,2012
0,19,640055,644937,4380020,215575968,1046978318.0,2012
0,20,291,956,120198,8111321,44553789.0,2012
0,21,130,744,73481,4702408,27330054.0,2012
0,22,130,618,101581,6564979,34955793.0,2012
0,23,74,503,67473,4596351,22749525.0,2012
0,24,48,361,40544,3400503,18894495.0,2012
0,25,91,1376,133294,9503009,57408145.0,2012
0,26,132,3407,344351,22747283,107299536.0,2012
0,1,189692,192052,1040182,54626086,471038752.0,2012
0,2,144748,144754,210961,7935375,70663717.0,2012
0,3,24560,24566,158922,6230333,43780043.0,2012
0,4,8099,8120,94105,4316708,31291034.0,2012
0,5,3822,3835,63612,3130710,23958306.0,2012
0,6,181229,181275,527600,21613126,169693100.0,2012
0,7,2201,2233,47727,2540004,20721442.0,2012
0,8,1347,1365,35989,1939081,14815613.0,2012
0,9,950,972,29712,1687241,13852812.0,2012
0,10,705,722,25614,1444474,11402960.0,2012
0,11,835,874,36053,2097582,17981490.0,2012
0,12,986,1114,56103,3290857,28216464.0,2012
0,13,397,499,31419,1942636,17687517.0,2012
0,14,371,501,40221,2697722,23245998.0,2012
0,15,146,282,19034,1337964,11711058.0,2012
0,16,149,256,24289,1820805,16494844.0,2012
0,17,73,166,15410,1036561,11182071.0,2012
0,18,35,101,9630,720234,5698884.0,2012
0,19,189424,190360,898801,44168287,362704253.0,2012
0,20,70,226,20920,1592739,18332380.0,2012
0,21,38,223,14079,964111,10210823.0,2012
0,22,36,173,16734,1242492,13883367.0,2012
0,23,25,156,7351,471037,6271855.0,2012
0,24,16,81,10270,890195,8009158.0,2012
0,25,35,416,28184,2416219,28767977.0,2012
0,26,48,417,43843,2881006,22858939.0,2012
0,1,149938,151034,519070,22342333,190342871.0,2012
0,2,124170,124174,175791,6109401,53712953.0,2012
0,3,16631,16635,106308,3751484,24822326.0,2012
0,4,4295,4309,49656,1985058,13250086.0,2012
0,5,1727,1733,28617,1226193,8418487.0,2012
0,6,146823,146851,360372,13072136,100203852.0,2012
0,7,915,936,19717,929514,7305965.0,2012
0,8,525,528,13849,637690,4344709.0,2012
0,9,323,339,9971,498649,3895707.0,2012
0,10,255,260,9138,449582,3177933.0,2012
0,11,281,293,12085,617925,5326804.0,2012
0,12,358,444,19503,1017323,7616169.0,2012
0,13,126,157,9346,508544,4335271.0,2012
0,14,107,180,9927,616614,4998371.0,2012
0,15,53,139,5840,370368,3030429.0,2012
0,16,39,75,3927,288639,2864679.0,2012
0,17,20,36,3804,193565,2179315.0,2012
0,18,13,28,3108,233867,1813684.0,2012
0,19,149838,150266,480587,19434416,151092888.0,2012
0,20,32,101,5934,404620,5025709.0,2012
0,21,13,48,0,0,0.0,2012
0,22,10,93,4484,295232,3706297.0,2012
0,23,7,10,0,0,0.0,2012
0,24,5,22,800,62953,0.0,2012
0,25,18,321,11861,1177413,15772169.0,2012
0,26,15,173,9755,538807,6813645.0,2012
0,1,149938,151034,519070,22342333,190342871.0,2012
0,2,124170,124174,175791,6109401,53712953.0,2012
0,3,16631,16635,106308,3751484,24822326.0,2012
0,4,4295,4309,49656,1985058,13250086.0,2012
0,5,1727,1733,28617,1226193,8418487.0,2012
0,6,146823,146851,360372,13072136,100203852.0,2012
0,7,915,936,19717,929514,7305965.0,2012
0,8,525,528,13849,637690,4344709.0,2012
0,9,323,339,9971,498649,3895707.0,2012
0,10,255,260,9138,449582,3177933.0,2012
0,11,281,293,12085,617925,5326804.0,2012
0,12,358,444,19503,1017323,7616169.0,2012
0,13,126,157,9346,508544,4335271.0,2012
0,14,107,180,9927,616614,4998371.0,2012
0,15,53,139,5840,370368,3030429.0,2012
0,16,39,75,3927,288639,2864679.0,2012
0,17,20,36,3804,193565,2179315.0,2012
0,18,13,28,3108,233867,1813684.0,2012
0,19,149838,150266,480587,19434416,151092888.0,2012
0,20,32,101,5934,404620,5025709.0,2012
0,21,13,48,0,0,0.0,2012
0,22,10,93,4484,295232,3706297.0,2012
0,23,7,10,0,0,0.0,2012
0,24,5,22,800,62953,0.0,2012
0,25,18,321,11861,1177413,15772169.0,2012
0,26,15,173,9755,538807,6813645.0,2012
0,1,45716,45798,144055,5951108,47213478.0,2012
0,2,37534,37537,55023,2031111,19755492.0,2012
0,3,5667,5668,36022,1289638,8797327.0,2012
0,4,1291,1295,14857,596540,3965352.0,2012
0,5,474,478,7793,328187,2081025.0,2012
0,6,44966,44978,113695,4245476,34599196.0,2012
0,7,261,261,5615,256470,1800136.0,2012
0,8,117,118,3023,134575,791416.0,2012
0,9,73,78,2272,112253,854414.0,2012
0,10,47,47,1613,84754,600831.0,2012
0,11,56,56,2345,125487,743908.0,2012
0,12,87,107,4439,238849,1269603.0,2012
0,13,25,25,1693,90030,583270.0,2012
0,14,26,30,2357,138221,867308.0,2012
0,15,10,33,1032,74374,604486.0,2012
0,16,8,9,0,35705,148574.0,2012
0,17,3,3,0,3944,17752.0,2012
0,19,45679,45745,138961,5540138,42880894.0,2012
0,20,11,13,1397,98059,522819.0,2012
0,21,5,7,546,38920,206267.0,2012
0,22,2,2,0,0,0.0,2012
0,23,3,3,0,0,0.0,2012
0,24,3,4,274,15676,0.0,2012
0,25,9,14,0,18001,188347.0,2012
0,26,4,10,0,0,0.0,2012
0,1,2591,2615,25207,1669310,18569130.0,2012
0,2,1634,1634,2590,117233,1185780.0,2012
0,3,371,371,2435,113436,1023698.0,2012
0,4,172,172,1942,100973,1195394.0,2012
0,5,98,98,1588,97149,1185195.0,2012
0,6,2275,2275,8555,428791,4590067.0,2012
0,7,61,61,1285,85181,1081876.0,2012
0,8,40,41,1046,73587,838430.0,2012
0,9,34,34,1058,76611,774705.0,2012
0,10,23,23,802,53595,678071.0,2012
0,11,37,38,1543,114396,1436611.0,2012
0,12,38,43,2001,137831,1507144.0,2012
0,13,27,27,1756,121674,1423118.0,2012
0,14,17,24,1377,117215,1378030.0,2012
0,15,7,8,897,71419,798974.0,2012
0,16,8,8,1165,88323,874112.0,2012
0,17,2,3,0,0,0.0,2012
0,18,5,10,1720,135606,1387109.0,2012
0,19,2574,2595,23396,1530771,17021272.0,2012
0,20,9,11,944,66346,621079.0,2012
0,21,1,2,0,0,0.0,2012
0,22,3,3,0,13472,148370.0,2012
0,25,1,1,0,0,0.0,2012
0,26,3,3,0,0,0.0,2012
0,1,13025,13576,80573,4906024,70570039.0,2012
0,2,9970,9970,15983,657344,9305132.0,2012
0,3,1799,1800,11682,492989,5840684.0,2012
0,4,495,499,5741,274913,3393137.0,2012
0,5,216,217,3556,191663,2385958.0,2012
0,6,12480,12486,36962,1616909,20924911.0,2012
0,7,132,149,2896,176103,2546486.0,2012
0,8,67,68,1738,100937,1244832.0,2012
0,9,61,61,1739,100545,1258664.0,2012
0,10,43,44,1528,77379,893939.0,2012
0,11,43,47,1834,105628,1586653.0,2012
0,12,66,88,3184,209892,2814846.0,2012
0,13,21,28,1705,110503,1655859.0,2012
0,14,27,53,2133,177150,2008449.0,2012
0,15,13,44,1190,112681,1184675.0,2012
0,16,18,46,0,113389,0.0,2012
0,17,8,21,1371,73930,1196789.0,2012
0,18,3,3,0,0,0.0,2012
0,19,12982,13138,58106,3028621,39042928.0,2012
0,20,12,64,3188,229392,3840277.0,2012
0,21,6,37,0,0,0.0,2012
0,22,3,31,0,0,0.0,2012
0,23,4,7,0,0,0.0,2012
0,24,5,17,0,0,0.0,2012
0,25,7,214,7689,878140,14736199.0,2012
0,26,6,68,0,306724,5217699.0,2012
0,1,88656,89045,269235,9815891,53990224.0,2012
0,2,75032,75033,102195,3303713,23466549.0,2012
0,3,8795,8796,56169,1855421,9160617.0,2012
0,4,2338,2343,27116,1012632,4696203.0,2012
0,5,940,940,15680,609194,2766309.0,2012
0,6,87105,87112,201160,6780960,40089678.0,2012
0,7,464,465,9921,411760,1877467.0,2012
0,8,301,301,8042,328591,1470031.0,2012
0,9,159,166,4902,209240,1007924.0,2012
0,10,143,146,5195,233854,1005092.0,2012
0,11,147,152,6363,272414,1559632.0,2012
0,12,172,206,9879,430751,2024576.0,2012
0,13,57,77,4192,186337,673024.0,2012
0,14,41,73,4060,184028,744584.0,2012
0,15,25,54,2721,111894,442294.0,2012
0,16,9,12,705,51222,423769.0,2012
0,17,9,9,2228,89149,711749.0,2012
0,18,6,15,756,44686,117974.0,2012
0,19,88638,88788,260124,9334886,52147794.0,2012
0,20,5,13,0,10823,0.0,2012
0,21,2,2,0,0,0.0,2012
0,22,3,57,0,0,0.0,2012
0,24,1,1,0,0,0.0,2012
0,25,3,92,0,0,0.0,2012
0,26,4,92,0,0,0.0,2012
0,1,39813,41018,521112,32283753,280695881.0,2012
0,2,20579,20580,35170,1825974,16950764.0,2012
0,3,7930,7931,52614,2478849,18957717.0,2012
0,4,3804,3811,44449,2331650,18040948.0,2012
0,5,2096,2102,34995,1904517,15539819.0,2012
0,6,34409,34424,167228,8540990,69489248.0,2012
0,7,1286,1297,28010,1610490,13415477.0,2012
0,8,827,837,22140,1301391,10470904.0,2012
0,9,628,633,19741,1188592,9957105.0,2012
0,10,453,462,16476,994892,8225027.0,2012
0,11,557,581,23968,1479657,12654686.0,2012
0,12,630,670,36600,2273534,20600295.0,2012
0,13,276,342,22073,1434092,13352246.0,2012
0,14,267,321,30294,2081108,18247627.0,2012
0,15,94,143,13194,967596,8680629.0,2012
0,16,114,181,20362,1532166,13630165.0,2012
0,17,55,130,11606,842996,9002756.0,2012
0,18,24,73,6522,486367,3885200.0,2012
0,19,39620,40094,418214,24733871,211611365.0,2012
0,20,45,125,14986,1188119,13306671.0,2012
0,21,29,175,10868,719504,7045152.0,2012
0,22,29,80,12250,947260,10177070.0,2012
0,23,18,146,4913,286752,2354379.0,2012
0,24,12,59,9470,827242,7160142.0,2012
0,25,22,95,16323,1238806,12995808.0,2012
0,26,38,244,34088,2342199,16045294.0,2012
0,1,2991,3167,73050,4323309,24582025.0,2012
0,2,1500,1500,2553,135386,1009926.0,2012
0,3,596,596,3940,165906,1003719.0,2012
0,4,272,272,3134,159400,1017192.0,2012
0,5,140,140,2359,120153,731062.0,2012
0,6,2508,2508,11986,580845,3761899.0,2012
0,7,82,82,1674,106245,603523.0,2012
0,8,62,62,1677,89738,480964.0,2012
0,9,51,51,1618,85371,459425.0,2012
0,10,31,31,1144,59596,354541.0,2012
0,11,48,48,2072,121338,769570.0,2012
0,12,49,51,2882,179241,1344138.0,2012
0,13,24,33,1849,125702,815361.0,2012
0,14,24,29,2637,191309,1145841.0,2012
0,15,13,31,1460,96989,401705.0,2012
0,16,22,28,4006,268043,1268080.0,2012
0,17,11,19,2251,147943,910426.0,2012
0,18,7,10,2109,144165,558756.0,2012
0,19,2932,2983,37365,2196525,12874229.0,2012
0,20,10,15,3563,306045,0.0,2012
0,21,9,29,5404,304187,1618055.0,2012
0,22,9,11,2587,142067,1149386.0,2012
0,23,4,8,368,31464,104745.0,2012
0,24,5,14,0,0,0.0,2012
0,25,6,7,0,118801,547741.0,2012
0,26,16,100,17860,1013102,4619421.0,2012
0,1,2991,3167,73050,4323309,24582025.0,2012
0,2,1500,1500,2553,135386,1009926.0,2012
0,3,596,596,3940,165906,1003719.0,2012
0,4,272,272,3134,159400,1017192.0,2012
0,5,140,140,2359,120153,731062.0,2012
0,6,2508,2508,11986,580845,3761899.0,2012
0,7,82,82,1674,106245,603523.0,2012
0,8,62,62,1677,89738,480964.0,2012
0,9,51,51,1618,85371,459425.0,2012
0,10,31,31,1144,59596,354541.0,2012
0,11,48,48,2072,121338,769570.0,2012
0,12,49,51,2882,179241,1344138.0,2012
0,13,24,33,1849,125702,815361.0,2012
0,14,24,29,2637,191309,1145841.0,2012
0,15,13,31,1460,96989,401705.0,2012
0,16,22,28,4006,268043,1268080.0,2012
0,17,11,19,2251,147943,910426.0,2012
0,18,7,10,2109,144165,558756.0,2012
0,19,2932,2983,37365,2196525,12874229.0,2012
0,20,10,15,3563,306045,0.0,2012
0,21,9,29,5404,304187,1618055.0,2012
0,22,9,11,2587,142067,1149386.0,2012
0,23,4,8,368,31464,104745.0,2012
0,24,5,14,0,0,0.0,2012
0,25,6,7,0,118801,547741.0,2012
0,26,16,100,17860,1013102,4619421.0,2012
0,1,36860,37851,448062,27960444,256113856.0,2012
0,2,19079,19080,32617,1690588,15940838.0,2012
0,3,7334,7335,48674,2312943,17953998.0,2012
0,4,3533,3539,41315,2172250,17023756.0,2012
0,5,1957,1962,32636,1784364,14808757.0,2012
0,6,31903,31916,155242,7960145,65727349.0,2012
0,7,1206,1215,26336,1504245,12811954.0,2012
0,8,765,775,20463,1211653,9989940.0,2012
0,9,577,582,18123,1103221,9497680.0,2012
0,10,422,431,15332,935296,7870486.0,2012
0,11,509,533,21896,1358319,11885116.0,2012
0,12,583,619,33718,2094293,19256157.0,2012
0,13,253,309,20224,1308390,12536885.0,2012
0,14,244,292,27657,1889799,17101786.0,2012
0,15,81,112,11734,870607,8278924.0,2012
0,16,93,153,16356,1264123,12362085.0,2012
0,17,47,111,9355,695053,8092330.0,2012
0,18,20,63,4413,342202,3326444.0,2012
0,19,36703,37111,380849,22537346,198737136.0,2012
0,20,36,110,11423,882074,11014570.0,2012
0,21,23,146,5464,415317,5427097.0,2012
0,22,24,69,9663,805193,9027684.0,2012
0,23,15,138,4545,255288,2249634.0,2012
0,24,11,45,6511,616124,5783795.0,2012
0,25,19,88,13379,1120005,12448067.0,2012
0,26,29,144,16228,1329097,11425873.0,2012
0,1,36860,37851,448062,27960444,256113856.0,2012
0,2,19079,19080,32617,1690588,15940838.0,2012
0,3,7334,7335,48674,2312943,17953998.0,2012
0,4,3533,3539,41315,2172250,17023756.0,2012
0,5,1957,1962,32636,1784364,14808757.0,2012
0,6,31903,31916,155242,7960145,65727349.0,2012
0,7,1206,1215,26336,1504245,12811954.0,2012
0,8,765,775,20463,1211653,9989940.0,2012
0,9,577,582,18123,1103221,9497680.0,2012
0,10,422,431,15332,935296,7870486.0,2012
0,11,509,533,21896,1358319,11885116.0,2012
0,12,583,619,33718,2094293,19256157.0,2012
0,13,253,309,20224,1308390,12536885.0,2012
0,14,244,292,27657,1889799,17101786.0,2012
0,15,81,112,11734,870607,8278924.0,2012
0,16,93,153,16356,1264123,12362085.0,2012
0,17,47,111,9355,695053,8092330.0,2012
0,18,20,63,4413,342202,3326444.0,2012
0,19,36703,37111,380849,22537346,198737136.0,2012
0,20,36,110,11423,882074,11014570.0,2012
0,21,23,146,5464,415317,5427097.0,2012
0,22,24,69,9663,805193,9027684.0,2012
0,23,15,138,4545,255288,2249634.0,2012
0,24,11,45,6511,616124,5783795.0,2012
0,25,19,88,13379,1120005,12448067.0,2012
0,26,29,144,16228,1329097,11425873.0,2012
0,1,36763,39133,849599,55933912,283163929.0,2012
0,2,19355,19359,31994,1920621,11654895.0,2012
0,3,6374,6378,42127,2103589,10251837.0,2012
0,4,2937,2944,34236,1925879,9353312.0,2012
0,5,1675,1678,27960,1606061,7679836.0,2012
0,6,30341,30359,136317,7556150,38939880.0,2012
0,7,1166,1183,25272,1506294,7068984.0,2012
0,8,827,834,21869,1295293,6385936.0,2012
0,9,566,583,17632,1103090,5359361.0,2012
0,10,437,442,15756,970875,5075724.0,2012
0,11,651,669,28124,1705267,8700396.0,2012
0,12,885,934,51657,3277363,16332093.0,2012
0,13,478,529,37779,2404377,12258308.0,2012
0,14,437,514,48920,3291662,16637736.0,2012
0,15,244,342,37980,2541661,13861545.0,2012
0,16,234,389,46829,3302430,18732161.0,2012
0,17,99,183,26926,1864638,9943229.0,2012
0,18,55,100,17237,1227816,6525090.0,2012
0,19,36420,37061,512298,32046916,165820443.0,2012
0,20,85,226,27148,2099153,11186508.0,2012
0,21,44,197,21661,1472653,9851314.0,2012
0,22,59,150,39371,2671637,12707429.0,2012
0,23,32,143,26451,1770922,8727846.0,2012
0,24,24,48,10957,1166742,6676856.0,2012
0,25,37,262,48941,3481259,16903234.0,2012
0,26,62,1046,162772,11224630,51290299.0,2012
0,1,17446,18686,466099,29841905,118254327.0,2012
0,2,8486,8489,15045,806145,4296707.0,2012
0,3,3337,3339,22141,993917,4249712.0,2012
0,4,1592,1595,18718,967791,4247232.0,2012
0,5,882,882,14804,784059,3405180.0,2012
0,6,14297,14305,70708,3551912,16198831.0,2012
0,7,603,618,13125,725734,2938164.0,2012
0,8,404,407,10775,584640,2489233.0,2012
0,9,291,294,9187,549501,2416619.0,2012
0,10,215,217,7825,447739,1976006.0,2012
0,11,326,336,14065,790108,3545257.0,2012
0,12,416,441,24773,1490272,6308306.0,2012
0,13,200,227,16227,1021434,4406591.0,2012
0,14,218,264,25129,1631680,6122902.0,2012
0,15,102,154,16701,1099874,4263524.0,2012
0,16,107,147,22368,1549853,6677804.0,2012
0,17,54,102,14454,1026439,4129825.0,2012
0,18,23,54,7877,559261,2169016.0,2012
0,19,17256,17566,253214,15028447,63642078.0,2012
0,20,37,84,13037,1071447,4275418.0,2012
0,21,21,99,9655,646691,2828272.0,2012
0,22,33,78,20359,1343908,5017871.0,2012
0,23,16,56,11158,754501,3027634.0,2012
0,24,14,19,3179,472369,781735.0,2012
0,25,28,138,34965,2440662,8900733.0,2012
0,26,41,646,120532,8083880,29780586.0,2012
0,1,11206,11453,152787,8769035,41394622.0,2012
0,2,5843,5844,10603,500291,2734395.0,2012
0,3,2224,2225,14799,660904,2960822.0,2012
0,4,1010,1010,11867,598660,2672993.0,2012
0,5,532,532,8911,459718,2127585.0,2012
0,6,9609,9611,46180,2219573,10495795.0,2012
0,7,354,361,7698,436887,1924746.0,2012
0,8,232,233,6142,328882,1508162.0,2012
0,9,164,165,5209,300623,1379080.0,2012
0,10,121,123,4357,247786,1184808.0,2012
0,11,177,183,7763,432535,2173312.0,2012
0,12,203,205,11819,664635,3161599.0,2012
0,13,93,102,7704,484874,2565896.0,2012
0,14,90,98,9718,572764,2666336.0,2012
0,15,38,52,6202,384685,1627265.0,2012
0,16,47,66,9045,648190,3585429.0,2012
0,17,15,28,3679,221896,1126583.0,2012
0,18,4,6,1845,140758,626421.0,2012
0,19,11147,11233,127361,7084088,34025432.0,2012
0,20,12,16,3566,220681,1222931.0,2012
0,21,6,10,0,0,0.0,2012
0,22,9,14,2271,118670,496417.0,2012
0,23,6,39,2718,149652,622106.0,2012
0,24,2,3,0,0,0.0,2012
0,25,12,48,0,0,0.0,2012
0,26,12,90,9609,724510,2519119.0,2012
0,1,11206,11453,152787,8769035,41394622.0,2012
0,2,5843,5844,10603,500291,2734395.0,2012
0,3,2224,2225,14799,660904,2960822.0,2012
0,4,1010,1010,11867,598660,2672993.0,2012
0,5,532,532,8911,459718,2127585.0,2012
0,6,9609,9611,46180,2219573,10495795.0,2012
0,7,354,361,7698,436887,1924746.0,2012
0,8,232,233,6142,328882,1508162.0,2012
0,9,164,165,5209,300623,1379080.0,2012
0,10,121,123,4357,247786,1184808.0,2012
0,11,177,183,7763,432535,2173312.0,2012
0,12,203,205,11819,664635,3161599.0,2012
0,13,93,102,7704,484874,2565896.0,2012
0,14,90,98,9718,572764,2666336.0,2012
0,15,38,52,6202,384685,1627265.0,2012
0,16,47,66,9045,648190,3585429.0,2012
0,17,15,28,3679,221896,1126583.0,2012
0,18,4,6,1845,140758,626421.0,2012
0,19,11147,11233,127361,7084088,34025432.0,2012
0,20,12,16,3566,220681,1222931.0,2012
0,21,6,10,0,0,0.0,2012
0,22,9,14,2271,118670,496417.0,2012
0,23,6,39,2718,149652,622106.0,2012
0,24,2,3,0,0,0.0,2012
0,25,12,48,0,0,0.0,2012
0,26,12,90,9609,724510,2519119.0,2012
0,1,1779,2046,143383,10480492,38329489.0,2012
0,2,577,577,839,100379,477370.0,2012
0,3,255,255,1691,89670,355485.0,2012
0,4,142,142,1648,94263,425241.0,2012
0,5,103,103,1715,108234,406944.0,2012
0,6,1077,1077,5893,392546,1665040.0,2012
0,7,76,77,1658,93943,333577.0,2012
0,8,54,56,1460,85648,335061.0,2012
0,9,45,46,1412,93258,415962.0,2012
0,10,34,34,1248,83135,385358.0,2012
0,11,65,66,2733,159998,615650.0,2012
0,12,107,110,6453,418168,1367276.0,2012
0,13,48,52,3708,250470,835194.0,2012
0,14,76,83,9329,654783,2052558.0,2012
0,15,35,46,5900,412017,1617094.0,2012
0,16,45,52,9715,636161,2101690.0,2012
0,17,24,27,6336,489130,1793161.0,2012
0,18,13,20,3887,276362,823669.0,2012
0,19,1699,1746,59732,4045619,14341290.0,2012
0,20,12,39,5903,514067,1919635.0,2012
0,21,6,12,2058,111908,299586.0,2012
0,22,15,36,10325,762388,2568713.0,2012
0,23,8,11,5742,449700,1742708.0,2012
0,24,7,8,0,0,0.0,2012
0,25,14,58,21443,1522459,5033603.0,2012
0,26,18,136,35782,2682507,11860069.0,2012
0,1,1779,2046,143383,10480492,38329489.0,2012
0,2,577,577,839,100379,477370.0,2012
0,3,255,255,1691,89670,355485.0,2012
0,4,142,142,1648,94263,425241.0,2012
0,5,103,103,1715,108234,406944.0,2012
0,6,1077,1077,5893,392546,1665040.0,2012
0,7,76,77,1658,93943,333577.0,2012
0,8,54,56,1460,85648,335061.0,2012
0,9,45,46,1412,93258,415962.0,2012
0,10,34,34,1248,83135,385358.0,2012
0,11,65,66,2733,159998,615650.0,2012
0,12,107,110,6453,418168,1367276.0,2012
0,13,48,52,3708,250470,835194.0,2012
0,14,76,83,9329,654783,2052558.0,2012
0,15,35,46,5900,412017,1617094.0,2012
0,16,45,52,9715,636161,2101690.0,2012
0,17,24,27,6336,489130,1793161.0,2012
0,18,13,20,3887,276362,823669.0,2012
0,19,1699,1746,59732,4045619,14341290.0,2012
0,20,12,39,5903,514067,1919635.0,2012
0,21,6,12,2058,111908,299586.0,2012
0,22,15,36,10325,762388,2568713.0,2012
0,23,8,11,5742,449700,1742708.0,2012
0,24,7,8,0,0,0.0,2012
0,25,14,58,21443,1522459,5033603.0,2012
0,26,18,136,35782,2682507,11860069.0,2012
0,1,4511,5187,169929,10592378,38530216.0,2012
0,2,2066,2068,3603,205475,1084942.0,2012
0,3,858,859,5651,243343,933405.0,2012
0,4,441,443,5203,274868,1148998.0,2012
0,5,247,247,4178,216107,870651.0,2012
0,6,3612,3617,18635,939793,4037996.0,2012
0,7,173,180,3769,194904,679841.0,2012
0,8,118,118,3173,170110,646010.0,2012
0,9,82,83,2566,155620,621577.0,2012
0,10,60,60,2220,116818,405840.0,2012
0,11,84,87,3569,197575,756295.0,2012
0,12,109,126,6501,407469,1779431.0,2012
0,13,60,73,4815,286090,1005501.0,2012
0,14,55,83,6082,404133,1404008.0,2012
0,15,30,56,4599,303172,1019165.0,2012
0,16,17,29,0,0,0.0,2012
0,17,17,47,4439,315413,1210081.0,2012
0,18,6,28,2145,142141,718926.0,2012
0,19,4423,4587,66121,3898740,15275356.0,2012
0,20,15,29,3568,336699,1132852.0,2012
0,21,13,77,6217,455862,2115161.0,2012
0,22,13,28,7763,462850,1952741.0,2012
0,23,4,6,2698,155149,662820.0,2012
0,24,5,8,337,40953,111453.0,2012
0,25,9,32,8084,565262,1878435.0,2012
0,26,29,420,75141,4676863,15401398.0,2012
0,1,4511,5187,169929,10592378,38530216.0,2012
0,2,2066,2068,3603,205475,1084942.0,2012
0,3,858,859,5651,243343,933405.0,2012
0,4,441,443,5203,274868,1148998.0,2012
0,5,247,247,4178,216107,870651.0,2012
0,6,3612,3617,18635,939793,4037996.0,2012
0,7,173,180,3769,194904,679841.0,2012
0,8,118,118,3173,170110,646010.0,2012
0,9,82,83,2566,155620,621577.0,2012
0,10,60,60,2220,116818,405840.0,2012
0,11,84,87,3569,197575,756295.0,2012
0,12,109,126,6501,407469,1779431.0,2012
0,13,60,73,4815,286090,1005501.0,2012
0,14,55,83,6082,404133,1404008.0,2012
0,15,30,56,4599,303172,1019165.0,2012
0,16,17,29,0,0,0.0,2012
0,17,17,47,4439,315413,1210081.0,2012
0,18,6,28,2145,142141,718926.0,2012
0,19,4423,4587,66121,3898740,15275356.0,2012
0,20,15,29,3568,336699,1132852.0,2012
0,21,13,77,6217,455862,2115161.0,2012
0,22,13,28,7763,462850,1952741.0,2012
0,23,4,6,2698,155149,662820.0,2012
0,24,5,8,337,40953,111453.0,2012
0,25,9,32,8084,565262,1878435.0,2012
0,26,29,420,75141,4676863,15401398.0,2012
0,1,6055,6182,53045,3922919,40050602.0,2012
0,2,4643,4643,7142,336925,2947649.0,2012
0,3,676,676,4244,201190,1454387.0,2012
0,4,192,195,2135,142692,1120339.0,2012
0,5,102,102,1600,96631,631868.0,2012
0,6,5613,5616,15121,777438,6154243.0,2012
0,7,64,64,1371,89629,713001.0,2012
0,8,57,57,1381,101441,877894.0,2012
0,9,32,40,916,60922,471115.0,2012
0,10,26,27,836,55524,640217.0,2012
0,11,33,34,1287,76058,674729.0,2012
0,12,50,54,2501,188908,1868375.0,2012
0,13,33,36,2164,154983,1263833.0,2012
0,14,33,37,2762,210290,1954403.0,2012
0,15,21,24,2387,183203,1786055.0,2012
0,16,25,63,3044,240014,3136816.0,2012
0,17,10,20,1916,133593,1667082.0,2012
0,18,4,5,1050,84714,676934.0,2012
0,19,6001,6077,36736,2356717,21884697.0,2012
0,20,11,12,1308,89595,0.0,2012
0,21,6,17,1810,147940,2291971.0,2012
0,22,7,13,2987,216881,2245830.0,2012
0,23,3,3,0,0,0.0,2012
0,24,6,15,4198,460407,4787111.0,2012
0,25,7,15,2189,213240,3300920.0,2012
0,26,14,30,3577,404469,4658733.0,2012
0,1,6055,6182,53045,3922919,40050602.0,2012
0,2,4643,4643,7142,336925,2947649.0,2012
0,3,676,676,4244,201190,1454387.0,2012
0,4,192,195,2135,142692,1120339.0,2012
0,5,102,102,1600,96631,631868.0,2012
0,6,5613,5616,15121,777438,6154243.0,2012
0,7,64,64,1371,89629,713001.0,2012
0,8,57,57,1381,101441,877894.0,2012
0,9,32,40,916,60922,471115.0,2012
0,10,26,27,836,55524,640217.0,2012
0,11,33,34,1287,76058,674729.0,2012
0,12,50,54,2501,188908,1868375.0,2012
0,13,33,36,2164,154983,1263833.0,2012
0,14,33,37,2762,210290,1954403.0,2012
0,15,21,24,2387,183203,1786055.0,2012
0,16,25,63,3044,240014,3136816.0,2012
0,17,10,20,1916,133593,1667082.0,2012
0,18,4,5,1050,84714,676934.0,2012
0,19,6001,6077,36736,2356717,21884697.0,2012
0,20,11,12,1308,89595,0.0,2012
0,21,6,17,1810,147940,2291971.0,2012
0,22,7,13,2987,216881,2245830.0,2012
0,23,3,3,0,0,0.0,2012
0,24,6,15,4198,460407,4787111.0,2012
0,25,7,15,2189,213240,3300920.0,2012
0,26,14,30,3577,404469,4658733.0,2012
0,1,6055,6182,53045,3922919,40050602.0,2012
0,2,4643,4643,7142,336925,2947649.0,2012
0,3,676,676,4244,201190,1454387.0,2012
0,4,192,195,2135,142692,1120339.0,2012
0,5,102,102,1600,96631,631868.0,2012
0,6,5613,5616,15121,777438,6154243.0,2012
0,7,64,64,1371,89629,713001.0,2012
0,8,57,57,1381,101441,877894.0,2012
0,9,32,40,916,60922,471115.0,2012
0,10,26,27,836,55524,640217.0,2012
0,11,33,34,1287,76058,674729.0,2012
0,12,50,54,2501,188908,1868375.0,2012
0,13,33,36,2164,154983,1263833.0,2012
0,14,33,37,2762,210290,1954403.0,2012
0,15,21,24,2387,183203,1786055.0,2012
0,16,25,63,3044,240014,3136816.0,2012
0,17,10,20,1916,133593,1667082.0,2012
0,18,4,5,1050,84714,676934.0,2012
0,19,6001,6077,36736,2356717,21884697.0,2012
0,20,11,12,1308,89595,0.0,2012
0,21,6,17,1810,147940,2291971.0,2012
0,22,7,13,2987,216881,2245830.0,2012
0,23,3,3,0,0,0.0,2012
0,24,6,15,4198,460407,4787111.0,2012
0,25,7,15,2189,213240,3300920.0,2012
0,26,14,30,3577,404469,4658733.0,2012
0,1,9271,10043,251065,16998921,100657731.0,2012
0,2,3924,3924,6142,563918,3173401.0,2012
0,3,1615,1617,10841,683583,3490872.0,2012
0,4,827,828,9614,620325,3142829.0,2012
0,5,525,528,8808,582088,2966838.0,2012
0,6,6891,6897,35405,2449914,12773940.0,2012
0,7,396,397,8582,562145,2827612.0,2012
0,8,304,308,8091,513097,2603219.0,2012
0,9,187,189,5726,394132,2011971.0,2012
0,10,162,163,5874,399493,2180219.0,2012
0,11,240,244,10461,701484,3916283.0,2012
0,12,354,371,20658,1354019,6986559.0,2012
0,13,203,220,15800,1017653,5523924.0,2012
0,14,166,183,18325,1255535,7608963.0,2012
0,15,104,129,15786,1033522,6581248.0,2012
0,16,95,158,19460,1364064,8076672.0,2012
0,17,32,51,8986,593451,3400624.0,2012
0,18,19,27,6044,388637,2670357.0,2012
0,19,9153,9337,179198,12027146,67161591.0,2012
0,20,32,110,10420,729103,5023611.0,2012
0,21,20,71,8215,534448,3975704.0,2012
0,22,14,39,9127,574096,3268073.0,2012
0,23,13,70,10809,671305,3905993.0,2012
0,24,5,5,0,0,0.0,2012
0,25,12,96,10093,710193,4478076.0,2012
0,26,22,315,20345,1586135,11934188.0,2012
0,1,9271,10043,251065,16998921,100657731.0,2012
0,2,3924,3924,6142,563918,3173401.0,2012
0,3,1615,1617,10841,683583,3490872.0,2012
0,4,827,828,9614,620325,3142829.0,2012
0,5,525,528,8808,582088,2966838.0,2012
0,6,6891,6897,35405,2449914,12773940.0,2012
0,7,396,397,8582,562145,2827612.0,2012
0,8,304,308,8091,513097,2603219.0,2012
0,9,187,189,5726,394132,2011971.0,2012
0,10,162,163,5874,399493,2180219.0,2012
0,11,240,244,10461,701484,3916283.0,2012
0,12,354,371,20658,1354019,6986559.0,2012
0,13,203,220,15800,1017653,5523924.0,2012
0,14,166,183,18325,1255535,7608963.0,2012
0,15,104,129,15786,1033522,6581248.0,2012
0,16,95,158,19460,1364064,8076672.0,2012
0,17,32,51,8986,593451,3400624.0,2012
0,18,19,27,6044,388637,2670357.0,2012
0,19,9153,9337,179198,12027146,67161591.0,2012
0,20,32,110,10420,729103,5023611.0,2012
0,21,20,71,8215,534448,3975704.0,2012
0,22,14,39,9127,574096,3268073.0,2012
0,23,13,70,10809,671305,3905993.0,2012
0,24,5,5,0,0,0.0,2012
0,25,12,96,10093,710193,4478076.0,2012
0,26,22,315,20345,1586135,11934188.0,2012
0,1,9271,10043,251065,16998921,100657731.0,2012
0,2,3924,3924,6142,563918,3173401.0,2012
0,3,1615,1617,10841,683583,3490872.0,2012
0,4,827,828,9614,620325,3142829.0,2012
0,5,525,528,8808,582088,2966838.0,2012
0,6,6891,6897,35405,2449914,12773940.0,2012
0,7,396,397,8582,562145,2827612.0,2012
0,8,304,308,8091,513097,2603219.0,2012
0,9,187,189,5726,394132,2011971.0,2012
0,10,162,163,5874,399493,2180219.0,2012
0,11,240,244,10461,701484,3916283.0,2012
0,12,354,371,20658,1354019,6986559.0,2012
0,13,203,220,15800,1017653,5523924.0,2012
0,14,166,183,18325,1255535,7608963.0,2012
0,15,104,129,15786,1033522,6581248.0,2012
0,16,95,158,19460,1364064,8076672.0,2012
0,17,32,51,8986,593451,3400624.0,2012
0,18,19,27,6044,388637,2670357.0,2012
0,19,9153,9337,179198,12027146,67161591.0,2012
0,20,32,110,10420,729103,5023611.0,2012
0,21,20,71,8215,534448,3975704.0,2012
0,22,14,39,9127,574096,3268073.0,2012
0,23,13,70,10809,671305,3905993.0,2012
0,24,5,5,0,0,0.0,2012
0,25,12,96,10093,710193,4478076.0,2012
0,26,22,315,20345,1586135,11934188.0,2012
0,1,4092,4222,79390,5170167,24201269.0,2012
0,2,2303,2303,3665,213633,1237138.0,2012
0,3,746,746,4901,224899,1056866.0,2012
0,4,326,326,3769,195071,842912.0,2012
0,5,166,166,2748,143283,675950.0,2012
0,6,3541,3541,15083,776886,3812866.0,2012
0,7,103,104,2194,128786,590207.0,2012
0,8,62,62,1622,96115,415590.0,2012
0,9,56,60,1803,98535,459656.0,2012
0,10,34,35,1221,68119,279282.0,2012
0,11,54,55,2311,137617,564127.0,2012
0,12,66,68,3725,244164,1168853.0,2012
0,13,44,46,3588,210307,1063960.0,2012
0,14,25,30,2704,194157,951468.0,2012
0,15,20,35,3106,225062,1230718.0,2012
0,16,15,21,1957,148499,840869.0,2012
0,17,8,10,1570,111155,745698.0,2012
0,18,11,14,2266,195204,1008783.0,2012
0,19,4039,4081,43150,2634606,13132077.0,2012
0,20,11,20,2383,209008,1264026.0,2012
0,21,5,10,1981,143574,755367.0,2012
0,22,8,20,6898,536752,2175655.0,2012
0,23,6,14,4244,311446,1536332.0,2012
0,24,4,9,0,0,0.0,2012
0,25,7,13,0,117164,0.0,2012
0,26,12,55,18318,1150146,4916792.0,2012
0,1,4092,4222,79390,5170167,24201269.0,2012
0,2,2303,2303,3665,213633,1237138.0,2012
0,3,746,746,4901,224899,1056866.0,2012
0,4,326,326,3769,195071,842912.0,2012
0,5,166,166,2748,143283,675950.0,2012
0,6,3541,3541,15083,776886,3812866.0,2012
0,7,103,104,2194,128786,590207.0,2012
0,8,62,62,1622,96115,415590.0,2012
0,9,56,60,1803,98535,459656.0,2012
0,10,34,35,1221,68119,279282.0,2012
0,11,54,55,2311,137617,564127.0,2012
0,12,66,68,3725,244164,1168853.0,2012
0,13,44,46,3588,210307,1063960.0,2012
0,14,25,30,2704,194157,951468.0,2012
0,15,20,35,3106,225062,1230718.0,2012
0,16,15,21,1957,148499,840869.0,2012
0,17,8,10,1570,111155,745698.0,2012
0,18,11,14,2266,195204,1008783.0,2012
0,19,4039,4081,43150,2634606,13132077.0,2012
0,20,11,20,2383,209008,1264026.0,2012
0,21,5,10,1981,143574,755367.0,2012
0,22,8,20,6898,536752,2175655.0,2012
0,23,6,14,4244,311446,1536332.0,2012
0,24,4,9,0,0,0.0,2012
0,25,7,13,0,117164,0.0,2012
0,26,12,55,18318,1150146,4916792.0,2012
0,1,4092,4222,79390,5170167,24201269.0,2012
0,2,2303,2303,3665,213633,1237138.0,2012
0,3,746,746,4901,224899,1056866.0,2012
0,4,326,326,3769,195071,842912.0,2012
0,5,166,166,2748,143283,675950.0,2012
0,6,3541,3541,15083,776886,3812866.0,2012
0,7,103,104,2194,128786,590207.0,2012
0,8,62,62,1622,96115,415590.0,2012
0,9,56,60,1803,98535,459656.0,2012
0,10,34,35,1221,68119,279282.0,2012
0,11,54,55,2311,137617,564127.0,2012
0,12,66,68,3725,244164,1168853.0,2012
0,13,44,46,3588,210307,1063960.0,2012
0,14,25,30,2704,194157,951468.0,2012
0,15,20,35,3106,225062,1230718.0,2012
0,16,15,21,1957,148499,840869.0,2012
0,17,8,10,1570,111155,745698.0,2012
0,18,11,14,2266,195204,1008783.0,2012
0,19,4039,4081,43150,2634606,13132077.0,2012
0,20,11,20,2383,209008,1264026.0,2012
0,21,5,10,1981,143574,755367.0,2012
0,22,8,20,6898,536752,2175655.0,2012
0,23,6,14,4244,311446,1536332.0,2012
0,24,4,9,0,0,0.0,2012
0,25,7,13,0,117164,0.0,2012
0,26,12,55,18318,1150146,4916792.0,2012
0,1,415024,421717,3371161,164641824,605966974.0,2012
0,2,276566,276571,446165,16455699,84223497.0,2012
0,3,68222,68247,446500,16939026,63954568.0,2012
0,4,25640,25669,299924,12806873,45754776.0,2012
0,5,12809,12867,214398,9885467,34644675.0,2012
0,6,383237,383354,1406987,56087065,228577516.0,2012
0,7,7628,7686,165663,7900154,27576668.0,2012
0,8,5104,5170,136656,6705020,23390988.0,2012
0,9,3497,3572,110678,5485848,18830591.0,2012
0,10,2528,2591,92486,4766269,16326999.0,2012
0,11,3418,3553,149025,7773726,27657023.0,2012
0,12,4176,4550,246772,13160684,46048235.0,2012
0,13,1788,2141,148957,8151934,29293323.0,2012
0,14,1541,2023,177080,9915667,34907478.0,2012
0,15,667,985,103882,5942103,20413068.0,2012
0,16,557,1009,117734,6793440,22650884.0,2012
0,17,249,543,69790,4171802,13893420.0,2012
0,18,131,339,43211,2507053,8887429.0,2012
0,19,414521,417516,2968921,139360765,518453622.0,2012
0,20,169,504,72130,4419429,15034901.0,2012
0,21,69,324,37741,2265644,7267917.0,2012
0,22,70,295,45476,2650850,8364997.0,2012
0,23,43,204,33671,2354392,7749824.0,2012
0,24,23,232,19317,1343566,4208481.0,2012
0,25,53,698,56169,3605531,11736934.0,2012
0,26,76,1944,137736,8641647,33150298.0,2012
0,1,85082,85801,657508,28408472,111574869.0,2012
0,2,55854,55854,87039,3342638,19296516.0,2012
0,3,14323,14330,93463,3227831,13109038.0,2012
0,4,5282,5287,61821,2388206,9156385.0,2012
0,5,2758,2773,46136,1919028,6962325.0,2012
0,6,78217,78244,288459,10877703,48524264.0,2012
0,7,1623,1635,35237,1511055,5396225.0,2012
0,8,1087,1096,29015,1302698,4761777.0,2012
0,9,769,781,24261,1087939,3837923.0,2012
0,10,554,564,20154,940433,3346564.0,2012
0,11,757,788,33115,1555910,5585986.0,2012
0,12,952,1013,55859,2641571,9592190.0,2012
0,13,371,430,30689,1477926,5353434.0,2012
0,14,335,402,37510,1867999,6768340.0,2012
0,15,145,209,23008,1094329,3924430.0,2012
0,16,110,195,21422,979508,3456268.0,2012
0,17,43,88,12006,584170,1931146.0,2012
0,18,23,43,6447,379433,1626130.0,2012
0,19,84986,85488,617182,26300674,104104677.0,2012
0,20,32,77,11115,536329,1933993.0,2012
0,21,9,46,2899,152909,565900.0,2012
0,22,13,30,7000,324541,1083538.0,2012
0,23,6,16,1194,49133,185253.0,2012
0,24,6,49,0,0,0.0,2012
0,25,18,66,12441,749162,2635822.0,2012
0,26,12,29,1475,87606,340030.0,2012
0,1,18895,19026,166696,7538877,30066710.0,2012
0,2,11710,11710,18154,845293,4255045.0,2012
0,3,3526,3527,23067,802571,3165519.0,2012
0,4,1311,1312,15273,595064,2296923.0,2012
0,5,691,691,11492,468996,1736183.0,2012
0,6,17238,17240,67986,2711924,11453670.0,2012
0,7,373,375,8035,345595,1271812.0,2012
0,8,274,275,7320,325133,1307660.0,2012
0,9,181,186,5729,251707,876724.0,2012
0,10,135,137,4978,234274,870808.0,2012
0,11,181,184,7960,363153,1480229.0,2012
0,12,217,225,12782,613850,2448662.0,2012
0,13,97,108,8115,393161,1467037.0,2012
0,14,80,91,9347,455895,1907658.0,2012
0,15,32,43,5284,249325,1097542.0,2012
0,16,35,38,6489,332859,1206567.0,2012
0,17,14,18,3944,253700,758593.0,2012
0,18,9,16,2639,154211,675640.0,2012
0,19,18866,18936,150608,6684787,26822602.0,2012
0,20,11,28,4613,246792,910838.0,2012
0,21,2,4,0,0,0.0,2012
0,22,4,5,3081,121467,402312.0,2012
0,23,1,1,0,0,0.0,2012
0,24,1,12,0,0,0.0,2012
0,25,7,35,0,0,0.0,2012
0,26,3,5,0,0,0.0,2012
0,1,18895,19026,166696,7538877,30066710.0,2012
0,2,11710,11710,18154,845293,4255045.0,2012
0,3,3526,3527,23067,802571,3165519.0,2012
0,4,1311,1312,15273,595064,2296923.0,2012
0,5,691,691,11492,468996,1736183.0,2012
0,6,17238,17240,67986,2711924,11453670.0,2012
0,7,373,375,8035,345595,1271812.0,2012
0,8,274,275,7320,325133,1307660.0,2012
0,9,181,186,5729,251707,876724.0,2012
0,10,135,137,4978,234274,870808.0,2012
0,11,181,184,7960,363153,1480229.0,2012
0,12,217,225,12782,613850,2448662.0,2012
0,13,97,108,8115,393161,1467037.0,2012
0,14,80,91,9347,455895,1907658.0,2012
0,15,32,43,5284,249325,1097542.0,2012
0,16,35,38,6489,332859,1206567.0,2012
0,17,14,18,3944,253700,758593.0,2012
0,18,9,16,2639,154211,675640.0,2012
0,19,18866,18936,150608,6684787,26822602.0,2012
0,20,11,28,4613,246792,910838.0,2012
0,21,2,4,0,0,0.0,2012
0,22,4,5,3081,121467,402312.0,2012
0,23,1,1,0,0,0.0,2012
0,24,1,12,0,0,0.0,2012
0,25,7,35,0,0,0.0,2012
0,26,3,5,0,0,0.0,2012
0,1,3279,3327,59563,3005656,9930140.0,2012
0,2,1318,1318,2224,120720,564079.0,2012
0,3,625,625,4191,176503,670708.0,2012
0,4,358,358,4216,188857,629195.0,2012
0,5,217,218,3693,181962,576223.0,2012
0,6,2518,2519,14324,668042,2440205.0,2012
0,7,141,141,3101,151588,489945.0,2012
0,8,105,105,2817,135183,431176.0,2012
0,9,76,76,2418,120254,398754.0,2012
0,10,57,57,2040,110175,331744.0,2012
0,11,94,94,4020,200441,625490.0,2012
0,12,117,118,6906,349434,1104175.0,2012
0,13,48,52,4020,195159,637813.0,2012
0,14,54,58,6205,328127,1047288.0,2012
0,15,20,23,3188,162507,507735.0,2012
0,16,20,24,2709,149744,490805.0,2012
0,17,5,7,1428,79564,193781.0,2012
0,18,3,3,0,0,0.0,2012
0,19,3258,3277,54002,2707176,8886284.0,2012
0,20,3,13,0,0,0.0,2012
0,21,2,2,0,0,0.0,2012
0,22,5,8,0,0,0.0,2012
0,23,2,10,0,0,0.0,2012
0,24,2,3,0,0,0.0,2012
0,25,2,2,0,0,0.0,2012
0,26,5,12,869,53369,196090.0,2012
0,1,3279,3327,59563,3005656,9930140.0,2012
0,2,1318,1318,2224,120720,564079.0,2012
0,3,625,625,4191,176503,670708.0,2012
0,4,358,358,4216,188857,629195.0,2012
0,5,217,218,3693,181962,576223.0,2012
0,6,2518,2519,14324,668042,2440205.0,2012
0,7,141,141,3101,151588,489945.0,2012
0,8,105,105,2817,135183,431176.0,2012
0,9,76,76,2418,120254,398754.0,2012
0,10,57,57,2040,110175,331744.0,2012
0,11,94,94,4020,200441,625490.0,2012
0,12,117,118,6906,349434,1104175.0,2012
0,13,48,52,4020,195159,637813.0,2012
0,14,54,58,6205,328127,1047288.0,2012
0,15,20,23,3188,162507,507735.0,2012
0,16,20,24,2709,149744,490805.0,2012
0,17,5,7,1428,79564,193781.0,2012
0,18,3,3,0,0,0.0,2012
0,19,3258,3277,54002,2707176,8886284.0,2012
0,20,3,13,0,0,0.0,2012
0,21,2,2,0,0,0.0,2012
0,22,5,8,0,0,0.0,2012
0,23,2,10,0,0,0.0,2012
0,24,2,3,0,0,0.0,2012
0,25,2,2,0,0,0.0,2012
0,26,5,12,869,53369,196090.0,2012
0,1,10056,10078,53150,1855957,8290979.0,2012
0,2,7641,7641,12066,403415,2527586.0,2012
0,3,1441,1442,9200,284545,1137943.0,2012
0,4,397,397,4650,163198,678668.0,2012
0,5,167,168,2794,103125,407660.0,2012
0,6,9646,9648,28710,954283,4751857.0,2012
0,7,98,98,2128,76099,258051.0,2012
0,8,64,67,1636,76285,341690.0,2012
0,9,41,41,1275,50943,197778.0,2012
0,10,31,31,1155,44231,153441.0,2012
0,11,35,35,1561,56428,224706.0,2012
0,12,54,56,3181,123476,537129.0,2012
0,13,16,17,1287,36931,138469.0,2012
0,14,33,36,3702,153235,642593.0,2012
0,15,14,17,2448,81086,288022.0,2012
0,16,9,10,1843,43282,252542.0,2012
0,17,3,3,0,0,0.0,2012
0,18,1,3,0,0,0.0,2012
0,19,10045,10062,50344,1734163,7892202.0,2012
0,20,3,3,1206,47411,154661.0,2012
0,22,2,2,0,0,0.0,2012
0,23,1,1,0,0,0.0,2012
0,25,3,8,0,0,0.0,2012
0,26,2,2,0,0,0.0,2012
0,1,10056,10078,53150,1855957,8290979.0,2012
0,2,7641,7641,12066,403415,2527586.0,2012
0,3,1441,1442,9200,284545,1137943.0,2012
0,4,397,397,4650,163198,678668.0,2012
0,5,167,168,2794,103125,407660.0,2012
0,6,9646,9648,28710,954283,4751857.0,2012
0,7,98,98,2128,76099,258051.0,2012
0,8,64,67,1636,76285,341690.0,2012
0,9,41,41,1275,50943,197778.0,2012
0,10,31,31,1155,44231,153441.0,2012
0,11,35,35,1561,56428,224706.0,2012
0,12,54,56,3181,123476,537129.0,2012
0,13,16,17,1287,36931,138469.0,2012
0,14,33,36,3702,153235,642593.0,2012
0,15,14,17,2448,81086,288022.0,2012
0,16,9,10,1843,43282,252542.0,2012
0,17,3,3,0,0,0.0,2012
0,18,1,3,0,0,0.0,2012
0,19,10045,10062,50344,1734163,7892202.0,2012
0,20,3,3,1206,47411,154661.0,2012
0,22,2,2,0,0,0.0,2012
0,23,1,1,0,0,0.0,2012
0,25,3,8,0,0,0.0,2012
0,26,2,2,0,0,0.0,2012
0,1,18237,18324,119500,4831634,16302127.0,2012
0,2,12751,12751,18908,689485,3355034.0,2012
0,3,2759,2760,17955,598457,2169682.0,2012
0,4,992,992,11566,414673,1350702.0,2012
0,5,481,482,8065,326069,1008680.0,2012
0,6,16983,16985,56494,2028684,7884098.0,2012
0,7,308,308,6720,287198,895398.0,2012
0,8,196,196,5271,229124,694719.0,2012
0,9,139,142,4360,178635,538602.0,2012
0,10,104,104,3715,157139,492152.0,2012
0,11,132,134,5817,279768,821912.0,2012
0,12,181,187,10614,472047,1398213.0,2012
0,13,63,66,5147,239634,792702.0,2012
0,14,50,54,5807,254414,711754.0,2012
0,15,30,41,4505,205181,610241.0,2012
0,16,22,35,4315,194790,558983.0,2012
0,17,8,10,2010,61123,202542.0,2012
0,18,5,6,666,35224,93311.0,2012
0,19,18221,18268,115441,4622961,15694627.0,2012
0,20,6,9,2078,93733,282428.0,2012
0,21,3,37,1414,85299,260817.0,2012
0,22,1,1,0,0,0.0,2012
0,25,3,3,286,16677,0.0,2012
0,26,3,6,0,0,0.0,2012
0,1,18237,18324,119500,4831634,16302127.0,2012
0,2,12751,12751,18908,689485,3355034.0,2012
0,3,2759,2760,17955,598457,2169682.0,2012
0,4,992,992,11566,414673,1350702.0,2012
0,5,481,482,8065,326069,1008680.0,2012
0,6,16983,16985,56494,2028684,7884098.0,2012
0,7,308,308,6720,287198,895398.0,2012
0,8,196,196,5271,229124,694719.0,2012
0,9,139,142,4360,178635,538602.0,2012
0,10,104,104,3715,157139,492152.0,2012
0,11,132,134,5817,279768,821912.0,2012
0,12,181,187,10614,472047,1398213.0,2012
0,13,63,66,5147,239634,792702.0,2012
0,14,50,54,5807,254414,711754.0,2012
0,15,30,41,4505,205181,610241.0,2012
0,16,22,35,4315,194790,558983.0,2012
0,17,8,10,2010,61123,202542.0,2012
0,18,5,6,666,35224,93311.0,2012
0,19,18221,18268,115441,4622961,15694627.0,2012
0,20,6,9,2078,93733,282428.0,2012
0,21,3,37,1414,85299,260817.0,2012
0,22,1,1,0,0,0.0,2012
0,25,3,3,286,16677,0.0,2012
0,26,3,6,0,0,0.0,2012
0,1,4879,4963,40859,1934302,7512219.0,2012
0,2,2647,2647,4948,170879,854558.0,2012
0,3,1139,1142,7461,295158,1086981.0,2012
0,4,408,410,4785,223106,785279.0,2012
0,5,216,217,3635,177325,661824.0,2012
0,6,4410,4416,20829,866468,3388642.0,2012
0,7,123,125,2649,126720,473196.0,2012
0,8,83,87,2174,110418,396854.0,2012
0,9,51,51,1583,84640,300467.0,2012
0,10,44,48,1573,83810,318725.0,2012
0,11,44,54,1856,94984,359410.0,2012
0,12,52,60,2859,151480,559241.0,2012
0,13,28,36,2238,131522,472038.0,2012
0,14,22,32,2365,128756,501104.0,2012
0,15,10,23,1264,53989,250463.0,2012
0,16,5,12,0,0,0.0,2012
0,17,3,11,651,52975,268844.0,2012
0,18,1,4,0,0,0.0,2012
0,19,4876,4959,40634,1921119,7454120.0,2012
0,20,1,1,0,0,0.0,2012
0,22,1,2,0,0,0.0,2012
0,23,1,1,0,0,0.0,2012
0,1,4879,4963,40859,1934302,7512219.0,2012
0,2,2647,2647,4948,170879,854558.0,2012
0,3,1139,1142,7461,295158,1086981.0,2012
0,4,408,410,4785,223106,785279.0,2012
0,5,216,217,3635,177325,661824.0,2012
0,6,4410,4416,20829,866468,3388642.0,2012
0,7,123,125,2649,126720,473196.0,2012
0,8,83,87,2174,110418,396854.0,2012
0,9,51,51,1583,84640,300467.0,2012
0,10,44,48,1573,83810,318725.0,2012
0,11,44,54,1856,94984,359410.0,2012
0,12,52,60,2859,151480,559241.0,2012
0,13,28,36,2238,131522,472038.0,2012
0,14,22,32,2365,128756,501104.0,2012
0,15,10,23,1264,53989,250463.0,2012
0,16,5,12,0,0,0.0,2012
0,17,3,11,651,52975,268844.0,2012
0,18,1,4,0,0,0.0,2012
0,19,4876,4959,40634,1921119,7454120.0,2012
0,20,1,1,0,0,0.0,2012
0,22,1,2,0,0,0.0,2012
0,23,1,1,0,0,0.0,2012
0,1,17265,17491,146220,6116294,27294945.0,2012
0,2,10681,10681,16493,639123,4964952.0,2012
0,3,2991,2991,19692,667600,3210036.0,2012
0,4,1222,1223,14360,533210,2377960.0,2012
0,5,711,713,11913,467011,1849416.0,2012
0,6,15605,15608,62458,2306944,12402364.0,2012
0,7,404,410,8774,355395,1402712.0,2012
0,8,257,257,6932,299535,1161215.0,2012
0,9,195,198,6185,280401,1068607.0,2012
0,10,130,131,4693,201534,825288.0,2012
0,11,202,214,8811,395576,1496749.0,2012
0,12,247,265,14435,659185,2682425.0,2012
0,13,93,114,7571,355042,1413758.0,2012
0,14,72,101,7966,428848,1513086.0,2012
0,15,24,44,3832,189967,757102.0,2012
0,16,13,54,3060,121082,470266.0,2012
0,17,8,22,0,77393,0.0,2012
0,18,4,7,1284,68942,330528.0,2012
0,19,17254,17425,137708,5739844,25821788.0,2012
0,20,5,20,1937,83262,392839.0,2012
0,21,1,1,0,0,0.0,2012
0,22,1,12,0,0,0.0,2012
0,24,3,32,0,0,0.0,2012
0,25,1,1,0,0,0.0,2012
0,1,17265,17491,146220,6116294,27294945.0,2012
0,2,10681,10681,16493,639123,4964952.0,2012
0,3,2991,2991,19692,667600,3210036.0,2012
0,4,1222,1223,14360,533210,2377960.0,2012
0,5,711,713,11913,467011,1849416.0,2012
0,6,15605,15608,62458,2306944,12402364.0,2012
0,7,404,410,8774,355395,1402712.0,2012
0,8,257,257,6932,299535,1161215.0,2012
0,9,195,198,6185,280401,1068607.0,2012
0,10,130,131,4693,201534,825288.0,2012
0,11,202,214,8811,395576,1496749.0,2012
0,12,247,265,14435,659185,2682425.0,2012
0,13,93,114,7571,355042,1413758.0,2012
0,14,72,101,7966,428848,1513086.0,2012
0,15,24,44,3832,189967,757102.0,2012
0,16,13,54,3060,121082,470266.0,2012
0,17,8,22,0,77393,0.0,2012
0,18,4,7,1284,68942,330528.0,2012
0,19,17254,17425,137708,5739844,25821788.0,2012
0,20,5,20,1937,83262,392839.0,2012
0,21,1,1,0,0,0.0,2012
0,22,1,12,0,0,0.0,2012
0,24,3,32,0,0,0.0,2012
0,25,1,1,0,0,0.0,2012
0,1,7394,7437,31202,1127544,5238828.0,2012
0,2,5745,5745,8923,274777,1793062.0,2012
0,3,988,988,6404,204054,935577.0,2012
0,4,284,284,3304,119463,494470.0,2012
0,5,125,126,2067,78250,340009.0,2012
0,6,7142,7143,20698,676544,3563118.0,2012
0,7,78,79,1672,68348,288023.0,2012
0,8,41,42,1119,46331,167065.0,2012
0,9,27,27,861,36386,137761.0,2012
0,10,19,20,699,39388,149951.0,2012
0,11,24,24,1097,49671,174980.0,2012
0,12,29,37,1665,70951,228213.0,2012
0,13,11,16,903,44742,160318.0,2012
0,14,8,12,593,28327,112786.0,2012
0,15,3,3,0,0,0.0,2012
0,16,4,11,0,0,0.0,2012
0,17,3,16,895,26179,112852.0,2012
0,19,7389,7430,31034,1120458,5204903.0,2012
0,20,2,2,0,0,0.0,2012
0,23,1,1,0,0,0.0,2012
0,24,1,2,0,0,0.0,2012
0,26,1,2,0,0,0.0,2012
0,1,7394,7437,31202,1127544,5238828.0,2012
0,2,5745,5745,8923,274777,1793062.0,2012
0,3,988,988,6404,204054,935577.0,2012
0,4,284,284,3304,119463,494470.0,2012
0,5,125,126,2067,78250,340009.0,2012
0,6,7142,7143,20698,676544,3563118.0,2012
0,7,78,79,1672,68348,288023.0,2012
0,8,41,42,1119,46331,167065.0,2012
0,9,27,27,861,36386,137761.0,2012
0,10,19,20,699,39388,149951.0,2012
0,11,24,24,1097,49671,174980.0,2012
0,12,29,37,1665,70951,228213.0,2012
0,13,11,16,903,44742,160318.0,2012
0,14,8,12,593,28327,112786.0,2012
0,15,3,3,0,0,0.0,2012
0,16,4,11,0,0,0.0,2012
0,17,3,16,895,26179,112852.0,2012
0,19,7389,7430,31034,1120458,5204903.0,2012
0,20,2,2,0,0,0.0,2012
0,23,1,1,0,0,0.0,2012
0,24,1,2,0,0,0.0,2012
0,26,1,2,0,0,0.0,2012
0,1,5122,5155,40318,1998208,6938921.0,2012
0,2,3361,3361,5323,198946,982200.0,2012
0,3,855,855,5493,198943,732592.0,2012
0,4,311,311,3667,150635,543188.0,2012
0,5,151,158,2477,116290,382330.0,2012
0,6,4678,4685,16960,664814,2640310.0,2012
0,7,99,99,2158,100112,317088.0,2012
0,8,67,67,1746,80689,261398.0,2012
0,9,60,60,1850,84973,319230.0,2012
0,10,36,36,1301,69882,204455.0,2012
0,11,46,49,1993,115889,402510.0,2012
0,12,59,65,3417,201148,634132.0,2012
0,13,19,21,1408,81735,271299.0,2012
0,14,17,18,1525,90397,332071.0,2012
0,15,15,15,2223,137815,376526.0,2012
0,16,11,11,1899,90607,308698.0,2012
0,17,1,1,0,0,0.0,2012
0,18,2,4,0,0,0.0,2012
0,19,5110,5131,37411,1770166,6328151.0,2012
0,20,1,1,0,0,0.0,2012
0,21,2,2,0,0,0.0,2012
0,23,1,2,0,0,0.0,2012
0,25,6,17,2513,197912,537095.0,2012
0,26,2,2,0,0,0.0,2012
0,1,5122,5155,40318,1998208,6938921.0,2012
0,2,3361,3361,5323,198946,982200.0,2012
0,3,855,855,5493,198943,732592.0,2012
0,4,311,311,3667,150635,543188.0,2012
0,5,151,158,2477,116290,382330.0,2012
0,6,4678,4685,16960,664814,2640310.0,2012
0,7,99,99,2158,100112,317088.0,2012
0,8,67,67,1746,80689,261398.0,2012
0,9,60,60,1850,84973,319230.0,2012
0,10,36,36,1301,69882,204455.0,2012
0,11,46,49,1993,115889,402510.0,2012
0,12,59,65,3417,201148,634132.0,2012
0,13,19,21,1408,81735,271299.0,2012
0,14,17,18,1525,90397,332071.0,2012
0,15,15,15,2223,137815,376526.0,2012
0,16,11,11,1899,90607,308698.0,2012
0,17,1,1,0,0,0.0,2012
0,18,2,4,0,0,0.0,2012
0,19,5110,5131,37411,1770166,6328151.0,2012
0,20,1,1,0,0,0.0,2012
0,21,2,2,0,0,0.0,2012
0,23,1,2,0,0,0.0,2012
0,25,6,17,2513,197912,537095.0,2012
0,26,2,2,0,0,0.0,2012
0,1,165862,170002,1629581,88043182,304014454.0,2012
0,2,103833,103835,181560,6693726,30176939.0,2012
0,3,29840,29846,195990,7972296,27692177.0,2012
0,4,11717,11727,137065,6318903,21024693.0,2012
0,5,5642,5661,94562,4716455,15613227.0,2012
0,6,151032,151069,609177,25701380,94507036.0,2012
0,7,3486,3508,75899,3926643,12808752.0,2012
0,8,2292,2315,61402,3275011,10757631.0,2012
0,9,1592,1629,50512,2725797,8896778.0,2012
0,10,1174,1191,42970,2394267,7953289.0,2012
0,11,1562,1631,68181,3864848,13077883.0,2012
0,12,1963,2163,116554,6775433,22527862.0,2012
0,13,868,1037,72932,4330556,14791721.0,2012
0,14,754,1031,87959,5393261,17987518.0,2012
0,15,332,490,51549,3267898,10554384.0,2012
0,16,287,528,63933,4149600,13239876.0,2012
0,17,146,313,42204,2687239,8421030.0,2012
0,18,67,196,22795,1358703,4466180.0,2012
0,19,165555,167101,1366067,69850636,239989940.0,2012
0,20,98,249,42044,2799805,9377454.0,2012
0,21,45,196,26767,1667437,5410503.0,2012
0,22,42,141,26251,1720134,5683558.0,2012
0,23,33,175,28554,2049755,6920375.0,2012
0,24,11,31,9354,778778,2075020.0,2012
0,25,28,532,37012,2498714,7966571.0,2012
0,26,50,1577,93532,6677923,26591033.0,2012
0,1,68636,70215,682659,37261693,128680954.0,2012
0,2,43825,43826,75574,2798597,12111690.0,2012
0,3,11831,11833,77441,3213953,10875372.0,2012
0,4,4489,4492,52276,2448595,8013430.0,2012
0,5,2219,2225,37300,1883295,6099011.0,2012
0,6,62364,62376,242591,10344440,37099503.0,2012
0,7,1400,1415,30540,1583859,5109101.0,2012
0,8,918,930,24612,1330830,4308423.0,2012
0,9,632,644,20043,1103964,3521342.0,2012
0,10,515,520,18835,1051446,3384014.0,2012
0,11,677,702,29524,1679899,5401054.0,2012
0,12,842,920,50370,2927458,9601265.0,2012
0,13,379,454,31660,1887422,6579055.0,2012
0,14,319,430,37252,2221870,7230364.0,2012
0,15,166,244,25514,1599421,4892278.0,2012
0,16,151,281,33301,2119447,6722764.0,2012
0,17,80,171,21777,1406822,4323580.0,2012
0,18,36,80,12357,727626,2486644.0,2012
0,19,68479,69167,578376,29984504,100659387.0,2012
0,20,45,140,19195,1278638,4320905.0,2012
0,21,22,63,10390,673762,2065449.0,2012
0,22,19,57,10781,724733,2437555.0,2012
0,23,19,121,14895,1075362,3352149.0,2012
0,24,6,14,0,0,0.0,2012
0,25,16,204,16902,1076488,3891479.0,2012
0,26,30,449,26662,2060367,10750294.0,2012
0,1,68636,70215,682659,37261693,128680954.0,2012
0,2,43825,43826,75574,2798597,12111690.0,2012
0,3,11831,11833,77441,3213953,10875372.0,2012
0,4,4489,4492,52276,2448595,8013430.0,2012
0,5,2219,2225,37300,1883295,6099011.0,2012
0,6,62364,62376,242591,10344440,37099503.0,2012
0,7,1400,1415,30540,1583859,5109101.0,2012
0,8,918,930,24612,1330830,4308423.0,2012
0,9,632,644,20043,1103964,3521342.0,2012
0,10,515,520,18835,1051446,3384014.0,2012
0,11,677,702,29524,1679899,5401054.0,2012
0,12,842,920,50370,2927458,9601265.0,2012
0,13,379,454,31660,1887422,6579055.0,2012
0,14,319,430,37252,2221870,7230364.0,2012
0,15,166,244,25514,1599421,4892278.0,2012
0,16,151,281,33301,2119447,6722764.0,2012
0,17,80,171,21777,1406822,4323580.0,2012
0,18,36,80,12357,727626,2486644.0,2012
0,19,68479,69167,578376,29984504,100659387.0,2012
0,20,45,140,19195,1278638,4320905.0,2012
0,21,22,63,10390,673762,2065449.0,2012
0,22,19,57,10781,724733,2437555.0,2012
0,23,19,121,14895,1075362,3352149.0,2012
0,24,6,14,0,0,0.0,2012
0,25,16,204,16902,1076488,3891479.0,2012
0,26,30,449,26662,2060367,10750294.0,2012
0,1,91490,93000,821579,43017559,151693725.0,2012
0,2,57086,57086,100795,3661870,16908111.0,2012
0,3,16912,16913,111167,4425496,15665848.0,2012
0,4,6674,6680,78173,3536146,11953539.0,2012
0,5,3140,3150,52465,2553727,8588468.0,2012
0,6,83812,83829,342600,14177239,53115966.0,2012
0,7,1916,1922,41668,2128933,7074374.0,2012
0,8,1230,1240,32940,1735894,5819776.0,2012
0,9,867,890,27471,1449797,4875752.0,2012
0,10,590,600,21664,1202622,4120319.0,2012
0,11,787,827,34335,1933830,6789321.0,2012
0,12,968,1067,57191,3315585,11259778.0,2012
0,13,442,525,37030,2180426,7476905.0,2012
0,14,379,496,43954,2740428,9527284.0,2012
0,15,145,211,22507,1437445,5060828.0,2012
0,16,123,202,26504,1744229,5757500.0,2012
0,17,58,109,17116,1099282,3637399.0,2012
0,18,27,63,7961,485127,1532066.0,2012
0,19,91344,91981,712941,35630837,126047268.0,2012
0,20,47,82,19175,1378716,4679151.0,2012
0,21,20,96,13679,832074,2909386.0,2012
0,22,23,79,14080,924151,3057205.0,2012
0,23,12,44,10268,747775,2901075.0,2012
0,24,6,8,3301,345408,717031.0,2012
0,25,11,60,4755,321966,886524.0,2012
0,26,27,650,43380,2836632,10496085.0,2012
0,1,91490,93000,821579,43017559,151693725.0,2012
0,2,57086,57086,100795,3661870,16908111.0,2012
0,3,16912,16913,111167,4425496,15665848.0,2012
0,4,6674,6680,78173,3536146,11953539.0,2012
0,5,3140,3150,52465,2553727,8588468.0,2012
0,6,83812,83829,342600,14177239,53115966.0,2012
0,7,1916,1922,41668,2128933,7074374.0,2012
0,8,1230,1240,32940,1735894,5819776.0,2012
0,9,867,890,27471,1449797,4875752.0,2012
0,10,590,600,21664,1202622,4120319.0,2012
0,11,787,827,34335,1933830,6789321.0,2012
0,12,968,1067,57191,3315585,11259778.0,2012
0,13,442,525,37030,2180426,7476905.0,2012
0,14,379,496,43954,2740428,9527284.0,2012
0,15,145,211,22507,1437445,5060828.0,2012
0,16,123,202,26504,1744229,5757500.0,2012
0,17,58,109,17116,1099282,3637399.0,2012
0,18,27,63,7961,485127,1532066.0,2012
0,19,91344,91981,712941,35630837,126047268.0,2012
0,20,47,82,19175,1378716,4679151.0,2012
0,21,20,96,13679,832074,2909386.0,2012
0,22,23,79,14080,924151,3057205.0,2012
0,23,12,44,10268,747775,2901075.0,2012
0,24,6,8,3301,345408,717031.0,2012
0,25,11,60,4755,321966,886524.0,2012
0,26,27,650,43380,2836632,10496085.0,2012
0,1,5826,6787,125343,7763930,23639775.0,2012
0,2,2922,2923,5191,233259,1157138.0,2012
0,3,1097,1100,7382,332847,1150957.0,2012
0,4,554,555,6616,334162,1057724.0,2012
0,5,283,286,4797,279433,925748.0,2012
0,6,4856,4864,23986,1179701,4291567.0,2012
0,7,170,171,3691,213851,625277.0,2012
0,8,145,145,3850,208287,629432.0,2012
0,9,94,95,2998,172036,499684.0,2012
0,10,71,71,2471,140199,448956.0,2012
0,11,100,102,4322,251119,887508.0,2012
0,12,155,176,8993,532390,1666819.0,2012
0,13,50,58,4242,262708,735761.0,2012
0,14,63,105,6753,430963,1229870.0,2012
0,15,24,35,3528,231032,601278.0,2012
0,16,22,45,4128,285924,759612.0,2012
0,17,16,33,3311,181135,460051.0,2012
0,18,9,53,2477,145950,447470.0,2012
0,19,5775,5953,74750,4235295,13283285.0,2012
0,20,9,27,3674,142451,377398.0,2012
0,21,7,37,2698,161601,435668.0,2012
0,22,4,5,0,0,0.0,2012
0,23,5,10,0,0,0.0,2012
0,24,3,9,595,45531,154253.0,2012
0,25,9,268,0,0,0.0,2012
0,26,14,478,23490,1780924,5344654.0,2012
0,1,5826,6787,125343,7763930,23639775.0,2012
0,2,2922,2923,5191,233259,1157138.0,2012
0,3,1097,1100,7382,332847,1150957.0,2012
0,4,554,555,6616,334162,1057724.0,2012
0,5,283,286,4797,279433,925748.0,2012
0,6,4856,4864,23986,1179701,4291567.0,2012
0,7,170,171,3691,213851,625277.0,2012
0,8,145,145,3850,208287,629432.0,2012
0,9,94,95,2998,172036,499684.0,2012
0,10,71,71,2471,140199,448956.0,2012
0,11,100,102,4322,251119,887508.0,2012
0,12,155,176,8993,532390,1666819.0,2012
0,13,50,58,4242,262708,735761.0,2012
0,14,63,105,6753,430963,1229870.0,2012
0,15,24,35,3528,231032,601278.0,2012
0,16,22,45,4128,285924,759612.0,2012
0,17,16,33,3311,181135,460051.0,2012
0,18,9,53,2477,145950,447470.0,2012
0,19,5775,5953,74750,4235295,13283285.0,2012
0,20,9,27,3674,142451,377398.0,2012
0,21,7,37,2698,161601,435668.0,2012
0,22,4,5,0,0,0.0,2012
0,23,5,10,0,0,0.0,2012
0,24,3,9,595,45531,154253.0,2012
0,25,9,268,0,0,0.0,2012
0,26,14,478,23490,1780924,5344654.0,2012
0,1,101727,102700,608945,24577735,88148669.0,2012
0,2,74847,74850,114639,3601552,18962068.0,2012
0,3,14093,14099,91939,3104885,11696044.0,2012
0,4,4822,4826,56284,2102240,7239214.0,2012
0,5,2410,2417,40256,1624806,5456669.0,2012
0,6,96172,96192,303118,10433483,43353995.0,2012
0,7,1377,1388,29761,1242652,4331683.0,2012
0,8,971,992,25947,1131932,3769936.0,2012
0,9,622,636,19746,840198,2731078.0,2012
0,10,432,448,15892,728210,2259717.0,2012
0,11,586,612,25593,1162465,3965870.0,2012
0,12,697,755,41033,1929132,6256395.0,2012
0,13,302,383,24749,1159059,3764416.0,2012
0,14,235,299,26056,1266677,3906852.0,2012
0,15,110,151,16206,812119,2392080.0,2012
0,16,95,169,17721,868837,2629747.0,2012
0,17,40,90,9247,488147,1821023.0,2012
0,18,20,30,6762,305994,873362.0,2012
0,19,101659,102145,561831,22368905,82056154.0,2012
0,20,24,103,9616,535113,1603944.0,2012
0,21,12,57,4154,219222,664841.0,2012
0,22,14,61,6862,365225,798617.0,2012
0,23,2,2,0,0,0.0,2012
0,24,3,95,0,0,0.0,2012
0,25,4,9,0,0,0.0,2012
0,26,9,228,23485,945634,2575176.0,2012
0,1,16613,17138,183884,7933651,26198064.0,2012
0,2,10382,10383,16834,563431,3184238.0,2012
0,3,2757,2759,18231,611338,2312875.0,2012
0,4,1062,1062,12506,475055,1719302.0,2012
0,5,648,649,10896,423823,1473889.0,2012
0,6,14849,14853,58467,2073647,8690304.0,2012
0,7,376,378,8097,321758,1076946.0,2012
0,8,253,264,6827,276699,910199.0,2012
0,9,187,193,6053,243702,818365.0,2012
0,10,117,119,4189,192728,530601.0,2012
0,11,180,185,7996,357998,1132478.0,2012
0,12,267,276,16213,746528,2345444.0,2012
0,13,125,141,10694,478825,1502190.0,2012
0,14,101,114,11863,583663,1662064.0,2012
0,15,50,63,8412,434356,1079521.0,2012
0,16,44,53,9522,456748,1466141.0,2012
0,17,22,40,6278,290053,827453.0,2012
0,18,10,17,4435,209249,635404.0,2012
0,19,16581,16696,159046,6665954,22677110.0,2012
0,20,16,82,7330,409508,1114052.0,2012
0,21,4,34,2476,119669,348867.0,2012
0,22,6,44,4659,214003,547275.0,2012
0,24,3,90,0,0,0.0,2012
0,26,3,192,0,0,0.0,2012
0,1,16613,17138,183884,7933651,26198064.0,2012
0,2,10382,10383,16834,563431,3184238.0,2012
0,3,2757,2759,18231,611338,2312875.0,2012
0,4,1062,1062,12506,475055,1719302.0,2012
0,5,648,649,10896,423823,1473889.0,2012
0,6,14849,14853,58467,2073647,8690304.0,2012
0,7,376,378,8097,321758,1076946.0,2012
0,8,253,264,6827,276699,910199.0,2012
0,9,187,193,6053,243702,818365.0,2012
0,10,117,119,4189,192728,530601.0,2012
0,11,180,185,7996,357998,1132478.0,2012
0,12,267,276,16213,746528,2345444.0,2012
0,13,125,141,10694,478825,1502190.0,2012
0,14,101,114,11863,583663,1662064.0,2012
0,15,50,63,8412,434356,1079521.0,2012
0,16,44,53,9522,456748,1466141.0,2012
0,17,22,40,6278,290053,827453.0,2012
0,18,10,17,4435,209249,635404.0,2012
0,19,16581,16696,159046,6665954,22677110.0,2012
0,20,16,82,7330,409508,1114052.0,2012
0,21,4,34,2476,119669,348867.0,2012
0,22,6,44,4659,214003,547275.0,2012
0,24,3,90,0,0,0.0,2012
0,26,3,192,0,0,0.0,2012
0,1,31317,31376,163073,6202613,18780950.0,2012
0,2,23933,23933,35637,1136561,5038301.0,2012
0,3,4070,4072,26383,851710,2607805.0,2012
0,4,1321,1322,15439,535577,1468359.0,2012
0,5,629,630,10525,406254,1075703.0,2012
0,6,29953,29957,87984,2930102,10190168.0,2012
0,7,322,323,7051,288288,843842.0,2012
0,8,288,290,7728,324895,865388.0,2012
0,9,156,156,4998,215560,550260.0,2012
0,10,124,124,4551,211400,598664.0,2012
0,11,158,165,6905,308118,870735.0,2012
0,12,158,162,9373,444318,1204173.0,2012
0,13,62,66,5274,266754,741153.0,2012
0,14,48,55,5354,228850,617809.0,2012
0,15,19,23,2810,141380,397744.0,2012
0,16,16,33,3098,140829,360062.0,2012
0,17,3,6,0,0,0.0,2012
0,18,1,1,0,0,0.0,2012
0,19,31308,31361,146125,5573458,17433316.0,2012
0,20,1,1,0,0,0.0,2012
0,21,1,1,0,0,0.0,2012
0,22,3,6,0,0,0.0,2012
0,23,1,1,0,0,0.0,2012
0,25,1,1,0,0,0.0,2012
0,26,2,5,0,0,0.0,2012
0,1,31317,31376,163073,6202613,18780950.0,2012
0,2,23933,23933,35637,1136561,5038301.0,2012
0,3,4070,4072,26383,851710,2607805.0,2012
0,4,1321,1322,15439,535577,1468359.0,2012
0,5,629,630,10525,406254,1075703.0,2012
0,6,29953,29957,87984,2930102,10190168.0,2012
0,7,322,323,7051,288288,843842.0,2012
0,8,288,290,7728,324895,865388.0,2012
0,9,156,156,4998,215560,550260.0,2012
0,10,124,124,4551,211400,598664.0,2012
0,11,158,165,6905,308118,870735.0,2012
0,12,158,162,9373,444318,1204173.0,2012
0,13,62,66,5274,266754,741153.0,2012
0,14,48,55,5354,228850,617809.0,2012
0,15,19,23,2810,141380,397744.0,2012
0,16,16,33,3098,140829,360062.0,2012
0,17,3,6,0,0,0.0,2012
0,18,1,1,0,0,0.0,2012
0,19,31308,31361,146125,5573458,17433316.0,2012
0,20,1,1,0,0,0.0,2012
0,21,1,1,0,0,0.0,2012
0,22,3,6,0,0,0.0,2012
0,23,1,1,0,0,0.0,2012
0,25,1,1,0,0,0.0,2012
0,26,2,5,0,0,0.0,2012
0,1,13428,13567,58645,2292665,10972807.0,2012
0,2,10466,10467,16204,462056,2885800.0,2012
0,3,1709,1709,11062,377577,1741038.0,2012
0,4,490,491,5708,225335,951547.0,2012
0,5,253,255,4208,187242,796270.0,2012
0,6,12918,12922,37182,1252210,6374655.0,2012
0,7,142,145,3022,131582,594877.0,2012
0,8,97,104,2581,118962,443996.0,2012
0,9,60,61,1922,88225,341043.0,2012
0,10,38,44,1396,67434,281841.0,2012
0,11,50,53,2185,104489,423188.0,2012
0,12,61,68,3437,174596,735663.0,2012
0,13,21,70,1699,82394,405942.0,2012
0,14,18,24,1702,94243,421485.0,2012
0,15,3,12,452,24682,163685.0,2012
0,16,11,25,1004,55011,201628.0,2012
0,17,3,12,0,0,0.0,2012
0,18,2,2,0,0,0.0,2012
0,19,13424,13542,57818,2243586,10634909.0,2012
0,21,1,1,0,0,0.0,2012
0,23,1,1,0,0,0.0,2012
0,26,2,23,0,0,0.0,2012
0,1,13428,13567,58645,2292665,10972807.0,2012
0,2,10466,10467,16204,462056,2885800.0,2012
0,3,1709,1709,11062,377577,1741038.0,2012
0,4,490,491,5708,225335,951547.0,2012
0,5,253,255,4208,187242,796270.0,2012
0,6,12918,12922,37182,1252210,6374655.0,2012
0,7,142,145,3022,131582,594877.0,2012
0,8,97,104,2581,118962,443996.0,2012
0,9,60,61,1922,88225,341043.0,2012
0,10,38,44,1396,67434,281841.0,2012
0,11,50,53,2185,104489,423188.0,2012
0,12,61,68,3437,174596,735663.0,2012
0,13,21,70,1699,82394,405942.0,2012
0,14,18,24,1702,94243,421485.0,2012
0,15,3,12,452,24682,163685.0,2012
0,16,11,25,1004,55011,201628.0,2012
0,17,3,12,0,0,0.0,2012
0,18,2,2,0,0,0.0,2012
0,19,13424,13542,57818,2243586,10634909.0,2012
0,21,1,1,0,0,0.0,2012
0,23,1,1,0,0,0.0,2012
0,26,2,23,0,0,0.0,2012
0,1,8523,8543,41628,1590780,5880811.0,2012
0,2,6350,6350,9416,280104,1447869.0,2012
0,3,1125,1125,7421,255224,961019.0,2012
0,4,440,440,5044,185344,615381.0,2012
0,5,193,193,3238,129737,416306.0,2012
0,6,8108,8108,25119,850409,3440575.0,2012
0,7,123,123,2661,108008,351991.0,2012
0,8,72,73,1926,80670,286047.0,2012
0,9,46,46,1461,61285,223916.0,2012
0,10,44,49,1685,76250,240960.0,2012
0,11,43,44,1803,85265,290919.0,2012
0,12,41,41,2367,104262,346312.0,2012
0,13,21,22,1618,69832,222938.0,2012
0,14,18,26,2073,95064,288577.0,2012
0,15,1,1,0,0,0.0,2012
0,16,5,9,689,49268,152290.0,2012
0,17,1,1,0,0,0.0,2012
0,19,8523,8543,41628,1590780,5880811.0,2012
0,1,8523,8543,41628,1590780,5880811.0,2012
0,2,6350,6350,9416,280104,1447869.0,2012
0,3,1125,1125,7421,255224,961019.0,2012
0,4,440,440,5044,185344,615381.0,2012
0,5,193,193,3238,129737,416306.0,2012
0,6,8108,8108,25119,850409,3440575.0,2012
0,7,123,123,2661,108008,351991.0,2012
0,8,72,73,1926,80670,286047.0,2012
0,9,46,46,1461,61285,223916.0,2012
0,10,44,49,1685,76250,240960.0,2012
0,11,43,44,1803,85265,290919.0,2012
0,12,41,41,2367,104262,346312.0,2012
0,13,21,22,1618,69832,222938.0,2012
0,14,18,26,2073,95064,288577.0,2012
0,15,1,1,0,0,0.0,2012
0,16,5,9,689,49268,152290.0,2012
0,17,1,1,0,0,0.0,2012
0,19,8523,8543,41628,1590780,5880811.0,2012
0,1,25724,25845,106476,4230572,18799199.0,2012
0,2,20015,20015,30365,938349,5331792.0,2012
0,3,3342,3344,21725,763675,3138720.0,2012
0,4,1052,1054,12275,476579,1862243.0,2012
0,5,431,433,7107,305959,1199724.0,2012
0,6,24840,24846,71472,2484562,11532479.0,2012
0,7,264,268,5708,254877,1076077.0,2012
0,8,164,164,4371,220772,955520.0,2012
0,9,100,104,3036,131881,515442.0,2012
0,10,55,55,2045,95173,373599.0,2012
0,11,83,90,3620,169742,809256.0,2012
0,12,98,124,5451,253688,978493.0,2012
0,13,36,38,2481,121119,448382.0,2012
0,14,24,32,2223,123007,435625.0,2012
0,15,18,24,1652,89554,411957.0,2012
0,16,12,28,1520,83247,217591.0,2012
0,17,9,26,0,0,0.0,2012
0,18,3,3,59,2481,10738.0,2012
0,19,25706,25802,104624,4107936,18319244.0,2012
0,20,6,16,950,75499,303476.0,2012
0,21,3,9,366,20646,67892.0,2012
0,22,4,9,0,7547,28036.0,2012
0,24,1,2,0,0,0.0,2012
0,25,1,1,0,0,0.0,2012
0,26,3,6,0,0,0.0,2012
0,1,25724,25845,106476,4230572,18799199.0,2012
0,2,20015,20015,30365,938349,5331792.0,2012
0,3,3342,3344,21725,763675,3138720.0,2012
0,4,1052,1054,12275,476579,1862243.0,2012
0,5,431,433,7107,305959,1199724.0,2012
0,6,24840,24846,71472,2484562,11532479.0,2012
0,7,264,268,5708,254877,1076077.0,2012
0,8,164,164,4371,220772,955520.0,2012
0,9,100,104,3036,131881,515442.0,2012
0,10,55,55,2045,95173,373599.0,2012
0,11,83,90,3620,169742,809256.0,2012
0,12,98,124,5451,253688,978493.0,2012
0,13,36,38,2481,121119,448382.0,2012
0,14,24,32,2223,123007,435625.0,2012
0,15,18,24,1652,89554,411957.0,2012
0,16,12,28,1520,83247,217591.0,2012
0,17,9,26,0,0,0.0,2012
0,18,3,3,59,2481,10738.0,2012
0,19,25706,25802,104624,4107936,18319244.0,2012
0,20,6,16,950,75499,303476.0,2012
0,21,3,9,366,20646,67892.0,2012
0,22,4,9,0,7547,28036.0,2012
0,24,1,2,0,0,0.0,2012
0,25,1,1,0,0,0.0,2012
0,26,3,6,0,0,0.0,2012
0,1,6149,6231,55239,2327454,7516838.0,2012
0,2,3701,3702,6183,221051,1074068.0,2012
0,3,1090,1090,7117,245361,934587.0,2012
0,4,457,457,5312,204350,622382.0,2012
0,5,256,257,4282,171791,494777.0,2012
0,6,5504,5506,22894,842553,3125814.0,2012
0,7,150,151,3222,138139,387950.0,2012
0,8,97,97,2514,109934,308786.0,2012
0,9,73,76,2276,99545,282052.0,2012
0,10,55,57,2026,85225,234052.0,2012
0,11,72,75,3084,136853,439294.0,2012
0,12,73,84,4192,205740,646310.0,2012
0,13,37,46,2983,140135,443811.0,2012
0,14,27,48,2841,141850,481292.0,2012
0,15,21,28,2703,114820,311396.0,2012
0,16,14,21,1888,83734,232035.0,2012
0,17,5,5,0,0,0.0,2012
0,18,5,7,1418,59709,139042.0,2012
0,19,6133,6201,52590,2187191,7110764.0,2012
0,20,4,4,750,20398,54285.0,2012
0,21,5,12,0,0,0.0,2012
0,22,2,2,0,0,0.0,2012
0,24,1,3,0,0,0.0,2012
0,25,2,7,0,0,0.0,2012
0,26,2,2,0,0,0.0,2012
0,1,6149,6231,55239,2327454,7516838.0,2012
0,2,3701,3702,6183,221051,1074068.0,2012
0,3,1090,1090,7117,245361,934587.0,2012
0,4,457,457,5312,204350,622382.0,2012
0,5,256,257,4282,171791,494777.0,2012
0,6,5504,5506,22894,842553,3125814.0,2012
0,7,150,151,3222,138139,387950.0,2012
0,8,97,97,2514,109934,308786.0,2012
0,9,73,76,2276,99545,282052.0,2012
0,10,55,57,2026,85225,234052.0,2012
0,11,72,75,3084,136853,439294.0,2012
0,12,73,84,4192,205740,646310.0,2012
0,13,37,46,2983,140135,443811.0,2012
0,14,27,48,2841,141850,481292.0,2012
0,15,21,28,2703,114820,311396.0,2012
0,16,14,21,1888,83734,232035.0,2012
0,17,5,5,0,0,0.0,2012
0,18,5,7,1418,59709,139042.0,2012
0,19,6133,6201,52590,2187191,7110764.0,2012
0,20,4,4,750,20398,54285.0,2012
0,21,5,12,0,0,0.0,2012
0,22,2,2,0,0,0.0,2012
0,24,1,3,0,0,0.0,2012
0,25,2,7,0,0,0.0,2012
0,26,2,2,0,0,0.0,2012
0,1,62522,63214,475127,23612435,102228982.0,2012
0,2,42032,42032,62927,2817783,15787974.0,2012
0,3,9970,9972,65108,2634014,11457309.0,2012
0,4,3820,3829,44754,1997524,8334484.0,2012
0,5,2004,2016,33444,1625178,6612454.0,2012
0,6,57826,57849,206233,9074499,42192221.0,2012
0,7,1146,1155,24766,1219804,5040008.0,2012
0,8,758,767,20292,995379,4101644.0,2012
0,9,515,526,16159,831914,3364812.0,2012
0,10,370,388,13470,703359,2767429.0,2012
0,11,514,522,22136,1190503,5027284.0,2012
0,12,578,619,33326,1814548,7671788.0,2012
0,13,256,291,20587,1184393,5383752.0,2012
0,14,234,291,25555,1387730,6244768.0,2012
0,15,90,135,13119,767757,3542174.0,2012
0,16,76,117,14658,795495,3324993.0,2012
0,17,30,52,6333,412246,1720221.0,2012
0,18,26,70,7207,462923,1921757.0,2012
0,19,62419,62782,423841,20840550,92302851.0,2012
0,20,25,75,9355,548182,2119510.0,2012
0,21,10,25,3921,226076,0.0,2012
0,22,13,63,5363,240950,799284.0,2012
0,23,7,11,3806,250450,619274.0,2012
0,24,9,57,3225,235682,1041089.0,2012
0,25,13,91,0,0,0.0,2012
0,26,26,110,19244,930484,3644059.0,2012
0,1,33806,34142,281496,14489908,64469944.0,2012
0,2,21989,21989,34634,1478783,8178528.0,2012
0,3,5490,5490,35851,1489427,6465043.0,2012
0,4,2138,2141,25129,1187828,4908205.0,2012
0,5,1185,1188,19797,1014501,4207626.0,2012
0,6,30802,30808,115411,5170539,23759402.0,2012
0,7,680,684,14676,741286,3149375.0,2012
0,8,478,481,12842,652664,2756482.0,2012
0,9,300,307,9458,501269,2111727.0,2012
0,10,246,252,8903,484236,1939262.0,2012
0,11,347,352,15074,818499,3602595.0,2012
0,12,388,413,22373,1268297,5578067.0,2012
0,13,188,215,15120,897073,4100508.0,2012
0,14,157,178,17113,964621,4559102.0,2012
0,15,60,80,8796,528700,2497744.0,2012
0,16,53,57,10719,562922,2503511.0,2012
0,17,18,24,4071,252901,1011365.0,2012
0,18,17,49,5596,369691,1587215.0,2012
0,19,33734,33900,260152,13212698,59156355.0,2012
0,20,19,55,6812,413111,1549434.0,2012
0,21,5,8,2030,84909,201634.0,2012
0,22,9,56,3278,160677,636271.0,2012
0,23,5,6,0,0,0.0,2012
0,24,7,55,3175,231915,1027703.0,2012
0,25,8,13,1057,79894,394528.0,2012
0,26,19,49,4138,265369,1332294.0,2012
0,1,33806,34142,281496,14489908,64469944.0,2012
0,2,21989,21989,34634,1478783,8178528.0,2012
0,3,5490,5490,35851,1489427,6465043.0,2012
0,4,2138,2141,25129,1187828,4908205.0,2012
0,5,1185,1188,19797,1014501,4207626.0,2012
0,6,30802,30808,115411,5170539,23759402.0,2012
0,7,680,684,14676,741286,3149375.0,2012
0,8,478,481,12842,652664,2756482.0,2012
0,9,300,307,9458,501269,2111727.0,2012
0,10,246,252,8903,484236,1939262.0,2012
0,11,347,352,15074,818499,3602595.0,2012
0,12,388,413,22373,1268297,5578067.0,2012
0,13,188,215,15120,897073,4100508.0,2012
0,14,157,178,17113,964621,4559102.0,2012
0,15,60,80,8796,528700,2497744.0,2012
0,16,53,57,10719,562922,2503511.0,2012
0,17,18,24,4071,252901,1011365.0,2012
0,18,17,49,5596,369691,1587215.0,2012
0,19,33734,33900,260152,13212698,59156355.0,2012
0,20,19,55,6812,413111,1549434.0,2012
0,21,5,8,2030,84909,201634.0,2012
0,22,9,56,3278,160677,636271.0,2012
0,23,5,6,0,0,0.0,2012
0,24,7,55,3175,231915,1027703.0,2012
0,25,8,13,1057,79894,394528.0,2012
0,26,19,49,4138,265369,1332294.0,2012
0,1,28734,29072,193631,9122527,37759038.0,2012
0,2,20043,20043,28293,1339000,7609446.0,2012
0,3,4480,4482,29257,1144587,4992266.0,2012
0,4,1682,1688,19625,809696,3426279.0,2012
0,5,821,828,13647,610677,2404828.0,2012
0,6,27026,27041,90822,3903960,18432819.0,2012
0,7,466,471,10090,478518,1890633.0,2012
0,8,280,286,7450,342715,1345162.0,2012
0,9,216,219,6701,330645,1253085.0,2012
0,10,124,136,4567,219123,828167.0,2012
0,11,167,170,7062,372004,1424689.0,2012
0,12,190,206,10953,546251,2093721.0,2012
0,13,68,76,5467,287320,1283244.0,2012
0,14,80,113,8442,423109,1685666.0,2012
0,15,32,55,4323,239057,1044430.0,2012
0,16,23,60,3939,232573,821482.0,2012
0,17,12,28,0,0,0.0,2012
0,18,10,21,1611,93232,334542.0,2012
0,19,28694,28882,163689,7627852,33146496.0,2012
0,20,7,20,2543,135071,570076.0,2012
0,21,6,17,0,0,0.0,2012
0,22,5,7,2085,80273,163013.0,2012
0,23,3,5,0,209115,447549.0,2012
0,24,2,2,0,0,0.0,2012
0,25,7,78,0,0,0.0,2012
0,26,10,61,15106,665115,0.0,2012
0,1,28734,29072,193631,9122527,37759038.0,2012
0,2,20043,20043,28293,1339000,7609446.0,2012
0,3,4480,4482,29257,1144587,4992266.0,2012
0,4,1682,1688,19625,809696,3426279.0,2012
0,5,821,828,13647,610677,2404828.0,2012
0,6,27026,27041,90822,3903960,18432819.0,2012
0,7,466,471,10090,478518,1890633.0,2012
0,8,280,286,7450,342715,1345162.0,2012
0,9,216,219,6701,330645,1253085.0,2012
0,10,124,136,4567,219123,828167.0,2012
0,11,167,170,7062,372004,1424689.0,2012
0,12,190,206,10953,546251,2093721.0,2012
0,13,68,76,5467,287320,1283244.0,2012
0,14,80,113,8442,423109,1685666.0,2012
0,15,32,55,4323,239057,1044430.0,2012
0,16,23,60,3939,232573,821482.0,2012
0,17,12,28,0,0,0.0,2012
0,18,10,21,1611,93232,334542.0,2012
0,19,28694,28882,163689,7627852,33146496.0,2012
0,20,7,20,2543,135071,570076.0,2012
0,21,6,17,0,0,0.0,2012
0,22,5,7,2085,80273,163013.0,2012
0,23,3,5,0,209115,447549.0,2012
0,24,2,2,0,0,0.0,2012
0,25,7,78,0,0,0.0,2012
0,26,10,61,15106,665115,0.0,2012
0,1,256363,297221,11192043,598562299,5730233884.0,2012
0,2,106932,106993,199847,8311531,46408019.0,2012
0,3,47612,47694,317445,11373994,52345651.0,2012
0,4,23826,23985,279676,10874012,49132102.0,2012
0,5,14738,14929,246984,10217276,45814225.0,2012
0,6,193108,193601,1043952,40776813,193699997.0,2012
0,7,9900,10131,214571,9184472,41554926.0,2012
0,8,7257,7504,192783,8460724,39486137.0,2012
0,9,5537,5777,173278,7826023,36508516.0,2012
0,10,4409,4661,159528,7305740,38463754.0,2012
0,11,6529,7040,281591,12894652,69129151.0,2012
0,12,8958,10191,521848,24145731,127521211.0,2012
0,13,4853,6077,396111,18430603,101777482.0,2012
0,14,5140,7082,573093,27103855,169089814.0,2012
0,15,2491,4087,383711,18398789,113443365.0,2012
0,16,2531,4904,523520,25348467,173213913.0,2012
0,17,1281,2999,364409,18191571,126863210.0,2012
0,18,743,1873,258510,13424134,100457767.0,2012
0,19,252737,265927,5086905,231491574,1331209243.0,2012
0,20,1054,3711,487922,25348187,210087477.0,2012
0,21,544,2465,335640,17604899,141617964.0,2012
0,22,512,2990,430702,22715409,201804371.0,2012
0,23,333,2455,374303,20797387,213469917.0,2012
0,24,186,1746,244331,14265229,162162003.0,2012
0,25,466,4981,889097,50107099,541546686.0,2012
0,26,531,12946,3343143,216232515,2928336223.0,2012
0,1,21621,25798,1414237,54839831,742711541.0,2012
0,2,8271,8278,15486,426509,4176266.0,2012
0,3,4229,4242,28059,591759,5252269.0,2012
0,4,2194,2218,25696,590353,4822150.0,2012
0,5,1245,1272,20511,531085,4489863.0,2012
0,6,15939,16010,89752,2139706,18740548.0,2012
0,7,829,853,17599,489942,3807999.0,2012
0,8,558,581,14541,417647,3529003.0,2012
0,9,428,456,13181,395844,3521143.0,2012
0,10,321,349,11269,354875,3147257.0,2012
0,11,546,616,22784,751770,6822876.0,2012
0,12,737,843,41528,1540804,14837706.0,2012
0,13,430,533,34543,1290010,12948755.0,2012
0,14,479,628,50441,2007667,20494566.0,2012
0,15,242,372,34760,1385754,13576949.0,2012
0,16,293,460,55877,2441162,29779974.0,2012
0,17,181,382,50256,2025322,23461503.0,2012
0,18,96,192,32668,1379805,15799435.0,2012
0,19,21079,22275,469199,16620308,170467714.0,2012
0,20,142,359,62676,2818977,33395002.0,2012
0,21,82,231,49162,1962343,24459240.0,2012
0,22,75,328,60522,2509360,34243145.0,2012
0,23,58,258,60464,2648367,36112128.0,2012
0,24,17,63,13132,598434,10022285.0,2012
0,25,71,529,133754,5256671,76976899.0,2012
0,26,97,1755,565328,22425371,357035128.0,2012
0,1,1100,1690,44419,2173021,57305763.0,2012
0,2,332,333,637,31144,644623.0,2012
0,3,203,203,1386,47775,1038568.0,2012
0,4,112,112,1278,49259,877128.0,2012
0,5,68,70,1087,43597,900634.0,2012
0,6,715,718,4388,171775,3460953.0,2012
0,7,47,51,962,40882,692577.0,2012
0,8,33,38,859,31247,563202.0,2012
0,9,34,39,1106,44502,831929.0,2012
0,10,14,17,472,21526,462465.0,2012
0,11,32,43,1314,65017,1209288.0,2012
0,12,45,62,2166,89365,1670729.0,2012
0,13,18,34,1163,72188,1006513.0,2012
0,14,23,47,1471,62266,1452097.0,2012
0,15,29,66,2920,124087,2129226.0,2012
0,16,26,75,2720,152072,3708001.0,2012
0,17,10,33,0,0,0.0,2012
0,18,8,12,765,32114,865112.0,2012
0,19,1034,1235,21420,965350,20298788.0,2012
0,20,15,59,2210,99663,2016546.0,2012
0,21,6,11,0,99290,1012973.0,2012
0,22,6,25,851,36462,831201.0,2012
0,23,5,11,380,20659,0.0,2012
0,24,1,2,0,0,0.0,2012
0,25,11,30,2871,134808,3163165.0,2012
0,26,22,317,14564,813615,28256780.0,2012
0,1,1100,1690,44419,2173021,57305763.0,2012
0,2,332,333,637,31144,644623.0,2012
0,3,203,203,1386,47775,1038568.0,2012
0,4,112,112,1278,49259,877128.0,2012
0,5,68,70,1087,43597,900634.0,2012
0,6,715,718,4388,171775,3460953.0,2012
0,7,47,51,962,40882,692577.0,2012
0,8,33,38,859,31247,563202.0,2012
0,9,34,39,1106,44502,831929.0,2012
0,10,14,17,472,21526,462465.0,2012
0,11,32,43,1314,65017,1209288.0,2012
0,12,45,62,2166,89365,1670729.0,2012
0,13,18,34,1163,72188,1006513.0,2012
0,14,23,47,1471,62266,1452097.0,2012
0,15,29,66,2920,124087,2129226.0,2012
0,16,26,75,2720,152072,3708001.0,2012
0,17,10,33,0,0,0.0,2012
0,18,8,12,765,32114,865112.0,2012
0,19,1034,1235,21420,965350,20298788.0,2012
0,20,15,59,2210,99663,2016546.0,2012
0,21,6,11,0,99290,1012973.0,2012
0,22,6,25,851,36462,831201.0,2012
0,23,5,11,380,20659,0.0,2012
0,24,1,2,0,0,0.0,2012
0,25,11,30,2871,134808,3163165.0,2012
0,26,22,317,14564,813615,28256780.0,2012
0,1,230,297,17529,922784,21287617.0,2012
0,2,92,92,146,6888,130821.0,2012
0,3,34,34,235,7551,137122.0,2012
0,4,11,11,125,4454,101034.0,2012
0,5,8,8,135,4096,78280.0,2012
0,6,145,145,641,22989,447257.0,2012
0,7,8,8,175,7337,129985.0,2012
0,8,9,10,228,6140,97019.0,2012
0,9,6,6,192,7164,69410.0,2012
0,10,2,2,0,0,0.0,2012
0,11,5,6,197,10003,108432.0,2012
0,12,8,8,452,12514,211925.0,2012
0,13,1,1,0,0,0.0,2012
0,14,5,9,0,0,0.0,2012
0,15,10,14,1412,48699,681084.0,2012
0,16,7,13,1181,61277,1616197.0,2012
0,17,2,2,0,0,0.0,2012
0,18,3,3,118,5188,0.0,2012
0,19,211,227,5509,221631,4185253.0,2012
0,20,3,6,0,0,0.0,2012
0,21,3,8,0,93713,770562.0,2012
0,22,2,2,0,0,0.0,2012
0,25,3,7,0,0,0.0,2012
0,26,8,47,7484,478566,14419913.0,2012
0,1,878,1393,26890,1250237,36018146.0,2012
0,2,240,241,491,24256,513802.0,2012
0,3,169,169,1151,40224,901446.0,2012
0,4,101,101,1153,44805,776094.0,2012
0,5,60,62,952,39501,822354.0,2012
0,6,570,573,3747,148786,3013696.0,2012
0,7,39,43,787,33545,562592.0,2012
0,8,24,28,631,25107,466183.0,2012
0,9,28,33,914,37338,762519.0,2012
0,10,12,15,406,18497,350247.0,2012
0,11,27,37,1117,55014,1100856.0,2012
0,12,37,54,1714,76851,1458804.0,2012
0,13,17,33,1063,64475,958064.0,2012
0,14,18,38,1035,46137,1145551.0,2012
0,15,21,52,1508,75388,1448142.0,2012
0,16,19,62,1539,90795,2091804.0,2012
0,17,8,31,803,44860,2163316.0,2012
0,18,5,9,647,26926,591761.0,2012
0,19,825,1008,15911,743719,16113535.0,2012
0,20,13,53,1248,53704,1578553.0,2012
0,21,3,3,0,0,0.0,2012
0,22,5,23,654,25238,679578.0,2012
0,23,5,11,380,20659,0.0,2012
0,24,1,2,0,0,0.0,2012
0,25,9,23,1432,63117,1840892.0,2012
0,26,17,270,7080,335049,13836867.0,2012
0,1,450,814,54170,3094722,103912513.0,2012
0,2,132,132,280,14221,523911.0,2012
0,3,56,56,367,14366,389988.0,2012
0,4,29,29,325,12243,324692.0,2012
0,5,27,27,460,22601,417229.0,2012
0,6,244,244,1432,63431,1655820.0,2012
0,7,17,17,346,11768,206523.0,2012
0,8,10,11,246,10555,159653.0,2012
0,9,7,7,220,11551,350995.0,2012
0,10,8,9,262,10657,229882.0,2012
0,11,16,17,0,27432,396472.0,2012
0,12,26,36,1529,75510,1363082.0,2012
0,13,14,21,1099,66644,1822334.0,2012
0,14,18,29,1882,91893,2422848.0,2012
0,15,11,18,1356,57960,1682511.0,2012
0,16,14,27,2170,128053,3291630.0,2012
0,17,11,37,2386,150841,2647559.0,2012
0,18,4,9,997,44545,2053498.0,2012
0,19,400,482,14488,750840,18282807.0,2012
0,20,6,19,1480,85601,1898349.0,2012
0,21,4,7,0,0,0.0,2012
0,22,6,17,1088,60755,0.0,2012
0,23,3,14,3048,204100,3451799.0,2012
0,24,3,15,0,0,0.0,2012
0,25,10,43,0,344195,0.0,2012
0,26,18,217,23252,1445251,56111769.0,2012
0,1,229,402,15756,815478,20625979.0,2012
0,2,64,64,138,9067,231441.0,2012
0,3,26,26,169,5210,135386.0,2012
0,4,15,15,170,6676,126720.0,2012
0,5,13,13,225,13645,125011.0,2012
0,6,118,118,702,34598,618558.0,2012
0,7,9,9,177,5488,65121.0,2012
0,8,4,5,119,4256,0.0,2012
0,9,4,4,126,5944,81228.0,2012
0,10,7,8,240,9523,122714.0,2012
0,11,8,8,318,15601,210838.0,2012
0,12,14,20,0,0,0.0,2012
0,13,6,10,384,23699,850659.0,2012
0,14,12,20,1188,56041,1373843.0,2012
0,15,7,13,805,29322,565283.0,2012
0,16,10,20,1254,74359,1435138.0,2012
0,17,7,29,1645,107439,2075526.0,2012
0,19,206,264,7768,401804,8069634.0,2012
0,20,4,16,0,0,0.0,2012
0,21,2,2,0,0,0.0,2012
0,22,3,4,214,10434,146039.0,2012
0,23,1,3,0,0,0.0,2012
0,24,1,1,0,0,0.0,2012
0,25,2,6,0,0,0.0,2012
0,26,10,106,5387,292121,9904326.0,2012
0,1,165,302,10953,572176,15457281.0,2012
0,2,49,49,102,6712,187124.0,2012
0,3,22,22,146,4498,124109.0,2012
0,4,10,10,109,4015,78347.0,2012
0,5,8,8,133,7894,81026.0,2012
0,6,89,89,490,23119,470606.0,2012
0,7,6,6,113,3796,33014.0,2012
0,8,4,5,119,4256,0.0,2012
0,9,4,4,126,5944,81228.0,2012
0,10,4,4,152,6401,85893.0,2012
0,11,5,5,196,9478,113677.0,2012
0,12,10,16,0,0,0.0,2012
0,13,5,9,311,20070,753542.0,2012
0,14,6,8,0,26764,0.0,2012
0,15,4,6,393,10992,243539.0,2012
0,16,6,15,0,0,0.0,2012
0,17,6,23,1340,85506,1758673.0,2012
0,19,149,190,5033,255711,5384545.0,2012
0,20,2,4,0,0,0.0,2012
0,21,1,1,0,0,0.0,2012
0,22,3,4,214,10434,146039.0,2012
0,25,2,5,0,0,0.0,2012
0,26,8,98,4916,265909,8950370.0,2012
0,1,50,68,3631,170800,3732112.0,2012
0,2,8,8,24,1997,36855.0,2012
0,3,4,4,0,712,11277.0,2012
0,4,5,5,0,2661,48373.0,2012
0,5,4,4,0,4727,31091.0,2012
0,6,21,21,180,10097,127596.0,2012
0,7,2,2,0,0,0.0,2012
0,10,2,3,0,0,0.0,2012
0,11,2,2,0,0,0.0,2012
0,12,4,4,0,0,0.0,2012
0,13,1,1,0,0,0.0,2012
0,14,5,7,492,22235,643572.0,2012
0,15,1,3,0,0,0.0,2012
0,16,3,4,498,27325,0.0,2012
0,19,41,47,1771,86484,1654873.0,2012
0,20,2,12,0,0,0.0,2012
0,21,1,1,0,0,0.0,2012
0,23,1,3,0,0,0.0,2012
0,24,1,1,0,0,0.0,2012
0,25,1,1,0,0,0.0,2012
0,26,3,3,263,13319,547586.0,2012
0,1,19,32,1172,72502,1436586.0,2012
0,2,7,7,0,358,7462.0,2012
0,5,1,1,0,0,0.0,2012
0,6,8,8,0,1382,20356.0,2012
0,7,1,1,0,0,0.0,2012
0,10,1,1,0,0,0.0,2012
0,11,1,1,0,0,0.0,2012
0,14,2,5,0,0,0.0,2012
0,15,2,4,0,0,0.0,2012
0,16,1,1,0,0,0.0,2012
0,17,1,6,0,0,0.0,2012
0,19,17,27,964,59609,1030216.0,2012
0,26,2,5,0,0,0.0,2012
0,1,195,349,24684,1430889,71831187.0,2012
0,2,55,55,116,4450,276741.0,2012
0,3,25,25,166,8424,241879.0,2012
0,4,14,14,155,5567,197972.0,2012
0,5,12,12,203,7898,281162.0,2012
0,6,106,106,640,26339,997754.0,2012
0,7,8,8,169,6280,0.0,2012
0,8,6,6,127,6299,83890.0,2012
0,9,3,3,94,5607,269767.0,2012
0,10,1,1,0,0,0.0,2012
0,11,7,8,0,0,0.0,2012
0,12,11,15,657,36999,719548.0,2012
0,13,7,10,621,38443,933612.0,2012
0,14,6,9,694,35852,1049005.0,2012
0,15,4,5,551,28638,1117228.0,2012
0,16,2,4,0,0,0.0,2012
0,17,3,6,0,0,0.0,2012
0,18,4,9,997,44545,2053498.0,2012
0,19,168,190,5772,304030,9800740.0,2012
0,20,2,3,0,0,0.0,2012
0,21,1,2,0,0,0.0,2012
0,22,4,13,0,0,0.0,2012
0,23,2,6,0,0,0.0,2012
0,24,3,14,0,0,0.0,2012
0,25,6,28,0,0,0.0,2012
0,26,9,93,10012,575279,37297198.0,2012
0,1,31,63,6687,487486,12359066.0,2012
0,2,11,11,0,988,31010.0,2012
0,4,1,1,0,0,0.0,2012
0,5,3,3,50,1965,44994.0,2012
0,6,15,15,0,3342,88476.0,2012
0,7,3,3,0,0,0.0,2012
0,8,1,1,0,0,0.0,2012
0,11,1,1,0,0,0.0,2012
0,12,1,2,0,0,0.0,2012
0,13,1,3,0,0,0.0,2012
0,14,2,5,0,0,0.0,2012
0,17,1,4,0,0,0.0,2012
0,19,25,34,854,48317,782356.0,2012
0,20,1,2,0,0,0.0,2012
0,23,1,5,0,0,0.0,2012
0,24,1,10,0,0,0.0,2012
0,26,3,12,0,0,0.0,2012
0,1,84,153,7893,438800,41252441.0,2012
0,2,26,26,57,2292,213316.0,2012
0,3,11,11,0,2720,154397.0,2012
0,4,7,7,79,2843,120514.0,2012
0,5,5,5,84,3163,176305.0,2012
0,6,49,49,298,11018,664532.0,2012
0,7,2,2,0,0,0.0,2012
0,8,3,3,0,0,0.0,2012
0,9,1,1,0,0,0.0,2012
0,10,1,1,0,0,0.0,2012
0,12,3,3,0,0,0.0,2012
0,13,4,5,370,21991,572758.0,2012
0,14,2,2,0,0,0.0,2012
0,15,1,2,0,0,0.0,2012
0,16,1,3,0,0,0.0,2012
0,18,2,3,0,0,0.0,2012
0,19,69,74,2016,100983,4751600.0,2012
0,20,1,1,0,0,0.0,2012
0,22,2,10,0,0,0.0,2012
0,23,1,1,0,0,0.0,2012
0,24,2,2,0,0,0.0,2012
0,25,4,12,0,0,0.0,2012
0,26,5,53,3406,195541,21801251.0,2012
0,1,90,133,10104,504603,18219680.0,2012
0,2,18,18,28,1170,32415.0,2012
0,3,14,14,88,5704,87482.0,2012
0,4,6,6,65,2335,64986.0,2012
0,5,4,4,69,2770,59863.0,2012
0,6,42,42,250,11979,244746.0,2012
0,7,3,3,61,1619,0.0,2012
0,8,2,2,0,0,0.0,2012
0,9,2,2,0,0,0.0,2012
0,11,6,7,0,0,0.0,2012
0,12,7,10,425,27604,477833.0,2012
0,13,2,2,0,0,0.0,2012
0,14,2,2,0,0,0.0,2012
0,15,3,3,397,17194,452786.0,2012
0,16,1,1,0,0,0.0,2012
0,17,2,2,0,0,0.0,2012
0,18,3,6,0,0,0.0,2012
0,19,75,82,2902,154730,4266784.0,2012
0,21,1,2,0,0,0.0,2012
0,22,2,3,0,0,0.0,2012
0,24,1,2,0,0,0.0,2012
0,25,3,16,0,0,0.0,2012
0,26,8,28,3488,174734,8948658.0,2012
0,1,37,63,0,0,0.0,2012
0,2,13,13,0,704,15729.0,2012
0,3,5,5,0,0,0.0,2012
0,5,2,2,0,0,0.0,2012
0,6,20,20,90,2494,39508.0,2012
0,11,1,1,0,0,0.0,2012
0,12,1,1,0,0,0.0,2012
0,13,1,1,0,0,0.0,2012
0,16,2,3,0,0,0.0,2012
0,17,2,2,0,0,0.0,2012
0,19,27,28,948,45006,412433.0,2012
0,21,1,3,0,0,0.0,2012
0,23,1,5,0,0,0.0,2012
0,25,4,9,2912,94665,935458.0,2012
0,26,4,18,0,0,0.0,2012
0,1,37,63,0,0,0.0,2012
0,2,13,13,0,704,15729.0,2012
0,3,5,5,0,0,0.0,2012
0,5,2,2,0,0,0.0,2012
0,6,20,20,90,2494,39508.0,2012
0,11,1,1,0,0,0.0,2012
0,12,1,1,0,0,0.0,2012
0,13,1,1,0,0,0.0,2012
0,16,2,3,0,0,0.0,2012
0,17,2,2,0,0,0.0,2012
0,19,27,28,948,45006,412433.0,2012
0,21,1,3,0,0,0.0,2012
0,23,1,5,0,0,0.0,2012
0,25,4,9,2912,94665,935458.0,2012
0,26,4,18,0,0,0.0,2012
0,1,1724,1907,70789,3045643,34549186.0,2012
0,2,629,632,1166,26649,125990.0,2012
0,3,380,387,2526,43565,218782.0,2012
0,4,196,203,2327,43318,236298.0,2012
0,5,113,125,1820,39674,179034.0,2012
0,6,1318,1347,7839,153206,760104.0,2012
0,7,72,82,1522,35533,174417.0,2012
0,8,47,49,1129,23024,119201.0,2012
0,9,29,32,870,17548,0.0,2012
0,10,17,19,617,20841,171298.0,2012
0,11,31,42,1218,33095,190192.0,2012
0,12,48,49,2418,94657,694323.0,2012
0,13,22,29,1830,72845,683787.0,2012
0,14,37,47,3766,136610,1214181.0,2012
0,15,22,34,3136,125162,1052872.0,2012
0,16,18,26,3527,147427,1216161.0,2012
0,17,9,15,0,0,0.0,2012
0,18,6,7,1435,81330,1025126.0,2012
0,19,1676,1778,31848,1050889,8232402.0,2012
0,20,11,20,4723,288644,3446048.0,2012
0,21,5,15,3408,144115,1344056.0,2012
0,22,5,18,3165,164031,2697066.0,2012
0,23,3,13,3694,229052,3271057.0,2012
0,24,2,2,0,0,0.0,2012
0,25,7,18,5201,156980,1278431.0,2012
0,26,15,43,18059,969984,13447132.0,2012
0,1,48,83,12372,680504,10561036.0,2012
0,2,5,5,0,1189,8553.0,2012
0,3,5,5,0,826,5594.0,2012
0,4,1,1,0,0,0.0,2012
0,5,2,2,0,0,0.0,2012
0,6,13,13,91,3407,23860.0,2012
0,8,1,1,0,0,0.0,2012
0,9,1,1,0,0,0.0,2012
0,10,1,1,0,0,0.0,2012
0,11,2,5,0,0,0.0,2012
0,12,4,4,0,0,0.0,2012
0,13,5,7,382,20912,390026.0,2012
0,14,3,3,371,17596,577787.0,2012
0,15,2,3,0,0,0.0,2012
0,17,2,5,0,0,0.0,2012
0,18,2,3,0,0,0.0,2012
0,19,36,46,3074,175840,2669386.0,2012
0,20,3,3,0,0,0.0,2012
0,21,2,8,0,0,0.0,2012
0,22,2,10,0,0,0.0,2012
0,23,3,13,3694,229052,3271057.0,2012
0,24,1,1,0,0,0.0,2012
0,26,1,2,0,0,0.0,2012
0,1,15,31,5790,270777,4621777.0,2012
0,3,1,1,0,0,0.0,2012
0,5,1,1,0,0,0.0,2012
0,6,2,2,0,0,0.0,2012
0,8,1,1,0,0,0.0,2012
0,9,1,1,0,0,0.0,2012
0,11,1,1,0,0,0.0,2012
0,12,2,2,0,0,0.0,2012
0,18,2,3,0,0,0.0,2012
0,19,9,10,1055,67236,979131.0,2012
0,21,1,5,0,0,0.0,2012
0,22,2,10,0,0,0.0,2012
0,23,2,5,0,0,0.0,2012
0,26,1,1,0,0,0.0,2012
0,1,35,52,6582,409727,5939259.0,2012
0,2,5,5,0,1189,8553.0,2012
0,3,4,4,0,574,4358.0,2012
0,4,1,1,0,0,0.0,2012
0,5,1,1,0,0,0.0,2012
0,6,11,11,63,2728,18710.0,2012
0,10,1,1,0,0,0.0,2012
0,11,1,4,0,0,0.0,2012
0,12,2,2,0,0,0.0,2012
0,13,5,7,382,20912,390026.0,2012
0,14,3,3,371,17596,577787.0,2012
0,15,2,3,0,0,0.0,2012
0,17,2,5,0,0,0.0,2012
0,19,27,36,2019,108604,1690255.0,2012
0,20,3,3,0,0,0.0,2012
0,21,1,3,0,0,0.0,2012
0,23,2,8,0,0,0.0,2012
0,24,1,1,0,0,0.0,2012
0,26,1,1,0,0,0.0,2012
0,1,426,445,20419,943667,9154362.0,2012
0,2,175,175,279,6741,39889.0,2012
0,3,77,78,518,12602,91493.0,2012
0,4,41,41,464,9999,66693.0,2012
0,5,19,20,289,6563,45242.0,2012
0,6,312,314,1550,35905,243317.0,2012
0,7,18,18,404,14161,82689.0,2012
0,8,10,10,249,7273,50596.0,2012
0,9,4,4,0,0,0.0,2012
0,10,4,4,150,5873,24936.0,2012
0,11,11,13,466,12263,69749.0,2012
0,12,11,11,566,27650,217833.0,2012
0,13,3,3,0,0,0.0,2012
0,14,15,15,1709,56320,373101.0,2012
0,15,8,10,1128,43203,391422.0,2012
0,16,5,5,1094,42199,457962.0,2012
0,17,3,4,0,0,0.0,2012
0,18,2,2,0,0,0.0,2012
0,19,406,413,9008,327898,2482954.0,2012
0,20,3,4,1468,98930,629025.0,2012
0,21,1,2,0,0,0.0,2012
0,22,2,3,0,0,0.0,2012
0,25,5,6,0,0,0.0,2012
0,26,9,17,8173,448201,5423662.0,2012
0,1,426,445,20419,943667,9154362.0,2012
0,2,175,175,279,6741,39889.0,2012
0,3,77,78,518,12602,91493.0,2012
0,4,41,41,464,9999,66693.0,2012
0,5,19,20,289,6563,45242.0,2012
0,6,312,314,1550,35905,243317.0,2012
0,7,18,18,404,14161,82689.0,2012
0,8,10,10,249,7273,50596.0,2012
0,9,4,4,0,0,0.0,2012
0,10,4,4,150,5873,24936.0,2012
0,11,11,13,466,12263,69749.0,2012
0,12,11,11,566,27650,217833.0,2012
0,13,3,3,0,0,0.0,2012
0,14,15,15,1709,56320,373101.0,2012
0,15,8,10,1128,43203,391422.0,2012
0,16,5,5,1094,42199,457962.0,2012
0,17,3,4,0,0,0.0,2012
0,18,2,2,0,0,0.0,2012
0,19,406,413,9008,327898,2482954.0,2012
0,20,3,4,1468,98930,629025.0,2012
0,21,1,2,0,0,0.0,2012
0,22,2,3,0,0,0.0,2012
0,25,5,6,0,0,0.0,2012
0,26,9,17,8173,448201,5423662.0,2012
0,1,1263,1379,37998,1421472,14833788.0,2012
0,2,449,452,879,18719,77548.0,2012
0,3,298,304,1977,30137,121695.0,2012
0,4,156,161,1851,32671,166705.0,2012
0,5,92,103,1491,32367,126979.0,2012
0,6,995,1020,6198,113894,492927.0,2012
0,7,54,64,1118,21372,91728.0,2012
0,8,36,38,857,14803,60167.0,2012
0,9,24,27,712,12001,44082.0,2012
0,10,12,14,425,12342,0.0,2012
0,11,18,24,661,15319,62505.0,2012
0,12,33,34,1692,55261,309141.0,2012
0,13,14,19,1172,34428,194240.0,2012
0,14,19,29,1686,62694,263293.0,2012
0,15,14,21,1705,60990,350212.0,2012
0,16,13,21,2433,105228,758199.0,2012
0,17,4,6,1042,36263,267180.0,2012
0,18,2,2,0,0,0.0,2012
0,19,1238,1319,19766,547151,3080062.0,2012
0,20,6,13,2170,113257,1923107.0,2012
0,21,2,5,0,0,0.0,2012
0,22,2,5,0,0,0.0,2012
0,24,1,1,0,0,0.0,2012
0,25,5,12,4270,120679,819062.0,2012
0,26,9,24,9623,509632,7884093.0,2012
0,1,161,172,8531,412013,6256895.0,2012
0,2,71,71,118,2452,15348.0,2012
0,3,30,30,177,3395,21900.0,2012
0,4,20,20,242,7459,73226.0,2012
0,5,5,5,84,2967,17111.0,2012
0,6,126,126,621,16273,127585.0,2012
0,7,4,4,81,2662,18521.0,2012
0,9,4,4,0,0,0.0,2012
0,10,1,1,0,0,0.0,2012
0,11,1,1,0,0,0.0,2012
0,12,4,4,193,4673,11759.0,2012
0,13,2,2,0,0,0.0,2012
0,14,2,2,0,0,0.0,2012
0,15,1,1,0,0,0.0,2012
0,16,2,2,0,0,0.0,2012
0,17,1,1,0,0,0.0,2012
0,18,1,1,0,0,0.0,2012
0,19,149,149,2238,84839,616243.0,2012
0,20,3,10,1486,86956,0.0,2012
0,22,2,2,0,0,0.0,2012
0,25,2,3,0,0,0.0,2012
0,26,5,8,3762,182547,3554807.0,2012
0,1,1110,1207,29467,1009459,8576893.0,2012
0,2,379,381,761,16267,62200.0,2012
0,3,268,274,1800,26742,99795.0,2012
0,4,136,141,1609,25212,93479.0,2012
0,5,87,98,1407,29400,109868.0,2012
0,6,870,894,5577,97621,365342.0,2012
0,7,50,60,1037,18710,73207.0,2012
0,8,36,38,857,14803,60167.0,2012
0,9,20,23,586,9325,28115.0,2012
0,10,11,13,392,10622,0.0,2012
0,11,17,23,618,14069,57310.0,2012
0,12,30,30,1499,50588,297382.0,2012
0,13,12,17,986,26813,155685.0,2012
0,14,17,27,1564,59766,253081.0,2012
0,15,14,20,1687,60201,348680.0,2012
0,16,11,19,1966,72603,490253.0,2012
0,17,3,5,0,0,0.0,2012
0,18,1,1,0,0,0.0,2012
0,19,1092,1170,17528,462312,2463819.0,2012
0,20,3,3,0,0,0.0,2012
0,21,2,5,0,0,0.0,2012
0,22,1,3,0,0,0.0,2012
0,24,1,1,0,0,0.0,2012
0,25,4,9,0,0,0.0,2012
0,26,7,16,5861,327085,4329286.0,2012
0,1,1339,1702,152540,6450730,69458262.0,2012
0,2,377,377,683,22955,224501.0,2012
0,3,172,172,1137,35508,301303.0,2012
0,4,121,122,1440,41483,400702.0,2012
0,5,66,66,1103,40937,282175.0,2012
0,6,736,737,4363,140883,1208681.0,2012
0,7,51,51,1132,41798,320407.0,2012
0,8,32,32,864,32821,291857.0,2012
0,9,36,37,1126,43973,346608.0,2012
0,10,33,34,1173,41721,342153.0,2012
0,11,45,47,1988,71206,632660.0,2012
0,12,88,94,5208,206589,1644025.0,2012
0,13,42,47,3440,124647,1209175.0,2012
0,14,45,53,5027,207154,1716844.0,2012
0,15,28,36,3922,150463,1403978.0,2012
0,16,44,59,7907,324593,4039944.0,2012
0,17,32,50,9317,346834,3605342.0,2012
0,18,19,35,6392,240474,2114503.0,2012
0,19,1231,1312,51859,1973156,18876177.0,2012
0,20,25,46,10440,511517,5287603.0,2012
0,21,16,47,6756,270554,2554929.0,2012
0,22,13,56,8371,361733,3793114.0,2012
0,23,13,37,9669,367378,3748510.0,2012
0,24,4,15,4590,185615,1408439.0,2012
0,25,14,83,16396,828117,8198379.0,2012
0,26,23,106,44459,1952660,25591111.0,2012
0,1,528,684,83607,3069379,28759418.0,2012
0,2,96,96,177,6783,60520.0,2012
0,3,67,67,447,15009,117732.0,2012
0,4,54,54,640,19624,211516.0,2012
0,5,27,27,467,15810,110491.0,2012
0,6,244,244,1731,57226,500259.0,2012
0,7,24,24,505,16759,124808.0,2012
0,8,15,15,405,16591,184246.0,2012
0,9,9,9,293,7434,44777.0,2012
0,10,11,12,364,11658,91304.0,2012
0,11,26,27,1159,36782,300128.0,2012
0,12,37,41,2149,78222,543907.0,2012
0,13,21,24,1631,58734,624751.0,2012
0,14,14,16,1627,47933,357351.0,2012
0,15,16,17,2274,71024,515304.0,2012
0,16,25,30,4595,167514,1353093.0,2012
0,17,17,27,4804,162391,1708607.0,2012
0,18,10,15,3644,118973,996795.0,2012
0,19,469,501,25181,851241,7345330.0,2012
0,20,10,15,3282,136835,1206576.0,2012
0,21,7,15,3182,91954,681410.0,2012
0,22,7,19,2848,87638,821412.0,2012
0,23,8,17,5836,209610,1733553.0,2012
0,24,4,15,4590,185615,1408439.0,2012
0,25,8,31,0,0,0.0,2012
0,26,15,71,30503,1155173,12094996.0,2012
0,1,148,221,29327,1083747,11572097.0,2012
0,2,23,23,35,1220,12388.0,2012
0,3,17,17,0,7259,51770.0,2012
0,4,12,12,146,6795,84291.0,2012
0,5,5,5,87,5521,35732.0,2012
0,6,57,57,376,20795,184181.0,2012
0,7,7,7,0,0,0.0,2012
0,8,5,5,133,8677,132377.0,2012
0,9,3,3,0,0,0.0,2012
0,10,2,2,0,0,0.0,2012
0,11,8,9,377,12119,105112.0,2012
0,12,7,7,336,15398,138421.0,2012
0,13,6,9,505,21673,177387.0,2012
0,14,5,7,600,16947,128587.0,2012
0,15,3,3,332,12316,113558.0,2012
0,16,10,11,2020,70072,672648.0,2012
0,17,8,15,2240,82587,981729.0,2012
0,18,5,6,1996,54148,0.0,2012
0,19,126,141,9234,325379,3161463.0,2012
0,20,4,8,1065,44764,410352.0,2012
0,21,2,9,0,0,0.0,2012
0,22,4,16,2552,75654,705484.0,2012
0,23,2,7,0,0,0.0,2012
0,24,2,3,0,0,0.0,2012
0,25,5,17,0,0,0.0,2012
0,26,3,20,8176,308290,3615164.0,2012
0,1,389,463,54280,1985632,17187321.0,2012
0,2,73,73,142,5563,48132.0,2012
0,3,50,50,339,7750,65962.0,2012
0,4,42,42,494,12829,127225.0,2012
0,5,22,22,380,10289,74759.0,2012
0,6,187,187,1355,36431,316078.0,2012
0,7,17,17,364,11549,77955.0,2012
0,8,10,10,272,7914,51869.0,2012
0,9,6,6,188,4097,25994.0,2012
0,10,9,10,291,9558,75742.0,2012
0,11,18,18,782,24663,195016.0,2012
0,12,30,34,1813,62824,405486.0,2012
0,13,15,15,1126,37061,447364.0,2012
0,14,9,9,0,30986,228764.0,2012
0,15,13,14,1942,58708,401746.0,2012
0,16,16,19,2575,97442,680445.0,2012
0,17,9,12,2564,79804,726878.0,2012
0,18,7,9,1648,64825,550530.0,2012
0,19,346,360,15947,525862,4183867.0,2012
0,20,6,7,2217,92071,796224.0,2012
0,21,5,6,2091,59133,432849.0,2012
0,22,3,3,0,0,0.0,2012
0,23,6,10,3591,122381,928156.0,2012
0,24,3,12,0,0,0.0,2012
0,25,5,14,0,0,0.0,2012
0,26,15,51,22327,846883,8479832.0,2012
0,1,832,1018,68933,3381351,40698844.0,2012
0,2,281,281,506,16172,163981.0,2012
0,3,105,105,690,20499,183571.0,2012
0,4,67,68,800,21859,189186.0,2012
0,5,39,39,636,25127,171684.0,2012
0,6,492,493,2632,83657,708422.0,2012
0,7,27,27,627,25039,195599.0,2012
0,8,17,17,459,16230,107611.0,2012
0,9,27,28,833,36539,301831.0,2012
0,10,22,22,809,30063,250849.0,2012
0,11,19,20,829,34424,332532.0,2012
0,12,52,53,3059,128367,1100118.0,2012
0,13,21,23,1809,65913,584424.0,2012
0,14,31,37,3400,159221,1359493.0,2012
0,15,14,19,1648,79439,888674.0,2012
0,16,19,29,3312,157079,2686851.0,2012
0,17,17,23,4513,184443,1896735.0,2012
0,18,9,20,2748,121501,1117708.0,2012
0,19,767,811,26678,1121915,11530847.0,2012
0,20,16,31,7158,374682,4081027.0,2012
0,21,10,32,3574,178600,1873519.0,2012
0,22,10,37,5523,274095,2971702.0,2012
0,23,6,20,3833,157768,2014957.0,2012
0,25,10,52,8211,476804,4730677.0,2012
0,26,13,35,13956,797487,13496115.0,2012
0,1,575,693,42282,2133559,23959610.0,2012
0,2,209,209,374,10970,118762.0,2012
0,3,76,76,489,14589,137595.0,2012
0,4,41,41,486,12599,104188.0,2012
0,5,28,28,438,19276,128413.0,2012
0,6,354,354,1787,57434,488958.0,2012
0,7,17,17,396,15852,114901.0,2012
0,8,14,14,374,12044,83402.0,2012
0,9,15,15,457,19049,146774.0,2012
0,10,13,13,482,19302,177371.0,2012
0,11,11,11,418,18203,147806.0,2012
0,12,34,35,1989,79879,750442.0,2012
0,13,12,14,976,39585,391608.0,2012
0,14,20,26,2286,108590,980242.0,2012
0,15,10,13,1127,56901,722333.0,2012
0,16,14,20,2245,90153,939334.0,2012
0,17,11,14,2934,125823,1355520.0,2012
0,18,7,12,1862,86861,799944.0,2012
0,19,532,558,17333,729676,7098635.0,2012
0,20,10,20,4634,268903,2600049.0,2012
0,21,5,14,1613,84973,976924.0,2012
0,22,6,18,2810,139233,1796069.0,2012
0,23,4,15,2366,96704,1283773.0,2012
0,25,7,44,6565,421828,4040682.0,2012
0,26,11,24,6961,392242,6163478.0,2012
0,1,106,120,12641,667587,10234423.0,2012
0,2,36,36,73,2385,22060.0,2012
0,3,12,12,74,1474,13838.0,2012
0,4,13,13,157,4609,42496.0,2012
0,5,2,2,0,0,0.0,2012
0,6,63,63,340,9243,88968.0,2012
0,7,3,3,73,2250,21733.0,2012
0,8,1,1,0,0,0.0,2012
0,9,2,2,0,0,0.0,2012
0,10,4,4,145,5140,44190.0,2012
0,11,1,1,0,0,0.0,2012
0,12,5,5,310,11334,0.0,2012
0,13,1,1,0,0,0.0,2012
0,14,6,6,528,28707,254212.0,2012
0,15,1,2,0,0,0.0,2012
0,16,1,1,0,0,0.0,2012
0,17,4,4,0,0,0.0,2012
0,19,92,93,2663,121007,1047902.0,2012
0,20,3,5,1463,70788,1129074.0,2012
0,21,3,4,379,16400,223879.0,2012
0,22,2,6,0,0,0.0,2012
0,25,2,3,0,0,0.0,2012
0,26,4,9,6657,387032,0.0,2012
0,1,167,205,14010,580205,6504811.0,2012
0,2,36,36,0,2817,23159.0,2012
0,3,17,17,0,4436,32138.0,2012
0,4,13,14,157,4651,42502.0,2012
0,5,9,9,0,5076,32697.0,2012
0,6,75,76,505,16980,130496.0,2012
0,7,7,7,158,6937,58965.0,2012
0,8,2,2,0,0,0.0,2012
0,9,10,11,306,15518,136881.0,2012
0,10,5,5,182,5621,29288.0,2012
0,11,8,8,365,15180,171742.0,2012
0,12,13,13,760,37154,263989.0,2012
0,13,8,8,751,24148,181629.0,2012
0,14,5,5,586,21924,125039.0,2012
0,15,3,4,353,9311,89443.0,2012
0,16,4,8,775,54165,1635743.0,2012
0,17,3,5,0,0,0.0,2012
0,18,3,8,0,0,0.0,2012
0,19,146,160,6682,271232,3384310.0,2012
0,20,4,6,1061,34991,351904.0,2012
0,21,2,14,0,0,0.0,2012
0,22,5,13,1957,92379,829014.0,2012
0,23,3,5,1467,61064,731184.0,2012
0,25,5,5,923,25099,397900.0,2012
0,26,2,2,0,0,0.0,2012
0,1,1093,1607,133670,6476885,107954846.0,2012
0,2,306,306,497,25547,307809.0,2012
0,3,166,166,1130,28468,433678.0,2012
0,4,93,95,1117,31066,383983.0,2012
0,5,69,69,1176,39906,598363.0,2012
0,6,634,636,3920,124987,1723833.0,2012
0,7,39,40,850,22071,312992.0,2012
0,8,31,32,816,27962,442686.0,2012
0,9,22,22,632,21980,316085.0,2012
0,10,20,23,640,24252,298441.0,2012
0,11,44,49,1894,72115,961490.0,2012
0,12,56,62,3234,132334,2087102.0,2012
0,13,36,41,2726,118202,1476385.0,2012
0,14,50,56,4838,218531,3583079.0,2012
0,15,21,25,2820,124352,1469942.0,2012
0,16,21,35,4134,229698,4122350.0,2012
0,17,20,41,5305,230188,3219067.0,2012
0,18,13,21,3777,166301,2782492.0,2012
0,19,1007,1083,35586,1512973,22795944.0,2012
0,20,18,50,7180,377765,6391744.0,2012
0,21,7,31,3422,173456,4836648.0,2012
0,22,9,55,7717,397165,7511650.0,2012
0,23,9,46,10718,536729,12377131.0,2012
0,24,2,3,0,0,0.0,2012
0,25,15,105,20703,971372,14202992.0,2012
0,26,26,234,48170,2499586,39729965.0,2012
0,1,760,1216,114496,5674826,100742897.0,2012
0,2,168,168,306,13016,215972.0,2012
0,3,107,107,725,20712,372495.0,2012
0,4,55,55,667,21802,322321.0,2012
0,5,49,49,830,31615,494896.0,2012
0,6,379,379,2528,87145,1405684.0,2012
0,7,28,28,620,18661,297334.0,2012
0,8,26,26,678,22830,407299.0,2012
0,9,18,18,552,19711,298973.0,2012
0,10,17,20,563,22456,282906.0,2012
0,11,33,35,1448,56119,854424.0,2012
0,12,49,55,2907,123940,2048805.0,2012
0,13,30,35,2315,102139,1369207.0,2012
0,14,41,46,4189,194502,3354473.0,2012
0,15,14,17,2098,103604,1322329.0,2012
0,16,20,34,4108,228509,4113068.0,2012
0,17,19,40,4962,215414,3125961.0,2012
0,18,9,16,2728,132979,2464946.0,2012
0,19,683,749,29696,1328009,21345409.0,2012
0,20,17,48,7012,370265,6336802.0,2012
0,21,7,26,3187,163479,4758793.0,2012
0,22,9,55,7717,397165,7511650.0,2012
0,23,9,45,10708,536718,12377021.0,2012
0,24,1,2,0,0,0.0,2012
0,25,12,90,17145,816527,12745063.0,2012
0,26,22,201,38907,2057677,35600683.0,2012
0,1,246,442,51709,2626743,37039369.0,2012
0,2,45,45,72,3530,42314.0,2012
0,3,29,29,200,5215,64060.0,2012
0,4,13,13,0,5252,61181.0,2012
0,5,10,10,174,7373,92936.0,2012
0,6,97,97,605,21370,260491.0,2012
0,7,8,8,171,4598,47005.0,2012
0,8,5,5,118,4530,53614.0,2012
0,9,5,5,154,5076,62527.0,2012
0,10,5,5,188,7482,72533.0,2012
0,11,14,15,631,26030,461952.0,2012
0,12,20,20,1119,48621,711244.0,2012
0,13,8,10,590,21876,225425.0,2012
0,14,12,12,1370,66023,872326.0,2012
0,15,5,5,709,38311,292734.0,2012
0,16,12,21,2245,127514,1625826.0,2012
0,17,4,5,916,37728,512908.0,2012
0,18,5,8,2016,96259,1147445.0,2012
0,19,200,216,10832,505418,6346030.0,2012
0,20,10,16,2565,142117,2127415.0,2012
0,21,3,6,616,34577,715407.0,2012
0,22,6,24,3866,185916,2262179.0,2012
0,23,3,8,0,0,0.0,2012
0,25,7,51,8992,445462,5428115.0,2012
0,26,17,121,23323,1225737,18366017.0,2012
0,1,30,38,2008,90802,3035784.0,2012
0,2,5,5,0,0,0.0,2012
0,3,8,8,0,0,0.0,2012
0,4,1,1,0,0,0.0,2012
0,5,2,2,0,0,0.0,2012
0,6,16,16,0,0,0.0,2012
0,8,3,3,83,3309,81213.0,2012
0,9,1,1,0,0,0.0,2012
0,10,1,1,0,0,0.0,2012
0,12,1,1,0,0,0.0,2012
0,14,1,1,0,0,0.0,2012
0,19,23,23,415,17001,469043.0,2012
0,20,2,6,0,0,0.0,2012
0,21,1,1,0,0,0.0,2012
0,22,2,3,0,0,0.0,2012
0,23,1,1,0,0,0.0,2012
0,26,1,4,0,0,0.0,2012
0,1,390,546,45212,2069346,41078791.0,2012
0,2,96,96,182,7338,134162.0,2012
0,3,56,56,367,8444,145921.0,2012
0,4,32,32,394,11607,174066.0,2012
0,5,28,28,463,15087,235833.0,2012
0,6,212,212,1406,42476,689982.0,2012
0,7,19,19,428,13372,237036.0,2012
0,8,14,14,375,11645,208120.0,2012
0,9,9,9,0,0,0.0,2012
0,10,8,10,234,8104,107361.0,2012
0,11,14,14,616,19769,277297.0,2012
0,12,23,27,1417,58979,960992.0,2012
0,13,16,18,1284,48227,678512.0,2012
0,14,18,22,1780,73678,1450504.0,2012
0,15,7,9,1047,47116,811587.0,2012
0,16,7,9,0,55035,915492.0,2012
0,17,12,31,3463,152209,2323749.0,2012
0,18,2,2,0,0,0.0,2012
0,19,361,396,13875,559642,9589106.0,2012
0,20,7,22,2860,143036,2287485.0,2012
0,21,4,14,1794,77620,1956801.0,2012
0,22,4,15,0,0,0.0,2012
0,23,6,30,7994,374905,8379909.0,2012
0,25,3,27,0,0,0.0,2012
0,26,5,42,0,0,0.0,2012
0,1,133,190,15567,887935,19588953.0,2012
0,2,22,22,0,1884,30515.0,2012
0,3,14,14,100,5040,90230.0,2012
0,4,9,9,102,4748,80081.0,2012
0,5,9,9,156,7756,141343.0,2012
0,6,54,54,396,19428,342169.0,2012
0,7,1,1,0,0,0.0,2012
0,8,4,4,102,3346,64352.0,2012
0,9,3,3,96,4816,54272.0,2012
0,10,4,4,0,0,0.0,2012
0,11,5,6,201,10320,115175.0,2012
0,12,6,7,315,14382,283475.0,2012
0,13,6,7,0,0,0.0,2012
0,14,10,11,944,49679,908618.0,2012
0,15,2,3,0,0,0.0,2012
0,16,3,4,0,0,0.0,2012
0,17,4,4,583,25477,289304.0,2012
0,18,2,6,0,0,0.0,2012
0,19,104,114,4574,245948,4941230.0,2012
0,20,2,4,0,0,0.0,2012
0,21,2,5,0,0,0.0,2012
0,22,4,13,0,54205,1187934.0,2012
0,23,4,6,0,0,0.0,2012
0,24,1,2,0,0,0.0,2012
0,25,7,12,1083,58867,1099027.0,2012
0,26,9,34,6217,358766,0.0,2012
0,1,347,391,19174,802059,7211949.0,2012
0,2,138,138,191,12531,91837.0,2012
0,3,59,59,405,7756,61183.0,2012
0,4,38,40,450,9264,61662.0,2012
0,5,20,20,346,8291,103467.0,2012
0,6,255,257,1392,37842,318149.0,2012
0,7,11,12,230,3410,15658.0,2012
0,8,5,6,138,5132,35387.0,2012
0,9,4,4,80,2269,17112.0,2012
0,10,3,3,0,0,0.0,2012
0,11,11,14,446,15996,107066.0,2012
0,12,7,7,327,8394,38297.0,2012
0,13,6,6,0,0,0.0,2012
0,14,9,10,649,24029,228606.0,2012
0,15,7,8,722,20748,147613.0,2012
0,16,1,1,0,0,0.0,2012
0,17,1,1,0,0,0.0,2012
0,18,5,5,1049,33322,317546.0,2012
0,19,325,334,5890,184964,1450535.0,2012
0,20,2,2,0,0,0.0,2012
0,21,1,5,0,0,0.0,2012
0,23,1,1,0,0,0.0,2012
0,24,1,1,0,0,0.0,2012
0,25,5,15,3558,154845,1457929.0,2012
0,26,12,33,9263,441909,4129282.0,2012
0,1,347,391,19174,802059,7211949.0,2012
0,2,138,138,191,12531,91837.0,2012
0,3,59,59,405,7756,61183.0,2012
0,4,38,40,450,9264,61662.0,2012
0,5,20,20,346,8291,103467.0,2012
0,6,255,257,1392,37842,318149.0,2012
0,7,11,12,230,3410,15658.0,2012
0,8,5,6,138,5132,35387.0,2012
0,9,4,4,80,2269,17112.0,2012
0,10,3,3,0,0,0.0,2012
0,11,11,14,446,15996,107066.0,2012
0,12,7,7,327,8394,38297.0,2012
0,13,6,6,0,0,0.0,2012
0,14,9,10,649,24029,228606.0,2012
0,15,7,8,722,20748,147613.0,2012
0,16,1,1,0,0,0.0,2012
0,17,1,1,0,0,0.0,2012
0,18,5,5,1049,33322,317546.0,2012
0,19,325,334,5890,184964,1450535.0,2012
0,20,2,2,0,0,0.0,2012
0,21,1,5,0,0,0.0,2012
0,23,1,1,0,0,0.0,2012
0,24,1,1,0,0,0.0,2012
0,25,5,15,3558,154845,1457929.0,2012
0,26,12,33,9263,441909,4129282.0,2012
0,1,3000,3593,486478,15465978,198715540.0,2012
0,2,1085,1085,2123,59049,804318.0,2012
0,3,603,604,4025,87279,1081283.0,2012
0,4,308,310,3589,91861,1030243.0,2012
0,5,132,132,2112,59264,571411.0,2012
0,6,2128,2131,11849,297453,3487255.0,2012
0,7,88,88,1898,71275,713333.0,2012
0,8,71,72,1841,69406,634907.0,2012
0,9,61,63,1840,63606,529949.0,2012
0,10,50,53,1719,58570,635309.0,2012
0,11,72,72,3122,106629,1008581.0,2012
0,12,104,112,5998,228444,2715258.0,2012
0,13,74,83,6261,219588,2466812.0,2012
0,14,78,89,8594,326766,3292412.0,2012
0,15,31,37,5113,186891,1692355.0,2012
0,16,51,63,10878,409338,5156661.0,2012
0,17,39,52,11751,435703,4355680.0,2012
0,18,16,32,5330,230921,2630001.0,2012
0,19,2863,2947,76194,2704590,29318513.0,2012
0,20,32,53,16006,552530,7038733.0,2012
0,21,24,45,18508,575847,8097393.0,2012
0,22,19,54,19541,634464,6495879.0,2012
0,23,13,75,20539,703523,7554552.0,2012
0,24,3,6,0,0,0.0,2012
0,25,17,67,41739,1202276,14559070.0,2012
0,26,29,346,291430,9011947,124342214.0,2012
0,1,3000,3593,486478,15465978,198715540.0,2012
0,2,1085,1085,2123,59049,804318.0,2012
0,3,603,604,4025,87279,1081283.0,2012
0,4,308,310,3589,91861,1030243.0,2012
0,5,132,132,2112,59264,571411.0,2012
0,6,2128,2131,11849,297453,3487255.0,2012
0,7,88,88,1898,71275,713333.0,2012
0,8,71,72,1841,69406,634907.0,2012
0,9,61,63,1840,63606,529949.0,2012
0,10,50,53,1719,58570,635309.0,2012
0,11,72,72,3122,106629,1008581.0,2012
0,12,104,112,5998,228444,2715258.0,2012
0,13,74,83,6261,219588,2466812.0,2012
0,14,78,89,8594,326766,3292412.0,2012
0,15,31,37,5113,186891,1692355.0,2012
0,16,51,63,10878,409338,5156661.0,2012
0,17,39,52,11751,435703,4355680.0,2012
0,18,16,32,5330,230921,2630001.0,2012
0,19,2863,2947,76194,2704590,29318513.0,2012
0,20,32,53,16006,552530,7038733.0,2012
0,21,24,45,18508,575847,8097393.0,2012
0,22,19,54,19541,634464,6495879.0,2012
0,23,13,75,20539,703523,7554552.0,2012
0,24,3,6,0,0,0.0,2012
0,25,17,67,41739,1202276,14559070.0,2012
0,26,29,346,291430,9011947,124342214.0,2012
0,1,1427,1513,154061,5195851,90767089.0,2012
0,2,585,585,1215,27093,428566.0,2012
0,3,375,376,2477,48904,710569.0,2012
0,4,170,170,1967,45427,589408.0,2012
0,5,42,42,681,16982,184876.0,2012
0,6,1172,1173,6340,138406,1913419.0,2012
0,7,27,27,581,16565,165551.0,2012
0,8,25,26,664,23758,217907.0,2012
0,9,19,21,559,15184,137554.0,2012
0,10,16,18,603,18743,225051.0,2012
0,11,16,16,704,21028,280361.0,2012
0,12,24,26,1397,50312,544563.0,2012
0,13,24,25,1905,62492,826146.0,2012
0,14,17,22,1720,71998,792267.0,2012
0,15,7,9,1071,33603,509813.0,2012
0,16,21,22,4198,157715,1832406.0,2012
0,17,9,10,2702,90058,1419362.0,2012
0,18,4,6,1150,39956,777569.0,2012
0,19,1381,1401,23594,739818,9641969.0,2012
0,20,11,12,4321,162172,2077416.0,2012
0,21,9,11,6123,190037,4263631.0,2012
0,22,4,7,4515,160428,2150114.0,2012
0,23,5,6,0,0,0.0,2012
0,24,1,1,0,0,0.0,2012
0,25,3,7,0,0,0.0,2012
0,26,13,68,103483,3508668,65873510.0,2012
0,1,1202,1349,103526,3797730,45699868.0,2012
0,2,390,390,710,22690,251259.0,2012
0,3,197,197,1345,31956,306760.0,2012
0,4,104,104,1233,33062,315980.0,2012
0,5,68,68,1088,32438,269587.0,2012
0,6,759,759,4376,120146,1143586.0,2012
0,7,47,47,1026,42397,418597.0,2012
0,8,33,33,851,32900,291265.0,2012
0,9,28,28,886,29368,240528.0,2012
0,10,23,23,779,27205,253239.0,2012
0,11,36,36,1512,54456,438128.0,2012
0,12,61,64,3481,129424,1603991.0,2012
0,13,44,47,3647,133882,1369992.0,2012
0,14,43,46,5024,186619,1830629.0,2012
0,15,21,24,3306,131872,1006138.0,2012
0,16,26,33,5025,197834,2677580.0,2012
0,17,20,26,5998,254339,2055736.0,2012
0,18,7,8,1789,82115,972280.0,2012
0,19,1148,1174,37700,1422557,14301689.0,2012
0,20,12,20,4734,157343,2698783.0,2012
0,21,9,14,0,189560,0.0,2012
0,22,7,19,6455,220908,1972661.0,2012
0,23,4,13,4475,169834,1987073.0,2012
0,24,2,5,0,0,0.0,2012
0,25,5,10,0,0,0.0,2012
0,26,15,94,39944,1462133,19764303.0,2012
0,1,114,214,8370,440261,5422673.0,2012
0,2,26,26,0,1909,40708.0,2012
0,3,9,9,58,2419,29677.0,2012
0,4,13,15,137,6836,63859.0,2012
0,5,6,6,98,3499,58399.0,2012
0,6,54,56,338,14663,192643.0,2012
0,7,4,4,0,0,0.0,2012
0,8,8,8,193,8686,93572.0,2012
0,9,7,7,183,9928,77427.0,2012
0,10,3,4,63,4330,87470.0,2012
0,11,4,4,180,9141,100872.0,2012
0,12,10,11,0,0,0.0,2012
0,13,3,5,144,8287,118724.0,2012
0,14,3,6,270,18613,153800.0,2012
0,17,3,7,0,0,0.0,2012
0,18,2,10,0,0,0.0,2012
0,19,101,122,2886,179714,1914218.0,2012
0,20,1,4,0,0,0.0,2012
0,21,1,8,0,0,0.0,2012
0,22,1,14,0,0,0.0,2012
0,23,2,46,0,0,0.0,2012
0,25,2,3,0,0,0.0,2012
0,26,6,17,871,38779,820418.0,2012
0,1,307,517,220521,6032136,56825910.0,2012
0,2,84,84,153,7357,83785.0,2012
0,3,22,22,145,4000,34277.0,2012
0,4,21,21,252,6536,60996.0,2012
0,5,16,16,245,6345,58549.0,2012
0,6,143,143,795,24238,237607.0,2012
0,7,10,10,0,9081,80654.0,2012
0,8,5,5,133,4062,32163.0,2012
0,9,7,7,0,0,0.0,2012
0,10,8,8,274,8292,69549.0,2012
0,11,16,16,726,22004,189220.0,2012
0,12,11,11,645,20567,197114.0,2012
0,13,6,6,565,14927,151950.0,2012
0,14,15,15,1580,49536,515716.0,2012
0,15,4,4,736,21416,0.0,2012
0,16,8,8,1655,53789,646675.0,2012
0,17,9,9,2624,69334,534293.0,2012
0,18,5,8,1861,56129,554852.0,2012
0,19,247,250,12014,362501,3460637.0,2012
0,20,12,17,6570,214036,1893756.0,2012
0,21,9,12,6443,166491,1495309.0,2012
0,22,8,14,7750,219352,1899165.0,2012
0,23,5,10,7364,196046,1786900.0,2012
0,25,10,47,33248,871343,8406160.0,2012
0,26,16,167,147132,4002367,37883983.0,2012
0,1,497,589,30988,1196207,10253211.0,2012
0,2,166,166,249,24109,163306.0,2012
0,3,65,67,459,19271,152037.0,2012
0,4,32,32,387,18819,131455.0,2012
0,5,20,20,324,9425,68950.0,2012
0,6,283,285,1419,71624,515748.0,2012
0,7,27,28,553,24142,184518.0,2012
0,8,16,16,408,14709,143728.0,2012
0,9,12,12,398,11235,66354.0,2012
0,10,14,14,513,18307,120272.0,2012
0,11,20,20,893,24133,281160.0,2012
0,12,29,31,1627,52680,467383.0,2012
0,13,22,23,1824,46950,328729.0,2012
0,14,24,35,2596,113130,879289.0,2012
0,15,11,14,1736,87649,671750.0,2012
0,16,11,17,2144,72275,700774.0,2012
0,17,4,9,1221,58972,347841.0,2012
0,18,3,4,1145,49964,479058.0,2012
0,19,476,508,16477,645770,5186604.0,2012
0,20,6,10,1999,63607,0.0,2012
0,21,4,17,2609,155863,1536502.0,2012
0,22,6,28,4654,155876,1251798.0,2012
0,23,1,2,0,0,0.0,2012
0,25,1,2,0,0,0.0,2012
0,26,3,22,0,0,0.0,2012
0,1,497,589,30988,1196207,10253211.0,2012
0,2,166,166,249,24109,163306.0,2012
0,3,65,67,459,19271,152037.0,2012
0,4,32,32,387,18819,131455.0,2012
0,5,20,20,324,9425,68950.0,2012
0,6,283,285,1419,71624,515748.0,2012
0,7,27,28,553,24142,184518.0,2012
0,8,16,16,408,14709,143728.0,2012
0,9,12,12,398,11235,66354.0,2012
0,10,14,14,513,18307,120272.0,2012
0,11,20,20,893,24133,281160.0,2012
0,12,29,31,1627,52680,467383.0,2012
0,13,22,23,1824,46950,328729.0,2012
0,14,24,35,2596,113130,879289.0,2012
0,15,11,14,1736,87649,671750.0,2012
0,16,11,17,2144,72275,700774.0,2012
0,17,4,9,1221,58972,347841.0,2012
0,18,3,4,1145,49964,479058.0,2012
0,19,476,508,16477,645770,5186604.0,2012
0,20,6,10,1999,63607,0.0,2012
0,21,4,17,2609,155863,1536502.0,2012
0,22,6,28,4654,155876,1251798.0,2012
0,23,1,2,0,0,0.0,2012
0,25,1,2,0,0,0.0,2012
0,26,3,22,0,0,0.0,2012
0,1,497,589,30988,1196207,10253211.0,2012
0,2,166,166,249,24109,163306.0,2012
0,3,65,67,459,19271,152037.0,2012
0,4,32,32,387,18819,131455.0,2012
0,5,20,20,324,9425,68950.0,2012
0,6,283,285,1419,71624,515748.0,2012
0,7,27,28,553,24142,184518.0,2012
0,8,16,16,408,14709,143728.0,2012
0,9,12,12,398,11235,66354.0,2012
0,10,14,14,513,18307,120272.0,2012
0,11,20,20,893,24133,281160.0,2012
0,12,29,31,1627,52680,467383.0,2012
0,13,22,23,1824,46950,328729.0,2012
0,14,24,35,2596,113130,879289.0,2012
0,15,11,14,1736,87649,671750.0,2012
0,16,11,17,2144,72275,700774.0,2012
0,17,4,9,1221,58972,347841.0,2012
0,18,3,4,1145,49964,479058.0,2012
0,19,476,508,16477,645770,5186604.0,2012
0,20,6,10,1999,63607,0.0,2012
0,21,4,17,2609,155863,1536502.0,2012
0,22,6,28,4654,155876,1251798.0,2012
0,23,1,2,0,0,0.0,2012
0,25,1,2,0,0,0.0,2012
0,26,3,22,0,0,0.0,2012
0,1,9898,10618,273545,9541006,64011445.0,2012
0,2,4284,4287,8212,158607,588002.0,2012
0,3,2108,2111,13901,221363,827622.0,2012
0,4,1046,1056,12192,208597,760852.0,2012
0,5,592,602,9807,177623,641486.0,2012
0,6,8030,8056,44112,766190,2817962.0,2012
0,7,390,398,8282,163688,600537.0,2012
0,8,242,254,6356,138878,633128.0,2012
0,9,165,179,5027,111839,404267.0,2012
0,10,123,132,4289,94656,324111.0,2012
0,11,201,238,8221,218276,955325.0,2012
0,12,207,238,11626,336038,1611301.0,2012
0,13,117,145,9020,276305,1371893.0,2012
0,14,124,158,12910,414950,2075115.0,2012
0,15,49,78,7126,238074,1058469.0,2012
0,16,61,77,11942,491513,2850379.0,2012
0,17,36,70,8787,316839,2063305.0,2012
0,18,25,35,6944,265107,1596270.0,2012
0,19,9770,10058,144642,3832353,18362062.0,2012
0,20,24,54,9933,434052,3145398.0,2012
0,21,14,27,0,136918,863900.0,2012
0,22,13,37,6392,291614,1733254.0,2012
0,23,8,36,0,0,0.0,2012
0,24,5,6,0,17941,91688.0,2012
0,25,22,88,16357,615109,5881150.0,2012
0,26,42,312,86189,3953770,31795902.0,2012
0,1,8915,9471,203555,6650167,37477933.0,2012
0,2,3977,3980,7671,143768,483199.0,2012
0,3,1953,1956,12863,200175,697571.0,2012
0,4,953,963,11079,182679,611161.0,2012
0,5,524,533,8632,146011,479983.0,2012
0,6,7407,7432,40245,672633,2271914.0,2012
0,7,339,347,7181,133842,435827.0,2012
0,8,202,214,5326,102054,357283.0,2012
0,9,143,156,4394,95928,296816.0,2012
0,10,102,109,3539,75042,237957.0,2012
0,11,164,197,6713,171884,636421.0,2012
0,12,162,190,8986,237078,1087271.0,2012
0,13,91,115,6908,203453,891500.0,2012
0,14,92,119,9694,295268,1331269.0,2012
0,15,32,56,4826,161030,701771.0,2012
0,16,43,51,8181,310262,1528048.0,2012
0,17,24,53,6355,233347,1091405.0,2012
0,18,18,22,5192,176931,821339.0,2012
0,19,8819,9061,117540,2868752,11688821.0,2012
0,20,16,41,6502,283207,1859777.0,2012
0,21,9,18,1969,71127,375214.0,2012
0,22,12,30,5820,273236,1527964.0,2012
0,23,7,30,0,0,0.0,2012
0,24,3,4,0,0,0.0,2012
0,25,16,55,8744,340933,2622922.0,2012
0,26,33,232,0,0,0.0,2012
0,1,6423,6595,56360,1004721,3184667.0,2012
0,2,3119,3121,6120,103530,323701.0,2012
0,3,1521,1524,9956,148552,494306.0,2012
0,4,682,691,7930,119887,363163.0,2012
0,5,388,397,6414,101841,304880.0,2012
0,6,5710,5733,30420,473810,1486050.0,2012
0,7,230,237,4879,85485,247482.0,2012
0,8,115,126,3050,53613,165956.0,2012
0,9,81,93,2408,46259,129064.0,2012
0,10,67,71,2309,47023,129642.0,2012
0,11,76,96,3087,63759,188986.0,2012
0,12,64,85,3278,69476,231421.0,2012
0,13,29,49,1955,40430,126887.0,2012
0,14,17,39,1622,33301,135136.0,2012
0,15,6,11,0,0,0.0,2012
0,16,5,7,676,19968,0.0,2012
0,17,3,17,0,0,0.0,2012
0,18,3,3,0,0,0.0,2012
0,19,6406,6567,55235,974280,3059393.0,2012
0,20,2,12,0,0,0.0,2012
0,21,2,2,0,0,0.0,2012
0,22,2,2,0,0,0.0,2012
0,23,2,2,0,0,0.0,2012
0,25,3,4,0,0,0.0,2012
0,26,6,6,344,10992,71143.0,2012
0,1,2321,2644,126294,4920419,28774231.0,2012
0,2,816,817,1468,38824,150363.0,2012
0,3,409,409,2747,48259,180277.0,2012
0,4,258,258,2993,58421,218968.0,2012
0,5,126,126,2052,40337,150941.0,2012
0,6,1609,1610,9260,185841,700549.0,2012
0,7,99,99,2058,42005,144377.0,2012
0,8,80,81,2095,44182,158650.0,2012
0,9,57,58,1817,44452,148169.0,2012
0,10,32,35,1110,22065,79915.0,2012
0,11,79,88,3163,94862,347680.0,2012
0,12,84,91,4856,139310,698939.0,2012
0,13,51,54,3942,124210,493531.0,2012
0,14,67,72,7076,230297,1002392.0,2012
0,15,23,39,3269,118280,515710.0,2012
0,16,33,38,6478,260320,1251164.0,2012
0,17,20,31,5088,196511,907779.0,2012
0,18,10,12,2838,107844,464133.0,2012
0,19,2244,2308,53050,1610179,6912988.0,2012
0,20,12,27,4731,230915,1540505.0,2012
0,21,7,16,1853,67104,363941.0,2012
0,22,11,25,4806,219081,1265971.0,2012
0,23,4,22,0,0,0.0,2012
0,24,3,4,0,0,0.0,2012
0,25,13,33,5393,225930,0.0,2012
0,26,27,209,0,0,0.0,2012
0,1,205,232,20901,725027,5519035.0,2012
0,2,42,42,83,1414,9135.0,2012
0,3,23,23,160,3364,22988.0,2012
0,4,14,14,156,4371,29030.0,2012
0,5,10,10,166,3833,24162.0,2012
0,6,89,89,565,12982,85315.0,2012
0,7,11,11,244,6352,43968.0,2012
0,8,7,7,181,4259,32677.0,2012
0,9,5,5,169,5217,19583.0,2012
0,10,3,3,0,0,0.0,2012
0,11,12,13,463,13263,99755.0,2012
0,12,14,14,852,28292,156911.0,2012
0,13,12,12,1011,38813,271082.0,2012
0,14,8,8,996,31670,193741.0,2012
0,15,6,6,915,24698,129592.0,2012
0,16,5,6,1027,29974,185726.0,2012
0,17,4,5,0,0,0.0,2012
0,18,6,7,1877,58971,318026.0,2012
0,19,182,186,9255,284293,1716440.0,2012
0,20,2,2,0,0,0.0,2012
0,22,2,3,0,0,0.0,2012
0,23,2,6,0,0,0.0,2012
0,25,5,18,0,0,0.0,2012
0,26,12,17,5015,181896,1473145.0,2012
0,1,678,789,53609,2371081,23328339.0,2012
0,2,205,205,347,8190,48212.0,2012
0,3,102,102,693,16260,104288.0,2012
0,4,62,62,752,19337,110054.0,2012
0,5,46,46,799,25680,131404.0,2012
0,6,415,415,2591,69467,393958.0,2012
0,7,28,28,594,18439,106609.0,2012
0,8,33,33,860,32428,249987.0,2012
0,9,14,14,385,10119,73197.0,2012
0,10,10,11,375,11525,60505.0,2012
0,11,25,29,1082,36543,267391.0,2012
0,12,28,29,1626,69722,405987.0,2012
0,13,15,15,1187,49359,354670.0,2012
0,14,23,28,2061,84256,544142.0,2012
0,15,10,14,1432,47528,237164.0,2012
0,16,12,19,2745,143557,1089504.0,2012
0,17,10,15,1947,69847,909834.0,2012
0,18,8,12,1713,87008,772787.0,2012
0,19,631,662,18598,729798,5465735.0,2012
0,20,8,12,0,0,0.0,2012
0,21,5,7,544,23515,168895.0,2012
0,22,2,7,0,0,0.0,2012
0,23,3,6,0,0,0.0,2012
0,24,2,2,0,0,0.0,2012
0,25,11,32,7316,267434,3231242.0,2012
0,26,16,61,21974,1128011,12453011.0,2012
0,1,309,350,30124,1360743,11705065.0,2012
0,2,109,109,179,3969,19073.0,2012
0,3,48,48,329,6065,30702.0,2012
0,4,26,26,308,7466,37055.0,2012
0,5,21,21,361,9168,38839.0,2012
0,6,204,204,1177,26668,125669.0,2012
0,7,13,13,281,7450,51600.0,2012
0,8,11,11,290,10779,55234.0,2012
0,9,3,3,94,2196,14601.0,2012
0,10,4,4,117,4039,14542.0,2012
0,11,7,7,307,10703,45595.0,2012
0,12,13,13,753,31434,163484.0,2012
0,13,7,7,504,19149,84287.0,2012
0,14,11,12,1057,42112,254820.0,2012
0,15,5,5,644,17751,90703.0,2012
0,16,5,5,0,0,0.0,2012
0,17,3,5,1039,34487,198501.0,2012
0,18,3,3,703,28094,193468.0,2012
0,19,289,292,8054,296734,1779809.0,2012
0,20,3,5,0,0,0.0,2012
0,21,1,1,0,0,0.0,2012
0,23,1,4,0,0,0.0,2012
0,25,5,9,3182,111865,895566.0,2012
0,26,10,39,16170,845345,8375776.0,2012
0,1,375,439,23485,1010338,11623274.0,2012
0,2,96,96,168,4221,29139.0,2012
0,3,54,54,364,10195,73586.0,2012
0,4,36,36,444,11871,72999.0,2012
0,5,25,25,438,16512,92565.0,2012
0,6,211,211,1414,42799,268289.0,2012
0,7,15,15,313,10989,55009.0,2012
0,8,22,22,570,21649,194753.0,2012
0,9,11,11,291,7923,58596.0,2012
0,10,7,7,258,7486,45963.0,2012
0,11,18,22,775,25840,221796.0,2012
0,12,15,16,873,38288,242503.0,2012
0,13,8,8,683,30210,270383.0,2012
0,14,12,16,1004,42144,289322.0,2012
0,15,5,9,0,0,0.0,2012
0,16,7,14,1657,81685,602199.0,2012
0,17,7,10,0,0,0.0,2012
0,18,5,9,0,0,0.0,2012
0,19,343,370,10544,433064,3685926.0,2012
0,20,5,7,1540,79362,0.0,2012
0,21,4,6,534,23129,161842.0,2012
0,22,2,7,0,0,0.0,2012
0,23,2,2,0,0,0.0,2012
0,24,2,2,0,0,0.0,2012
0,25,8,23,0,155569,2335676.0,2012
0,26,9,22,5804,282666,0.0,2012
0,1,334,358,16381,519758,3205173.0,2012
0,2,102,102,0,6649,56591.0,2012
0,3,53,53,345,4928,25763.0,2012
0,4,31,31,361,6581,39637.0,2012
0,5,23,23,376,5932,30099.0,2012
0,6,209,209,1276,24090,152090.0,2012
0,7,23,23,507,11407,58101.0,2012
0,8,7,7,0,0,0.0,2012
0,9,8,9,0,5792,34254.0,2012
0,10,11,12,375,8089,25649.0,2012
0,11,12,12,426,9849,51513.0,2012
0,12,18,19,1014,29238,118043.0,2012
0,13,12,15,925,23493,125723.0,2012
0,14,10,11,1155,35426,199704.0,2012
0,15,7,8,868,29516,119534.0,2012
0,16,6,7,1016,37694,232827.0,2012
0,17,2,2,0,0,0.0,2012
0,18,1,1,0,0,0.0,2012
0,19,326,335,8504,233803,1207506.0,2012
0,20,1,1,0,0,0.0,2012
0,21,2,2,0,0,0.0,2012
0,25,1,1,0,0,0.0,2012
0,26,4,19,6513,236507,1649829.0,2012
0,1,334,358,16381,519758,3205173.0,2012
0,2,102,102,0,6649,56591.0,2012
0,3,53,53,345,4928,25763.0,2012
0,4,31,31,361,6581,39637.0,2012
0,5,23,23,376,5932,30099.0,2012
0,6,209,209,1276,24090,152090.0,2012
0,7,23,23,507,11407,58101.0,2012
0,8,7,7,0,0,0.0,2012
0,9,8,9,0,5792,34254.0,2012
0,10,11,12,375,8089,25649.0,2012
0,11,12,12,426,9849,51513.0,2012
0,12,18,19,1014,29238,118043.0,2012
0,13,12,15,925,23493,125723.0,2012
0,14,10,11,1155,35426,199704.0,2012
0,15,7,8,868,29516,119534.0,2012
0,16,6,7,1016,37694,232827.0,2012
0,17,2,2,0,0,0.0,2012
0,18,1,1,0,0,0.0,2012
0,19,326,335,8504,233803,1207506.0,2012
0,20,1,1,0,0,0.0,2012
0,21,2,2,0,0,0.0,2012
0,25,1,1,0,0,0.0,2012
0,26,4,19,6513,236507,1649829.0,2012
0,1,2841,3278,167638,7395639,96550775.0,2012
0,2,960,960,1639,64228,793806.0,2012
0,3,476,476,3128,94164,809008.0,2012
0,4,258,259,3041,93707,676797.0,2012
0,5,159,161,2622,98058,830581.0,2012
0,6,1853,1856,10430,350157,3110192.0,2012
0,7,98,98,2054,78785,602695.0,2012
0,8,77,77,2022,69045,540641.0,2012
0,9,63,65,1962,69610,567484.0,2012
0,10,45,48,1584,64345,563326.0,2012
0,11,86,88,3571,133867,1187708.0,2012
0,12,143,159,7722,325187,2584503.0,2012
0,13,90,110,7180,292641,2583127.0,2012
0,14,90,114,9357,436367,3858701.0,2012
0,15,46,64,6631,291116,2415846.0,2012
0,16,57,81,10455,486193,4694074.0,2012
0,17,39,75,7834,318025,4152745.0,2012
0,18,20,37,5883,269049,2253375.0,2012
0,19,2707,2872,76685,3184387,29114417.0,2012
0,20,27,48,8705,405598,3350265.0,2012
0,21,14,31,7796,337254,3675126.0,2012
0,22,16,38,8743,407260,4534183.0,2012
0,23,11,24,5965,311459,2831495.0,2012
0,24,5,14,0,0,0.0,2012
0,25,22,93,22626,1001180,15418850.0,2012
0,26,39,158,34616,1622319,36414840.0,2012
0,1,512,612,46730,1931423,32559092.0,2012
0,2,133,133,250,6868,139724.0,2012
0,3,94,94,612,19975,203741.0,2012
0,4,38,39,443,11498,93940.0,2012
0,5,31,32,492,14336,118916.0,2012
0,6,296,298,1797,52677,556321.0,2012
0,7,17,17,350,9181,97032.0,2012
0,8,18,18,476,15704,165560.0,2012
0,9,18,19,573,17853,147063.0,2012
0,10,11,11,385,16323,146598.0,2012
0,11,22,23,913,28039,335963.0,2012
0,12,28,29,1647,59819,564201.0,2012
0,13,15,15,1049,31188,412319.0,2012
0,14,14,15,1472,62417,644354.0,2012
0,15,10,11,1619,67591,749733.0,2012
0,16,13,16,2351,102896,1272934.0,2012
0,17,7,13,1907,65276,0.0,2012
0,18,4,5,1431,57183,894766.0,2012
0,19,473,490,15970,586147,7102371.0,2012
0,20,7,13,1890,87549,874766.0,2012
0,21,3,7,1251,47746,441225.0,2012
0,22,8,20,0,0,0.0,2012
0,23,1,4,0,0,0.0,2012
0,24,1,6,0,0,0.0,2012
0,25,4,8,1937,77038,1054113.0,2012
0,26,15,64,16796,736847,0.0,2012
0,1,208,234,15971,669424,10805691.0,2012
0,2,49,49,98,2692,39225.0,2012
0,3,37,37,248,9371,130077.0,2012
0,4,13,13,150,4903,49118.0,2012
0,5,10,10,162,5830,53556.0,2012
0,6,109,109,658,22796,271976.0,2012
0,7,7,7,145,5384,59968.0,2012
0,8,8,8,217,7135,101615.0,2012
0,9,3,3,99,4334,51820.0,2012
0,10,7,7,260,12848,114806.0,2012
0,11,9,9,371,10043,207676.0,2012
0,12,14,15,793,29770,404701.0,2012
0,13,9,9,712,22502,358689.0,2012
0,14,6,6,666,30900,476450.0,2012
0,15,5,5,865,31057,461474.0,2012
0,16,7,7,0,0,0.0,2012
0,17,5,11,0,0,0.0,2012
0,18,2,2,0,0,0.0,2012
0,19,191,198,7869,287171,4682814.0,2012
0,20,2,2,0,0,0.0,2012
0,21,1,4,0,0,0.0,2012
0,22,4,9,0,0,0.0,2012
0,25,2,5,0,0,0.0,2012
0,26,8,16,2728,128948,2259505.0,2012
0,1,307,378,30759,1261999,21753401.0,2012
0,2,84,84,152,4176,0.0,2012
0,3,57,57,364,10604,73664.0,2012
0,4,26,26,293,6595,44822.0,2012
0,5,21,22,330,8506,65360.0,2012
0,6,188,189,1139,29881,284345.0,2012
0,7,10,10,205,3797,37064.0,2012
0,8,10,10,259,8569,63945.0,2012
0,9,15,16,474,13519,95243.0,2012
0,10,4,4,125,3475,31792.0,2012
0,11,13,14,542,17996,128287.0,2012
0,12,14,14,854,30049,159500.0,2012
0,13,6,6,337,8686,53630.0,2012
0,14,8,9,0,0,0.0,2012
0,15,5,6,0,36534,288259.0,2012
0,16,6,9,1364,61834,586880.0,2012
0,17,2,2,0,0,0.0,2012
0,18,2,3,0,0,0.0,2012
0,19,283,292,8101,298976,2419557.0,2012
0,20,5,11,1694,76582,702332.0,2012
0,21,2,3,0,0,0.0,2012
0,22,5,11,0,0,0.0,2012
0,23,1,4,0,0,0.0,2012
0,24,1,6,0,0,0.0,2012
0,25,2,3,0,0,0.0,2012
0,26,8,48,0,0,0.0,2012
0,1,410,445,16085,829913,12884508.0,2012
0,2,182,182,304,8145,77048.0,2012
0,3,75,75,474,13431,111808.0,2012
0,4,33,33,350,9009,78208.0,2012
0,5,17,17,275,8969,73891.0,2012
0,6,307,307,1403,39554,340955.0,2012
0,7,11,11,223,7931,61272.0,2012
0,8,10,10,237,7261,43665.0,2012
0,9,7,7,211,8233,50324.0,2012
0,10,5,5,179,7019,60747.0,2012
0,11,8,8,313,14328,0.0,2012
0,12,16,16,714,33661,270353.0,2012
0,13,7,16,527,28144,233830.0,2012
0,14,8,8,571,23627,256028.0,2012
0,15,6,8,375,16340,170195.0,2012
0,16,6,7,1015,48232,523992.0,2012
0,17,5,12,1455,79714,1304740.0,2012
0,19,396,415,7223,314044,3504629.0,2012
0,21,3,3,0,0,0.0,2012
0,22,1,1,0,0,0.0,2012
0,23,2,3,0,0,0.0,2012
0,25,3,12,0,0,0.0,2012
0,26,5,11,2410,144264,3281191.0,2012
0,1,410,445,16085,829913,12884508.0,2012
0,2,182,182,304,8145,77048.0,2012
0,3,75,75,474,13431,111808.0,2012
0,4,33,33,350,9009,78208.0,2012
0,5,17,17,275,8969,73891.0,2012
0,6,307,307,1403,39554,340955.0,2012
0,7,11,11,223,7931,61272.0,2012
0,8,10,10,237,7261,43665.0,2012
0,9,7,7,211,8233,50324.0,2012
0,10,5,5,179,7019,60747.0,2012
0,11,8,8,313,14328,0.0,2012
0,12,16,16,714,33661,270353.0,2012
0,13,7,16,527,28144,233830.0,2012
0,14,8,8,571,23627,256028.0,2012
0,15,6,8,375,16340,170195.0,2012
0,16,6,7,1015,48232,523992.0,2012
0,17,5,12,1455,79714,1304740.0,2012
0,19,396,415,7223,314044,3504629.0,2012
0,21,3,3,0,0,0.0,2012
0,22,1,1,0,0,0.0,2012
0,23,2,3,0,0,0.0,2012
0,25,3,12,0,0,0.0,2012
0,26,5,11,2410,144264,3281191.0,2012
0,1,138,153,6633,424330,8540957.0,2012
0,2,42,42,77,4438,57639.0,2012
0,3,17,17,110,3541,33613.0,2012
0,4,14,14,174,9394,66350.0,2012
0,5,8,8,0,5077,43215.0,2012
0,6,81,81,489,22450,200817.0,2012
0,7,6,6,140,6790,43324.0,2012
0,8,6,6,167,7855,51490.0,2012
0,9,3,3,94,3167,19845.0,2012
0,10,3,3,0,0,0.0,2012
0,11,5,5,223,12914,94354.0,2012
0,12,4,4,191,10527,63119.0,2012
0,13,4,6,285,15259,118884.0,2012
0,14,6,7,727,87286,572450.0,2012
0,15,1,1,0,0,0.0,2012
0,16,4,4,0,0,0.0,2012
0,17,1,1,0,0,0.0,2012
0,18,1,1,0,0,0.0,2012
0,19,125,128,3424,231421,1672920.0,2012
0,20,3,3,0,0,0.0,2012
0,21,1,1,0,0,0.0,2012
0,22,2,2,0,0,0.0,2012
0,23,2,2,0,0,0.0,2012
0,25,2,5,0,0,0.0,2012
0,26,3,12,0,0,0.0,2012
0,1,138,153,6633,424330,8540957.0,2012
0,2,42,42,77,4438,57639.0,2012
0,3,17,17,110,3541,33613.0,2012
0,4,14,14,174,9394,66350.0,2012
0,5,8,8,0,5077,43215.0,2012
0,6,81,81,489,22450,200817.0,2012
0,7,6,6,140,6790,43324.0,2012
0,8,6,6,167,7855,51490.0,2012
0,9,3,3,94,3167,19845.0,2012
0,10,3,3,0,0,0.0,2012
0,11,5,5,223,12914,94354.0,2012
0,12,4,4,191,10527,63119.0,2012
0,13,4,6,285,15259,118884.0,2012
0,14,6,7,727,87286,572450.0,2012
0,15,1,1,0,0,0.0,2012
0,16,4,4,0,0,0.0,2012
0,17,1,1,0,0,0.0,2012
0,18,1,1,0,0,0.0,2012
0,19,125,128,3424,231421,1672920.0,2012
0,20,3,3,0,0,0.0,2012
0,21,1,1,0,0,0.0,2012
0,22,2,2,0,0,0.0,2012
0,23,2,2,0,0,0.0,2012
0,25,2,5,0,0,0.0,2012
0,26,3,12,0,0,0.0,2012
0,1,642,731,31652,1727166,19253512.0,2012
0,2,225,225,352,19811,138024.0,2012
0,3,92,92,598,24874,197569.0,2012
0,4,48,48,577,25305,172044.0,2012
0,5,34,35,555,34006,311984.0,2012
0,6,399,400,2082,103996,819621.0,2012
0,7,23,23,482,31509,184166.0,2012
0,8,13,13,356,17081,117653.0,2012
0,9,15,16,460,19956,157394.0,2012
0,10,8,9,276,13240,119554.0,2012
0,11,15,16,573,27430,297339.0,2012
0,12,34,37,1833,110376,699995.0,2012
0,13,26,28,2028,105380,770754.0,2012
0,14,22,31,2264,111175,897636.0,2012
0,15,11,16,1887,118804,890032.0,2012
0,16,16,21,2214,104447,974472.0,2012
0,17,8,9,645,30139,223224.0,2012
0,18,7,21,1776,114444,783342.0,2012
0,19,597,640,16876,907977,6935182.0,2012
0,20,9,13,2460,126223,734361.0,2012
0,21,4,9,1591,84414,1541433.0,2012
0,22,4,6,0,0,0.0,2012
0,23,5,8,973,63316,723455.0,2012
0,24,1,1,0,0,0.0,2012
0,25,10,34,4408,248902,4668205.0,2012
0,26,12,20,4093,216404,3804057.0,2012
0,1,303,348,14551,715427,10009477.0,2012
0,2,118,118,171,9300,59263.0,2012
0,3,49,49,314,11329,120612.0,2012
0,4,14,14,169,5826,42484.0,2012
0,5,15,15,242,11922,91430.0,2012
0,6,196,196,896,38377,313789.0,2012
0,7,12,12,260,10006,85901.0,2012
0,8,7,7,176,6985,0.0,2012
0,9,10,11,299,10021,104943.0,2012
0,10,2,2,0,0,0.0,2012
0,11,8,8,295,13114,95190.0,2012
0,12,10,12,539,27038,192446.0,2012
0,13,14,15,1119,51670,418535.0,2012
0,14,8,14,771,30747,330103.0,2012
0,15,3,4,550,30973,320598.0,2012
0,16,7,9,1010,41167,491479.0,2012
0,17,2,2,0,0,0.0,2012
0,18,3,16,0,0,0.0,2012
0,19,282,308,6571,287466,2808040.0,2012
0,20,3,5,733,38237,231999.0,2012
0,21,3,6,1355,72182,1432437.0,2012
0,25,9,17,2676,146653,2558083.0,2012
0,26,6,12,0,170889,2978918.0,2012
0,1,344,383,17101,1011739,9244035.0,2012
0,2,107,107,181,10511,78761.0,2012
0,3,43,43,284,13545,76957.0,2012
0,4,34,34,408,19479,129560.0,2012
0,5,19,20,313,22084,220554.0,2012
0,6,203,204,1186,65619,505832.0,2012
0,7,11,11,0,21503,0.0,2012
0,8,6,6,0,10096,64276.0,2012
0,9,5,5,161,9935,52451.0,2012
0,10,6,7,201,10856,104998.0,2012
0,11,7,8,278,14316,0.0,2012
0,12,24,25,1294,83338,507549.0,2012
0,13,12,13,909,53710,352219.0,2012
0,14,14,17,1493,80428,567533.0,2012
0,15,8,12,1337,87831,569434.0,2012
0,16,9,12,1204,63280,482993.0,2012
0,17,7,7,564,26845,170970.0,2012
0,18,4,5,1276,92754,448473.0,2012
0,19,316,332,10305,620511,4127142.0,2012
0,20,7,8,0,0,0.0,2012
0,21,2,3,0,0,0.0,2012
0,22,4,6,0,0,0.0,2012
0,23,5,8,973,63316,723455.0,2012
0,24,1,1,0,0,0.0,2012
0,25,3,17,1732,102249,0.0,2012
0,26,6,8,877,45515,825139.0,2012
0,1,1198,1337,66538,2482807,23312706.0,2012
0,2,378,378,656,24966,381371.0,2012
0,3,198,198,1334,32343,262277.0,2012
0,4,125,125,1497,38501,266255.0,2012
0,5,69,69,1172,35670,282575.0,2012
0,6,770,770,4659,131480,1192478.0,2012
0,7,41,41,859,23374,216901.0,2012
0,8,30,30,786,21144,162273.0,2012
0,9,20,20,624,20401,192858.0,2012
0,10,20,20,671,23569,203716.0,2012
0,11,36,36,1549,51156,271524.0,2012
0,12,61,73,3337,110804,986835.0,2012
0,13,40,45,3291,112670,1047340.0,2012
0,14,41,53,4323,151862,1488233.0,2012
0,15,21,28,2717,86266,590587.0,2012
0,16,21,33,3924,174294,1470557.0,2012
0,17,20,40,3806,141960,1507150.0,2012
0,18,9,10,2646,95818,568863.0,2012
0,19,1130,1199,33192,1144798,9899315.0,2012
0,20,12,19,3282,142090,1300106.0,2012
0,21,6,11,3562,125793,778739.0,2012
0,22,6,9,2022,74621,575067.0,2012
0,23,6,7,0,0,0.0,2012
0,24,4,7,0,0,0.0,2012
0,25,9,34,11313,391928,4713869.0,2012
0,26,25,51,10214,451909,4840388.0,2012
0,1,640,696,40041,1307396,10906094.0,2012
0,2,181,181,342,10963,0.0,2012
0,3,109,109,746,14239,105705.0,2012
0,4,71,71,848,18737,113490.0,2012
0,5,34,34,587,13987,77173.0,2012
0,6,395,395,2523,57926,545691.0,2012
0,7,20,20,420,9734,63228.0,2012
0,8,20,20,522,12394,68817.0,2012
0,9,12,12,366,10154,66028.0,2012
0,10,9,9,344,9359,76394.0,2012
0,11,22,22,935,26908,125723.0,2012
0,12,35,42,1831,48904,361825.0,2012
0,13,19,22,1659,55688,353778.0,2012
0,14,26,27,2867,81803,617108.0,2012
0,15,14,19,2124,67176,435471.0,2012
0,16,11,14,2088,62769,459206.0,2012
0,17,11,19,1979,62654,622216.0,2012
0,18,6,6,1891,57910,287437.0,2012
0,19,600,627,19549,563379,4082922.0,2012
0,20,9,14,2158,90847,953720.0,2012
0,21,4,8,2275,79100,385208.0,2012
0,22,1,1,0,0,0.0,2012
0,23,2,2,0,0,0.0,2012
0,24,2,2,0,0,0.0,2012
0,25,5,23,0,0,0.0,2012
0,26,17,19,5164,187008,1788687.0,2012
0,1,567,641,26497,1175411,12406612.0,2012
0,2,197,197,314,14003,132048.0,2012
0,3,89,89,588,18104,156572.0,2012
0,4,54,54,649,19764,152765.0,2012
0,5,35,35,585,21683,205402.0,2012
0,6,375,375,2136,73554,646787.0,2012
0,7,21,21,439,13640,153673.0,2012
0,8,10,10,264,8750,93456.0,2012
0,9,8,8,258,10247,126830.0,2012
0,10,11,11,327,14210,127322.0,2012
0,11,14,14,614,24248,145801.0,2012
0,12,26,31,1506,61900,625010.0,2012
0,13,21,23,1632,56982,693562.0,2012
0,14,15,26,1456,70059,871125.0,2012
0,15,7,9,593,19090,155116.0,2012
0,16,10,19,1836,111525,1011351.0,2012
0,17,10,21,1827,79306,884934.0,2012
0,18,4,4,755,37908,281426.0,2012
0,19,532,572,13643,581419,5816393.0,2012
0,20,5,5,0,0,0.0,2012
0,21,3,3,1287,46693,393531.0,2012
0,22,5,8,1889,70411,555069.0,2012
0,23,4,5,578,36524,380552.0,2012
0,24,2,5,0,0,0.0,2012
0,25,5,11,2508,99108,1619148.0,2012
0,26,11,32,5050,264901,3051701.0,2012
0,1,4445,5075,150738,7711530,142739385.0,2012
0,2,2142,2143,3462,131212,906656.0,2012
0,3,843,843,5603,160136,1018024.0,2012
0,4,385,385,4539,137098,818353.0,2012
0,5,226,227,3738,131579,837192.0,2012
0,6,3596,3598,17342,560025,3580225.0,2012
0,7,164,167,3572,114708,708631.0,2012
0,8,105,108,2727,90363,569464.0,2012
0,9,72,74,2248,81872,512589.0,2012
0,10,60,63,2138,83619,891246.0,2012
0,11,71,72,3052,114232,743056.0,2012
0,12,101,111,5962,236711,1866558.0,2012
0,13,46,51,3479,156173,1357058.0,2012
0,14,53,67,5534,287229,2526220.0,2012
0,15,30,47,3574,182258,1496664.0,2012
0,16,27,47,4534,245429,3870567.0,2012
0,17,20,26,2788,154552,1327053.0,2012
0,18,12,17,2542,156517,888655.0,2012
0,19,4357,4448,59492,2463688,20337986.0,2012
0,20,15,30,5004,258405,2874892.0,2012
0,21,13,65,5990,347336,4276056.0,2012
0,22,15,83,9060,454983,5729214.0,2012
0,23,11,107,6298,260517,5893317.0,2012
0,24,4,15,2210,129946,3555008.0,2012
0,25,8,68,7535,478986,11247824.0,2012
0,26,22,259,55149,3317669,88825088.0,2012
0,1,4353,4961,136139,6781175,101689876.0,2012
0,2,2108,2109,3406,128034,782546.0,2012
0,3,835,835,5546,158101,999768.0,2012
0,4,382,382,4497,136384,808373.0,2012
0,5,224,225,3707,130687,799157.0,2012
0,6,3549,3551,17156,553206,3389844.0,2012
0,7,161,164,3501,110768,619242.0,2012
0,8,102,105,2647,88936,557402.0,2012
0,9,68,70,2118,77686,463164.0,2012
0,10,56,59,2003,76722,612118.0,2012
0,11,70,71,3000,111902,700345.0,2012
0,12,93,101,5503,219777,1271716.0,2012
0,13,42,47,3202,141821,1073479.0,2012
0,14,49,63,5066,260012,1981463.0,2012
0,15,28,45,3302,166159,1376586.0,2012
0,16,26,46,4504,243978,3808378.0,2012
0,17,18,24,2525,145931,1215383.0,2012
0,18,12,17,2542,156517,888655.0,2012
0,19,4274,4363,57069,2353415,17957775.0,2012
0,20,13,26,4385,230175,2632260.0,2012
0,21,12,64,5706,330291,3713266.0,2012
0,22,12,78,7232,335452,3434900.0,2012
0,23,10,104,4895,230275,5328373.0,2012
0,24,4,15,2210,129946,3555008.0,2012
0,25,7,66,5912,349556,0.0,2012
0,26,21,245,48730,2822065,60981436.0,2012
0,1,765,1201,63583,3011687,48356855.0,2012
0,2,332,333,610,25167,233672.0,2012
0,3,136,136,882,27809,230056.0,2012
0,4,63,63,747,27949,240270.0,2012
0,5,42,42,714,26983,209378.0,2012
0,6,573,574,2953,107908,913376.0,2012
0,7,28,30,620,23978,167628.0,2012
0,8,15,16,349,13789,135045.0,2012
0,9,10,10,310,11120,116935.0,2012
0,10,4,4,0,0,0.0,2012
0,11,11,11,430,18702,188208.0,2012
0,12,13,14,713,29175,277380.0,2012
0,13,15,16,1193,49661,518301.0,2012
0,14,18,22,1824,87232,983885.0,2012
0,15,6,6,0,0,0.0,2012
0,16,12,20,1984,95121,1079226.0,2012
0,17,9,15,1217,49707,578817.0,2012
0,18,3,3,347,16391,287068.0,2012
0,19,717,741,12739,541235,5676483.0,2012
0,20,4,7,992,49872,226582.0,2012
0,21,6,47,3159,142118,1786337.0,2012
0,22,10,65,6384,284384,2818805.0,2012
0,23,7,96,3906,174209,3147963.0,2012
0,24,3,8,1297,74394,1150375.0,2012
0,25,4,39,3433,172990,1067934.0,2012
0,26,14,198,31673,1572485,32482376.0,2012
0,1,244,450,48638,2349494,41821284.0,2012
0,2,62,62,113,5216,81439.0,2012
0,3,29,29,0,7882,125823.0,2012
0,4,21,21,255,11886,164343.0,2012
0,5,10,10,177,6616,100269.0,2012
0,6,122,122,715,31600,471874.0,2012
0,7,7,7,162,5740,71623.0,2012
0,8,8,8,193,6535,101815.0,2012
0,9,4,4,124,4789,69685.0,2012
0,10,3,3,0,0,0.0,2012
0,11,6,6,255,11617,139301.0,2012
0,12,8,8,466,18680,202842.0,2012
0,13,12,12,973,40079,487601.0,2012
0,14,14,16,1393,69646,809336.0,2012
0,15,4,4,0,0,0.0,2012
0,16,9,9,1391,65555,656260.0,2012
0,17,6,6,777,32535,351552.0,2012
0,18,3,3,347,16391,287068.0,2012
0,19,206,208,7340,333053,3984564.0,2012
0,20,4,7,992,49872,226582.0,2012
0,21,4,7,1705,78267,912135.0,2012
0,22,9,34,5125,243974,2522238.0,2012
0,23,6,19,2399,123733,2876204.0,2012
0,24,3,7,0,0,0.0,2012
0,25,2,6,0,0,0.0,2012
0,26,10,162,28653,1384013,29587007.0,2012
0,1,219,308,10203,501898,5829090.0,2012
0,2,107,108,199,10146,109576.0,2012
0,3,44,44,295,7063,56752.0,2012
0,4,10,10,123,3699,31876.0,2012
0,5,12,12,207,8993,69082.0,2012
0,6,173,174,824,29901,267286.0,2012
0,7,8,8,177,7234,48462.0,2012
0,8,1,2,0,0,0.0,2012
0,9,2,2,0,0,0.0,2012
0,10,1,1,0,0,0.0,2012
0,11,3,3,0,0,0.0,2012
0,12,4,5,202,8884,67667.0,2012
0,13,3,3,0,8360,26819.0,2012
0,14,5,6,431,17586,174549.0,2012
0,15,2,2,0,0,0.0,2012
0,16,3,11,593,29566,422966.0,2012
0,17,3,9,0,0,0.0,2012
0,19,208,226,3313,135563,1414950.0,2012
0,21,1,6,0,0,0.0,2012
0,22,1,7,0,0,0.0,2012
0,23,1,1,0,0,0.0,2012
0,24,1,1,0,0,0.0,2012
0,25,3,33,0,0,0.0,2012
0,26,4,34,0,0,0.0,2012
0,1,310,443,4742,160295,706481.0,2012
0,2,163,163,298,9805,42657.0,2012
0,3,63,63,417,12864,47481.0,2012
0,4,32,32,369,12364,44051.0,2012
0,5,20,20,330,11374,40027.0,2012
0,6,278,278,1414,46407,174216.0,2012
0,7,13,15,281,11004,47543.0,2012
0,8,6,6,133,6447,21487.0,2012
0,9,4,4,129,3952,15198.0,2012
0,11,2,2,0,0,0.0,2012
0,12,1,1,0,0,0.0,2012
0,13,1,1,0,0,0.0,2012
0,19,305,307,2086,72619,276969.0,2012
0,21,1,34,0,0,0.0,2012
0,22,1,24,0,0,0.0,2012
0,23,1,76,0,0,0.0,2012
0,26,2,2,0,0,0.0,2012
0,1,843,880,27740,1508933,28669029.0,2012
0,2,429,429,500,22694,134990.0,2012
0,3,122,122,818,20926,136031.0,2012
0,4,80,80,926,23775,130470.0,2012
0,5,37,37,593,17430,113267.0,2012
0,6,668,668,2837,84825,514758.0,2012
0,7,30,30,636,14093,88586.0,2012
0,8,20,20,550,15632,74664.0,2012
0,9,10,10,317,10683,57415.0,2012
0,10,14,15,504,16671,112516.0,2012
0,11,16,17,714,24244,135647.0,2012
0,12,31,31,1823,63300,368688.0,2012
0,13,14,17,1094,37228,199931.0,2012
0,14,10,11,941,42943,277999.0,2012
0,15,7,8,1012,46502,306638.0,2012
0,16,4,6,766,44312,832305.0,2012
0,17,4,4,442,26751,105386.0,2012
0,18,5,7,1075,61521,324055.0,2012
0,19,833,844,12711,488705,3398588.0,2012
0,20,4,5,1828,90220,680194.0,2012
0,21,2,3,0,0,0.0,2012
0,23,2,2,0,0,0.0,2012
0,26,2,26,0,0,0.0,2012
0,1,843,880,27740,1508933,28669029.0,2012
0,2,429,429,500,22694,134990.0,2012
0,3,122,122,818,20926,136031.0,2012
0,4,80,80,926,23775,130470.0,2012
0,5,37,37,593,17430,113267.0,2012
0,6,668,668,2837,84825,514758.0,2012
0,7,30,30,636,14093,88586.0,2012
0,8,20,20,550,15632,74664.0,2012
0,9,10,10,317,10683,57415.0,2012
0,10,14,15,504,16671,112516.0,2012
0,11,16,17,714,24244,135647.0,2012
0,12,31,31,1823,63300,368688.0,2012
0,13,14,17,1094,37228,199931.0,2012
0,14,10,11,941,42943,277999.0,2012
0,15,7,8,1012,46502,306638.0,2012
0,16,4,6,766,44312,832305.0,2012
0,17,4,4,442,26751,105386.0,2012
0,18,5,7,1075,61521,324055.0,2012
0,19,833,844,12711,488705,3398588.0,2012
0,20,4,5,1828,90220,680194.0,2012
0,21,2,3,0,0,0.0,2012
0,23,2,2,0,0,0.0,2012
0,26,2,26,0,0,0.0,2012
0,1,2519,2631,37896,1844423,15524979.0,2012
0,2,1216,1216,2103,71822,339926.0,2012
0,3,542,542,3599,98398,503228.0,2012
0,4,220,220,2596,77421,381536.0,2012
0,5,134,135,2216,78371,421845.0,2012
0,6,2112,2113,10514,326012,1646535.0,2012
0,7,98,99,2130,68959,338340.0,2012
0,8,64,66,1668,56667,291115.0,2012
0,9,46,48,1430,53877,269686.0,2012
0,10,35,36,1212,47816,289506.0,2012
0,11,42,42,1822,67441,350158.0,2012
0,12,48,55,2907,123050,589534.0,2012
0,13,12,13,847,51378,325394.0,2012
0,14,19,27,2080,119503,608319.0,2012
0,15,11,26,1332,65684,470648.0,2012
0,16,5,13,837,48211,375204.0,2012
0,17,4,4,0,0,0.0,2012
0,18,4,7,1120,78605,277532.0,2012
0,19,2500,2549,28459,1145207,6141764.0,2012
0,20,4,12,0,0,0.0,2012
0,21,3,10,0,0,0.0,2012
0,22,2,13,0,0,0.0,2012
0,23,1,1,0,0,0.0,2012
0,24,1,2,0,0,0.0,2012
0,25,3,23,0,0,0.0,2012
0,26,5,21,0,0,0.0,2012
0,1,2519,2631,37896,1844423,15524979.0,2012
0,2,1216,1216,2103,71822,339926.0,2012
0,3,542,542,3599,98398,503228.0,2012
0,4,220,220,2596,77421,381536.0,2012
0,5,134,135,2216,78371,421845.0,2012
0,6,2112,2113,10514,326012,1646535.0,2012
0,7,98,99,2130,68959,338340.0,2012
0,8,64,66,1668,56667,291115.0,2012
0,9,46,48,1430,53877,269686.0,2012
0,10,35,36,1212,47816,289506.0,2012
0,11,42,42,1822,67441,350158.0,2012
0,12,48,55,2907,123050,589534.0,2012
0,13,12,13,847,51378,325394.0,2012
0,14,19,27,2080,119503,608319.0,2012
0,15,11,26,1332,65684,470648.0,2012
0,16,5,13,837,48211,375204.0,2012
0,17,4,4,0,0,0.0,2012
0,18,4,7,1120,78605,277532.0,2012
0,19,2500,2549,28459,1145207,6141764.0,2012
0,20,4,12,0,0,0.0,2012
0,21,3,10,0,0,0.0,2012
0,22,2,13,0,0,0.0,2012
0,23,1,1,0,0,0.0,2012
0,24,1,2,0,0,0.0,2012
0,25,3,23,0,0,0.0,2012
0,26,5,21,0,0,0.0,2012
0,1,231,249,6920,416132,9139013.0,2012
0,2,131,131,193,8351,73958.0,2012
0,3,35,35,247,10968,130453.0,2012
0,4,19,19,228,7239,56097.0,2012
0,5,11,11,184,7903,54667.0,2012
0,6,196,196,852,34461,315175.0,2012
0,7,5,5,115,3738,24688.0,2012
0,8,3,3,80,2848,56578.0,2012
0,9,2,2,0,0,0.0,2012
0,10,4,4,0,0,0.0,2012
0,11,1,1,0,0,0.0,2012
0,12,1,1,0,0,0.0,2012
0,13,1,1,0,0,0.0,2012
0,14,2,3,0,0,0.0,2012
0,15,4,5,0,0,0.0,2012
0,16,5,7,917,56334,1521643.0,2012
0,17,1,1,0,0,0.0,2012
0,19,225,229,3160,178268,2740940.0,2012
0,20,1,2,0,0,0.0,2012
0,21,2,4,0,0,0.0,2012
0,23,1,5,0,0,0.0,2012
0,24,1,5,0,0,0.0,2012
0,25,1,4,0,0,0.0,2012
0,1,231,249,6920,416132,9139013.0,2012
0,2,131,131,193,8351,73958.0,2012
0,3,35,35,247,10968,130453.0,2012
0,4,19,19,228,7239,56097.0,2012
0,5,11,11,184,7903,54667.0,2012
0,6,196,196,852,34461,315175.0,2012
0,7,5,5,115,3738,24688.0,2012
0,8,3,3,80,2848,56578.0,2012
0,9,2,2,0,0,0.0,2012
0,10,4,4,0,0,0.0,2012
0,11,1,1,0,0,0.0,2012
0,12,1,1,0,0,0.0,2012
0,13,1,1,0,0,0.0,2012
0,14,2,3,0,0,0.0,2012
0,15,4,5,0,0,0.0,2012
0,16,5,7,917,56334,1521643.0,2012
0,17,1,1,0,0,0.0,2012
0,19,225,229,3160,178268,2740940.0,2012
0,20,1,2,0,0,0.0,2012
0,21,2,4,0,0,0.0,2012
0,23,1,5,0,0,0.0,2012
0,24,1,5,0,0,0.0,2012
0,25,1,4,0,0,0.0,2012
0,1,93,114,14599,930355,41049509.0,2012
0,2,34,34,0,3178,124110.0,2012
0,3,8,8,0,0,0.0,2012
0,4,3,3,0,0,0.0,2012
0,5,2,2,0,0,0.0,2012
0,6,47,47,0,6819,190381.0,2012
0,7,3,3,71,3940,0.0,2012
0,8,3,3,80,1427,12062.0,2012
0,9,4,4,130,4186,49425.0,2012
0,10,4,4,0,6897,0.0,2012
0,11,1,1,0,0,0.0,2012
0,12,8,10,459,16934,594842.0,2012
0,13,4,4,0,0,0.0,2012
0,14,4,4,0,0,0.0,2012
0,15,2,2,0,0,0.0,2012
0,16,1,1,0,0,0.0,2012
0,17,2,2,0,0,0.0,2012
0,19,83,85,2423,110273,2380211.0,2012
0,20,2,4,0,0,0.0,2012
0,21,1,1,0,0,0.0,2012
0,22,3,5,1828,119531,2294314.0,2012
0,23,1,3,0,0,0.0,2012
0,25,1,2,0,0,0.0,2012
0,26,2,14,0,0,0.0,2012
0,1,93,114,14599,930355,41049509.0,2012
0,2,34,34,0,3178,124110.0,2012
0,3,8,8,0,0,0.0,2012
0,4,3,3,0,0,0.0,2012
0,5,2,2,0,0,0.0,2012
0,6,47,47,0,6819,190381.0,2012
0,7,3,3,71,3940,0.0,2012
0,8,3,3,80,1427,12062.0,2012
0,9,4,4,130,4186,49425.0,2012
0,10,4,4,0,6897,0.0,2012
0,11,1,1,0,0,0.0,2012
0,12,8,10,459,16934,594842.0,2012
0,13,4,4,0,0,0.0,2012
0,14,4,4,0,0,0.0,2012
0,15,2,2,0,0,0.0,2012
0,16,1,1,0,0,0.0,2012
0,17,2,2,0,0,0.0,2012
0,19,83,85,2423,110273,2380211.0,2012
0,20,2,4,0,0,0.0,2012
0,21,1,1,0,0,0.0,2012
0,22,3,5,1828,119531,2294314.0,2012
0,23,1,3,0,0,0.0,2012
0,25,1,2,0,0,0.0,2012
0,26,2,14,0,0,0.0,2012
0,1,93,114,14599,930355,41049509.0,2012
0,2,34,34,0,3178,124110.0,2012
0,3,8,8,0,0,0.0,2012
0,4,3,3,0,0,0.0,2012
0,5,2,2,0,0,0.0,2012
0,6,47,47,0,6819,190381.0,2012
0,7,3,3,71,3940,0.0,2012
0,8,3,3,80,1427,12062.0,2012
0,9,4,4,130,4186,49425.0,2012
0,10,4,4,0,6897,0.0,2012
0,11,1,1,0,0,0.0,2012
0,12,8,10,459,16934,594842.0,2012
0,13,4,4,0,0,0.0,2012
0,14,4,4,0,0,0.0,2012
0,15,2,2,0,0,0.0,2012
0,16,1,1,0,0,0.0,2012
0,17,2,2,0,0,0.0,2012
0,19,83,85,2423,110273,2380211.0,2012
0,20,2,4,0,0,0.0,2012
0,21,1,1,0,0,0.0,2012
0,22,3,5,1828,119531,2294314.0,2012
0,23,1,3,0,0,0.0,2012
0,25,1,2,0,0,0.0,2012
0,26,2,14,0,0,0.0,2012
0,1,2101,2358,106894,4116156,30970846.0,2012
0,2,818,821,1592,61908,424443.0,2012
0,3,311,311,2061,67014,389849.0,2012
0,4,172,173,2040,79893,486995.0,2012
0,5,99,102,1655,63312,463380.0,2012
0,6,1400,1407,7348,272127,1764667.0,2012
0,7,72,73,1552,59530,304046.0,2012
0,8,57,59,1489,55070,327377.0,2012
0,9,45,47,1384,51723,298229.0,2012
0,10,43,45,1520,57701,371159.0,2012
0,11,58,60,2454,95428,573542.0,2012
0,12,100,106,5980,202408,1235611.0,2012
0,13,63,72,4618,177470,1223314.0,2012
0,14,53,61,4871,182877,1381287.0,2012
0,15,45,63,6945,240978,1483585.0,2012
0,16,43,65,8153,320751,2336777.0,2012
0,17,19,27,5155,201442,1525008.0,2012
0,18,13,20,3139,108409,501949.0,2012
0,19,2011,2105,54608,2025914,13326551.0,2012
0,20,17,32,6126,219474,1370322.0,2012
0,21,16,33,6071,252809,1492882.0,2012
0,22,19,52,9738,366717,2680485.0,2012
0,23,6,18,4573,144610,1401244.0,2012
0,24,3,4,471,18997,195996.0,2012
0,25,11,40,0,0,0.0,2012
0,26,18,74,0,0,0.0,2012
0,1,252,324,25272,805813,7934302.0,2012
0,2,83,84,156,6819,59633.0,2012
0,3,29,29,186,4832,49568.0,2012
0,4,12,12,142,6322,56901.0,2012
0,5,8,8,138,3667,33255.0,2012
0,6,132,133,622,21640,199357.0,2012
0,7,11,12,221,7575,54415.0,2012
0,8,8,9,217,7306,49848.0,2012
0,9,6,6,174,5779,36702.0,2012
0,10,8,8,277,8213,35401.0,2012
0,11,7,7,282,9115,57640.0,2012
0,12,17,17,946,29272,196865.0,2012
0,13,14,16,880,37137,311151.0,2012
0,14,3,4,172,6422,25534.0,2012
0,15,9,11,1389,38902,263155.0,2012
0,16,6,6,709,23274,212216.0,2012
0,17,2,3,0,0,0.0,2012
0,18,2,4,0,0,0.0,2012
0,19,225,236,7037,241376,1794956.0,2012
0,20,4,7,0,0,0.0,2012
0,21,4,5,0,50040,242807.0,2012
0,22,8,20,4251,136204,1359033.0,2012
0,23,3,5,2044,55388,611684.0,2012
0,24,2,2,0,0,0.0,2012
0,25,3,23,0,0,0.0,2012
0,26,3,26,7010,206674,2382742.0,2012
0,1,252,324,25272,805813,7934302.0,2012
0,2,83,84,156,6819,59633.0,2012
0,3,29,29,186,4832,49568.0,2012
0,4,12,12,142,6322,56901.0,2012
0,5,8,8,138,3667,33255.0,2012
0,6,132,133,622,21640,199357.0,2012
0,7,11,12,221,7575,54415.0,2012
0,8,8,9,217,7306,49848.0,2012
0,9,6,6,174,5779,36702.0,2012
0,10,8,8,277,8213,35401.0,2012
0,11,7,7,282,9115,57640.0,2012
0,12,17,17,946,29272,196865.0,2012
0,13,14,16,880,37137,311151.0,2012
0,14,3,4,172,6422,25534.0,2012
0,15,9,11,1389,38902,263155.0,2012
0,16,6,6,709,23274,212216.0,2012
0,17,2,3,0,0,0.0,2012
0,18,2,4,0,0,0.0,2012
0,19,225,236,7037,241376,1794956.0,2012
0,20,4,7,0,0,0.0,2012
0,21,4,5,0,50040,242807.0,2012
0,22,8,20,4251,136204,1359033.0,2012
0,23,3,5,2044,55388,611684.0,2012
0,24,2,2,0,0,0.0,2012
0,25,3,23,0,0,0.0,2012
0,26,3,26,7010,206674,2382742.0,2012
0,1,252,324,25272,805813,7934302.0,2012
0,2,83,84,156,6819,59633.0,2012
0,3,29,29,186,4832,49568.0,2012
0,4,12,12,142,6322,56901.0,2012
0,5,8,8,138,3667,33255.0,2012
0,6,132,133,622,21640,199357.0,2012
0,7,11,12,221,7575,54415.0,2012
0,8,8,9,217,7306,49848.0,2012
0,9,6,6,174,5779,36702.0,2012
0,10,8,8,277,8213,35401.0,2012
0,11,7,7,282,9115,57640.0,2012
0,12,17,17,946,29272,196865.0,2012
0,13,14,16,880,37137,311151.0,2012
0,14,3,4,172,6422,25534.0,2012
0,15,9,11,1389,38902,263155.0,2012
0,16,6,6,709,23274,212216.0,2012
0,17,2,3,0,0,0.0,2012
0,18,2,4,0,0,0.0,2012
0,19,225,236,7037,241376,1794956.0,2012
0,20,4,7,0,0,0.0,2012
0,21,4,5,0,50040,242807.0,2012
0,22,8,20,4251,136204,1359033.0,2012
0,23,3,5,2044,55388,611684.0,2012
0,24,2,2,0,0,0.0,2012
0,25,3,23,0,0,0.0,2012
0,26,3,26,7010,206674,2382742.0,2012
0,1,890,982,51622,2138451,15653329.0,2012
0,2,289,291,544,21159,147525.0,2012
0,3,122,122,805,24992,132127.0,2012
0,4,81,81,973,35181,204702.0,2012
0,5,49,50,821,30662,203358.0,2012
0,6,541,544,3143,111994,687712.0,2012
0,7,34,34,735,26931,115452.0,2012
0,8,19,19,511,15713,104424.0,2012
0,9,21,21,628,24388,118275.0,2012
0,10,20,22,721,26400,155356.0,2012
0,11,28,30,1138,45799,287577.0,2012
0,12,43,45,2621,89290,551960.0,2012
0,13,30,36,2149,86117,594038.0,2012
0,14,29,34,2527,93924,874857.0,2012
0,15,25,33,3580,133332,858567.0,2012
0,16,19,32,3781,138460,935785.0,2012
0,17,14,16,3540,133650,988872.0,2012
0,18,7,10,1940,72395,0.0,2012
0,19,830,876,27014,998393,6606145.0,2012
0,20,10,13,2421,91879,581247.0,2012
0,21,13,20,3440,140675,986126.0,2012
0,22,8,17,3755,167924,935659.0,2012
0,23,5,9,1817,62326,476224.0,2012
0,24,1,1,0,0,0.0,2012
0,25,7,12,2924,93329,608390.0,2012
0,26,16,34,0,0,0.0,2012
0,1,306,335,19592,653785,4565598.0,2012
0,2,126,126,222,8364,56216.0,2012
0,3,48,48,307,8941,55559.0,2012
0,4,15,15,167,5006,26157.0,2012
0,5,14,14,232,7785,54684.0,2012
0,6,203,203,928,30096,192616.0,2012
0,7,10,10,196,5789,19814.0,2012
0,8,5,5,132,3912,24158.0,2012
0,9,3,3,72,5973,35370.0,2012
0,10,4,4,142,4837,26333.0,2012
0,11,5,6,228,9196,74392.0,2012
0,12,13,13,819,23586,114554.0,2012
0,13,7,7,466,21810,163513.0,2012
0,14,10,11,771,29031,0.0,2012
0,15,7,9,994,36950,229474.0,2012
0,16,6,6,998,28292,287489.0,2012
0,17,5,7,924,29673,195044.0,2012
0,18,3,5,1149,32501,118543.0,2012
0,19,281,289,7819,261646,1796317.0,2012
0,20,5,7,1734,60778,394345.0,2012
0,21,6,9,1714,57416,311009.0,2012
0,22,4,8,0,0,0.0,2012
0,23,2,3,0,0,0.0,2012
0,25,3,7,0,72709,494061.0,2012
0,26,5,12,0,0,0.0,2012
0,1,306,335,19592,653785,4565598.0,2012
0,2,126,126,222,8364,56216.0,2012
0,3,48,48,307,8941,55559.0,2012
0,4,15,15,167,5006,26157.0,2012
0,5,14,14,232,7785,54684.0,2012
0,6,203,203,928,30096,192616.0,2012
0,7,10,10,196,5789,19814.0,2012
0,8,5,5,132,3912,24158.0,2012
0,9,3,3,72,5973,35370.0,2012
0,10,4,4,142,4837,26333.0,2012
0,11,5,6,228,9196,74392.0,2012
0,12,13,13,819,23586,114554.0,2012
0,13,7,7,466,21810,163513.0,2012
0,14,10,11,771,29031,0.0,2012
0,15,7,9,994,36950,229474.0,2012
0,16,6,6,998,28292,287489.0,2012
0,17,5,7,924,29673,195044.0,2012
0,18,3,5,1149,32501,118543.0,2012
0,19,281,289,7819,261646,1796317.0,2012
0,20,5,7,1734,60778,394345.0,2012
0,21,6,9,1714,57416,311009.0,2012
0,22,4,8,0,0,0.0,2012
0,23,2,3,0,0,0.0,2012
0,25,3,7,0,72709,494061.0,2012
0,26,5,12,0,0,0.0,2012
0,1,196,214,6865,236790,1048564.0,2012
0,2,75,75,147,4143,28163.0,2012
0,3,21,21,134,2865,10157.0,2012
0,4,26,26,319,10422,40752.0,2012
0,5,8,8,125,4844,21832.0,2012
0,6,130,130,725,22274,100904.0,2012
0,7,6,6,140,4516,16620.0,2012
0,8,5,5,134,4148,14392.0,2012
0,9,5,5,0,0,0.0,2012
0,10,3,4,0,0,0.0,2012
0,11,8,8,318,11924,55217.0,2012
0,12,5,5,278,10153,37543.0,2012
0,13,6,7,0,0,0.0,2012
0,14,7,11,602,22571,94817.0,2012
0,15,6,7,894,31413,120101.0,2012
0,16,7,17,1821,66945,298388.0,2012
0,17,1,1,0,0,0.0,2012
0,18,1,1,0,0,0.0,2012
0,19,190,207,5730,199115,818332.0,2012
0,21,1,1,0,0,0.0,2012
0,22,1,2,0,0,0.0,2012
0,23,2,2,0,0,0.0,2012
0,26,2,2,0,0,0.0,2012
0,1,196,214,6865,236790,1048564.0,2012
0,2,75,75,147,4143,28163.0,2012
0,3,21,21,134,2865,10157.0,2012
0,4,26,26,319,10422,40752.0,2012
0,5,8,8,125,4844,21832.0,2012
0,6,130,130,725,22274,100904.0,2012
0,7,6,6,140,4516,16620.0,2012
0,8,5,5,134,4148,14392.0,2012
0,9,5,5,0,0,0.0,2012
0,10,3,4,0,0,0.0,2012
0,11,8,8,318,11924,55217.0,2012
0,12,5,5,278,10153,37543.0,2012
0,13,6,7,0,0,0.0,2012
0,14,7,11,602,22571,94817.0,2012
0,15,6,7,894,31413,120101.0,2012
0,16,7,17,1821,66945,298388.0,2012
0,17,1,1,0,0,0.0,2012
0,18,1,1,0,0,0.0,2012
0,19,190,207,5730,199115,818332.0,2012
0,21,1,1,0,0,0.0,2012
0,22,1,2,0,0,0.0,2012
0,23,2,2,0,0,0.0,2012
0,26,2,2,0,0,0.0,2012
0,1,218,246,17704,995060,8466184.0,2012
0,2,38,40,64,4462,32029.0,2012
0,3,23,23,168,5446,33241.0,2012
0,4,20,20,253,9854,73658.0,2012
0,5,17,18,291,12172,78065.0,2012
0,6,98,101,776,31934,216993.0,2012
0,7,12,12,0,9302,34715.0,2012
0,8,5,5,140,5794,47933.0,2012
0,9,7,7,212,7675,45334.0,2012
0,10,9,10,318,13106,92533.0,2012
0,11,9,10,344,16308,125197.0,2012
0,12,16,16,996,38965,313941.0,2012
0,13,10,13,750,32877,298091.0,2012
0,14,5,5,437,19167,352727.0,2012
0,15,6,11,934,39214,310114.0,2012
0,16,4,6,832,39510,332962.0,2012
0,17,6,6,1780,80457,682828.0,2012
0,18,2,2,0,0,0.0,2012
0,19,189,204,8367,365696,3034740.0,2012
0,20,4,5,0,0,0.0,2012
0,21,5,8,1508,74162,607063.0,2012
0,22,5,6,1514,81066,364945.0,2012
0,23,2,3,0,0,0.0,2012
0,25,4,5,427,20620,114329.0,2012
0,26,9,15,0,0,0.0,2012
0,1,218,246,17704,995060,8466184.0,2012
0,2,38,40,64,4462,32029.0,2012
0,3,23,23,168,5446,33241.0,2012
0,4,20,20,253,9854,73658.0,2012
0,5,17,18,291,12172,78065.0,2012
0,6,98,101,776,31934,216993.0,2012
0,7,12,12,0,9302,34715.0,2012
0,8,5,5,140,5794,47933.0,2012
0,9,7,7,212,7675,45334.0,2012
0,10,9,10,318,13106,92533.0,2012
0,11,9,10,344,16308,125197.0,2012
0,12,16,16,996,38965,313941.0,2012
0,13,10,13,750,32877,298091.0,2012
0,14,5,5,437,19167,352727.0,2012
0,15,6,11,934,39214,310114.0,2012
0,16,4,6,832,39510,332962.0,2012
0,17,6,6,1780,80457,682828.0,2012
0,18,2,2,0,0,0.0,2012
0,19,189,204,8367,365696,3034740.0,2012
0,20,4,5,0,0,0.0,2012
0,21,5,8,1508,74162,607063.0,2012
0,22,5,6,1514,81066,364945.0,2012
0,23,2,3,0,0,0.0,2012
0,25,4,5,427,20620,114329.0,2012
0,26,9,15,0,0,0.0,2012
0,1,182,187,7461,252816,1572983.0,2012
0,2,50,50,111,4190,31117.0,2012
0,3,30,30,196,7740,33170.0,2012
0,4,20,20,234,9899,64135.0,2012
0,5,10,10,173,5861,48777.0,2012
0,6,110,110,714,27690,177199.0,2012
0,7,6,6,0,0,0.0,2012
0,8,4,4,105,1859,0.0,2012
0,9,6,6,185,6547,22691.0,2012
0,10,4,4,158,4833,20921.0,2012
0,11,6,6,248,8371,32771.0,2012
0,12,9,11,528,16586,85922.0,2012
0,13,8,9,575,21154,91641.0,2012
0,14,7,7,717,23155,112296.0,2012
0,15,6,6,758,25755,198878.0,2012
0,16,2,3,0,0,0.0,2012
0,17,2,2,0,0,0.0,2012
0,18,2,2,0,0,0.0,2012
0,19,172,176,5098,171936,956756.0,2012
0,20,1,1,0,0,0.0,2012
0,21,2,2,0,0,0.0,2012
0,22,1,1,0,0,0.0,2012
0,23,1,1,0,0,0.0,2012
0,24,1,1,0,0,0.0,2012
0,26,4,5,0,0,0.0,2012
0,1,182,187,7461,252816,1572983.0,2012
0,2,50,50,111,4190,31117.0,2012
0,3,30,30,196,7740,33170.0,2012
0,4,20,20,234,9899,64135.0,2012
0,5,10,10,173,5861,48777.0,2012
0,6,110,110,714,27690,177199.0,2012
0,7,6,6,0,0,0.0,2012
0,8,4,4,105,1859,0.0,2012
0,9,6,6,185,6547,22691.0,2012
0,10,4,4,158,4833,20921.0,2012
0,11,6,6,248,8371,32771.0,2012
0,12,9,11,528,16586,85922.0,2012
0,13,8,9,575,21154,91641.0,2012
0,14,7,7,717,23155,112296.0,2012
0,15,6,6,758,25755,198878.0,2012
0,16,2,3,0,0,0.0,2012
0,17,2,2,0,0,0.0,2012
0,18,2,2,0,0,0.0,2012
0,19,172,176,5098,171936,956756.0,2012
0,20,1,1,0,0,0.0,2012
0,21,2,2,0,0,0.0,2012
0,22,1,1,0,0,0.0,2012
0,23,1,1,0,0,0.0,2012
0,24,1,1,0,0,0.0,2012
0,26,4,5,0,0,0.0,2012
0,1,1009,1052,30000,1171892,7383215.0,2012
0,2,446,446,892,33930,217285.0,2012
0,3,160,160,1070,37190,208154.0,2012
0,4,80,80,925,38390,225392.0,2012
0,5,42,44,696,28983,226767.0,2012
0,6,728,730,3583,138493,877598.0,2012
0,7,27,27,596,25024,134179.0,2012
0,8,30,31,761,32051,173105.0,2012
0,9,19,20,582,21556,143252.0,2012
0,10,15,15,522,23088,180402.0,2012
0,11,23,23,1034,40514,228325.0,2012
0,12,43,44,2413,83846,486786.0,2012
0,13,20,20,1589,54216,318125.0,2012
0,14,22,23,2172,82531,480896.0,2012
0,15,14,19,1976,68744,361863.0,2012
0,16,22,27,3663,159017,1188776.0,2012
0,17,3,8,983,36242,244666.0,2012
0,18,4,6,683,20823,107477.0,2012
0,19,970,993,20557,786145,4925450.0,2012
0,20,11,12,2676,99106,590093.0,2012
0,21,4,8,1526,62094,263949.0,2012
0,22,8,15,1732,62589,385793.0,2012
0,23,2,4,0,0,0.0,2012
0,24,1,1,0,0,0.0,2012
0,25,3,5,0,0,0.0,2012
0,26,10,14,0,0,0.0,2012
0,1,836,863,23035,820501,5091306.0,2012
0,2,401,401,796,29215,186619.0,2012
0,3,138,138,921,31059,175039.0,2012
0,4,67,67,769,29348,157520.0,2012
0,5,32,34,533,21968,162287.0,2012
0,6,638,640,3019,111590,681465.0,2012
0,7,22,22,485,19224,107724.0,2012
0,8,24,24,625,23338,129221.0,2012
0,9,12,12,354,11096,79267.0,2012
0,10,11,11,386,15888,136588.0,2012
0,11,17,17,750,28340,181437.0,2012
0,12,29,30,1606,46833,233547.0,2012
0,13,14,14,1200,37136,196679.0,2012
0,14,13,14,1346,44583,231616.0,2012
0,15,10,15,1485,45162,247958.0,2012
0,16,14,17,2333,84772,672898.0,2012
0,17,2,2,0,0,0.0,2012
0,18,3,4,0,17364,86425.0,2012
0,19,809,822,14864,504467,3061930.0,2012
0,20,8,9,2448,88180,525306.0,2012
0,21,3,6,1354,54504,213591.0,2012
0,22,5,9,1416,45402,284951.0,2012
0,23,2,4,0,0,0.0,2012
0,24,1,1,0,0,0.0,2012
0,25,2,3,0,0,0.0,2012
0,26,6,9,1843,91931,0.0,2012
0,1,836,863,23035,820501,5091306.0,2012
0,2,401,401,796,29215,186619.0,2012
0,3,138,138,921,31059,175039.0,2012
0,4,67,67,769,29348,157520.0,2012
0,5,32,34,533,21968,162287.0,2012
0,6,638,640,3019,111590,681465.0,2012
0,7,22,22,485,19224,107724.0,2012
0,8,24,24,625,23338,129221.0,2012
0,9,12,12,354,11096,79267.0,2012
0,10,11,11,386,15888,136588.0,2012
0,11,17,17,750,28340,181437.0,2012
0,12,29,30,1606,46833,233547.0,2012
0,13,14,14,1200,37136,196679.0,2012
0,14,13,14,1346,44583,231616.0,2012
0,15,10,15,1485,45162,247958.0,2012
0,16,14,17,2333,84772,672898.0,2012
0,17,2,2,0,0,0.0,2012
0,18,3,4,0,17364,86425.0,2012
0,19,809,822,14864,504467,3061930.0,2012
0,20,8,9,2448,88180,525306.0,2012
0,21,3,6,1354,54504,213591.0,2012
0,22,5,9,1416,45402,284951.0,2012
0,23,2,4,0,0,0.0,2012
0,24,1,1,0,0,0.0,2012
0,25,2,3,0,0,0.0,2012
0,26,6,9,1843,91931,0.0,2012
0,1,177,189,6965,351391,2291909.0,2012
0,2,45,45,96,4715,30666.0,2012
0,3,22,22,149,6131,33115.0,2012
0,4,13,13,156,9042,67872.0,2012
0,5,10,10,163,7015,64480.0,2012
0,6,90,90,564,26903,196133.0,2012
0,7,5,5,111,5800,26455.0,2012
0,8,7,7,136,8713,43884.0,2012
0,9,7,8,228,10460,63985.0,2012
0,10,4,4,136,7200,0.0,2012
0,11,6,6,0,12174,46888.0,2012
0,12,14,14,807,37013,253239.0,2012
0,13,6,6,389,17080,121446.0,2012
0,14,9,9,826,37948,249280.0,2012
0,15,4,4,491,23582,113905.0,2012
0,16,8,10,1330,74245,515878.0,2012
0,17,1,6,0,0,0.0,2012
0,18,2,2,0,0,0.0,2012
0,19,163,171,5693,281678,1863520.0,2012
0,20,3,3,228,10926,64787.0,2012
0,21,2,2,0,0,0.0,2012
0,22,4,6,0,0,0.0,2012
0,25,1,2,0,0,0.0,2012
0,26,4,5,0,0,0.0,2012
0,1,177,189,6965,351391,2291909.0,2012
0,2,45,45,96,4715,30666.0,2012
0,3,22,22,149,6131,33115.0,2012
0,4,13,13,156,9042,67872.0,2012
0,5,10,10,163,7015,64480.0,2012
0,6,90,90,564,26903,196133.0,2012
0,7,5,5,111,5800,26455.0,2012
0,8,7,7,136,8713,43884.0,2012
0,9,7,8,228,10460,63985.0,2012
0,10,4,4,136,7200,0.0,2012
0,11,6,6,0,12174,46888.0,2012
0,12,14,14,807,37013,253239.0,2012
0,13,6,6,389,17080,121446.0,2012
0,14,9,9,826,37948,249280.0,2012
0,15,4,4,491,23582,113905.0,2012
0,16,8,10,1330,74245,515878.0,2012
0,17,1,6,0,0,0.0,2012
0,18,2,2,0,0,0.0,2012
0,19,163,171,5693,281678,1863520.0,2012
0,20,3,3,228,10926,64787.0,2012
0,21,2,2,0,0,0.0,2012
0,22,4,6,0,0,0.0,2012
0,25,1,2,0,0,0.0,2012
0,26,4,5,0,0,0.0,2012
0,1,5972,6216,111098,3633548,21826650.0,2012
0,2,3331,3331,6174,170649,951662.0,2012
0,3,1110,1114,7428,204026,799028.0,2012
0,4,446,448,5191,149774,555269.0,2012
0,5,246,247,4108,122943,482330.0,2012
0,6,5133,5140,22901,647392,2788289.0,2012
0,7,149,152,3210,100654,375245.0,2012
0,8,91,100,2403,72966,282849.0,2012
0,9,83,83,2627,90992,335775.0,2012
0,10,58,62,1996,73018,316351.0,2012
0,11,76,80,3111,103815,398686.0,2012
0,12,102,111,5838,187208,841877.0,2012
0,13,47,65,3757,139390,764600.0,2012
0,14,61,72,6305,202961,990247.0,2012
0,15,38,57,5002,164650,834594.0,2012
0,16,31,49,5440,176118,926742.0,2012
0,17,21,49,6036,169751,957420.0,2012
0,18,10,15,3033,91945,425568.0,2012
0,19,5900,6035,71659,2220860,10238243.0,2012
0,20,23,46,6711,260987,1867343.0,2012
0,21,9,22,3298,78667,598536.0,2012
0,22,8,18,3799,151951,1315299.0,2012
0,23,4,9,0,78504,365342.0,2012
0,24,2,3,0,0,0.0,2012
0,25,12,21,2840,95842,1039788.0,2012
0,26,14,62,18819,656138,5980727.0,2012
0,1,1848,1970,51214,1710837,12812291.0,2012
0,2,1028,1028,1936,58170,499853.0,2012
0,3,337,340,2253,66138,292659.0,2012
0,4,116,118,1329,38172,161044.0,2012
0,5,71,71,1172,34105,146658.0,2012
0,6,1552,1557,6690,196585,1100214.0,2012
0,7,53,54,1123,34422,135907.0,2012
0,8,28,34,702,18286,82755.0,2012
0,9,24,24,750,23872,95660.0,2012
0,10,19,20,649,22934,103215.0,2012
0,11,33,33,1279,42655,174456.0,2012
0,12,29,29,1699,53665,341916.0,2012
0,13,20,24,1574,65260,432927.0,2012
0,14,18,21,1667,49783,268063.0,2012
0,15,17,24,2349,72642,387711.0,2012
0,16,12,23,2397,84551,467329.0,2012
0,17,5,6,0,0,0.0,2012
0,18,3,4,0,0,0.0,2012
0,19,1813,1853,23000,730297,4088130.0,2012
0,20,13,28,4349,168957,1202048.0,2012
0,21,4,16,1989,47741,437366.0,2012
0,22,4,14,0,0,0.0,2012
0,23,1,1,0,0,0.0,2012
0,24,2,2,0,0,0.0,2012
0,25,4,9,0,0,0.0,2012
0,26,7,47,14094,471815,4618850.0,2012
0,1,224,283,27988,1041013,9102156.0,2012
0,2,84,84,175,14715,311238.0,2012
0,3,35,35,232,9278,62136.0,2012
0,4,19,19,226,7354,42341.0,2012
0,5,15,15,241,6459,37177.0,2012
0,6,153,153,874,37806,452892.0,2012
0,7,7,8,159,3752,24331.0,2012
0,8,7,7,185,6244,26624.0,2012
0,9,3,3,92,4054,21146.0,2012
0,10,4,4,147,7948,32957.0,2012
0,11,5,5,224,7714,48160.0,2012
0,12,5,5,265,10770,62881.0,2012
0,13,7,8,605,28584,220986.0,2012
0,14,4,5,410,14902,93755.0,2012
0,15,3,5,408,15870,87097.0,2012
0,16,3,4,597,26380,152651.0,2012
0,17,3,3,0,0,0.0,2012
0,18,2,2,0,0,0.0,2012
0,19,206,212,5113,213510,1644825.0,2012
0,20,6,11,2839,114783,762679.0,2012
0,21,1,1,0,0,0.0,2012
0,22,3,8,0,0,0.0,2012
0,23,1,1,0,0,0.0,2012
0,24,2,2,0,0,0.0,2012
0,25,1,5,0,0,0.0,2012
0,26,4,43,13470,453007,4539862.0,2012
0,1,224,283,27988,1041013,9102156.0,2012
0,2,84,84,175,14715,311238.0,2012
0,3,35,35,232,9278,62136.0,2012
0,4,19,19,226,7354,42341.0,2012
0,5,15,15,241,6459,37177.0,2012
0,6,153,153,874,37806,452892.0,2012
0,7,7,8,159,3752,24331.0,2012
0,8,7,7,185,6244,26624.0,2012
0,9,3,3,92,4054,21146.0,2012
0,10,4,4,147,7948,32957.0,2012
0,11,5,5,224,7714,48160.0,2012
0,12,5,5,265,10770,62881.0,2012
0,13,7,8,605,28584,220986.0,2012
0,14,4,5,410,14902,93755.0,2012
0,15,3,5,408,15870,87097.0,2012
0,16,3,4,597,26380,152651.0,2012
0,17,3,3,0,0,0.0,2012
0,18,2,2,0,0,0.0,2012
0,19,206,212,5113,213510,1644825.0,2012
0,20,6,11,2839,114783,762679.0,2012
0,21,1,1,0,0,0.0,2012
0,22,3,8,0,0,0.0,2012
0,23,1,1,0,0,0.0,2012
0,24,2,2,0,0,0.0,2012
0,25,1,5,0,0,0.0,2012
0,26,4,43,13470,453007,4539862.0,2012
0,1,1626,1687,23226,669824,3710135.0,2012
0,2,944,944,1761,43455,188615.0,2012
0,3,302,305,2021,56860,230523.0,2012
0,4,97,99,1103,30818,118703.0,2012
0,5,56,56,931,27646,109481.0,2012
0,6,1399,1404,5816,158779,647322.0,2012
0,7,46,46,964,30670,111576.0,2012
0,8,21,27,517,12042,56131.0,2012
0,9,21,21,658,19818,74514.0,2012
0,10,15,16,502,14986,70258.0,2012
0,11,28,28,1055,34941,126296.0,2012
0,12,24,24,1434,42895,279035.0,2012
0,13,13,16,969,36676,211941.0,2012
0,14,14,16,1257,34881,174308.0,2012
0,15,14,19,1941,56772,300614.0,2012
0,16,9,19,1800,58171,314678.0,2012
0,17,2,3,0,0,0.0,2012
0,18,1,2,0,0,0.0,2012
0,19,1607,1641,17887,516787,2443305.0,2012
0,20,7,17,1510,54174,439369.0,2012
0,21,4,15,1861,44949,417042.0,2012
0,22,1,6,0,0,0.0,2012
0,25,3,4,0,0,0.0,2012
0,26,4,4,0,0,0.0,2012
0,1,1626,1687,23226,669824,3710135.0,2012
0,2,944,944,1761,43455,188615.0,2012
0,3,302,305,2021,56860,230523.0,2012
0,4,97,99,1103,30818,118703.0,2012
0,5,56,56,931,27646,109481.0,2012
0,6,1399,1404,5816,158779,647322.0,2012
0,7,46,46,964,30670,111576.0,2012
0,8,21,27,517,12042,56131.0,2012
0,9,21,21,658,19818,74514.0,2012
0,10,15,16,502,14986,70258.0,2012
0,11,28,28,1055,34941,126296.0,2012
0,12,24,24,1434,42895,279035.0,2012
0,13,13,16,969,36676,211941.0,2012
0,14,14,16,1257,34881,174308.0,2012
0,15,14,19,1941,56772,300614.0,2012
0,16,9,19,1800,58171,314678.0,2012
0,17,2,3,0,0,0.0,2012
0,18,1,2,0,0,0.0,2012
0,19,1607,1641,17887,516787,2443305.0,2012
0,20,7,17,1510,54174,439369.0,2012
0,21,4,15,1861,44949,417042.0,2012
0,22,1,6,0,0,0.0,2012
0,25,3,4,0,0,0.0,2012
0,26,4,4,0,0,0.0,2012
0,1,4133,4246,59884,1922711,9014359.0,2012
0,2,2303,2303,4238,112479,451809.0,2012
0,3,773,774,5175,137888,506369.0,2012
0,4,330,330,3862,111602,394225.0,2012
0,5,175,176,2936,88838,335672.0,2012
0,6,3581,3583,16211,450807,1688075.0,2012
0,7,96,98,2087,66232,239338.0,2012
0,8,63,66,1701,54680,200094.0,2012
0,9,59,59,1877,67120,240115.0,2012
0,10,39,42,1347,50084,213136.0,2012
0,11,43,47,1832,61160,224230.0,2012
0,12,74,82,4139,133543,499961.0,2012
0,13,27,41,2183,74130,331673.0,2012
0,14,44,51,4638,153178,722184.0,2012
0,15,22,33,2653,92008,446883.0,2012
0,16,19,26,3043,91567,459413.0,2012
0,17,16,43,4696,125626,611942.0,2012
0,18,7,11,2252,70428,273069.0,2012
0,19,4090,4182,48659,1490563,6150113.0,2012
0,20,10,18,2362,92030,665295.0,2012
0,21,6,6,1309,30926,161170.0,2012
0,22,4,4,0,0,0.0,2012
0,23,3,8,625,32832,168358.0,2012
0,24,1,1,0,0,0.0,2012
0,25,9,12,1286,48738,268865.0,2012
0,26,10,15,4725,184323,1361877.0,2012
0,1,1492,1532,20926,701552,2981619.0,2012
0,2,728,728,1418,38963,132949.0,2012
0,3,323,323,2182,66509,232364.0,2012
0,4,154,154,1815,59141,197539.0,2012
0,5,70,70,1189,41012,151337.0,2012
0,6,1275,1275,6604,205625,714189.0,2012
0,7,40,40,863,31158,101098.0,2012
0,8,25,27,661,22418,80123.0,2012
0,9,26,26,779,27245,98892.0,2012
0,10,19,21,680,29102,134158.0,2012
0,11,15,18,629,26849,92582.0,2012
0,12,26,29,1444,53233,179789.0,2012
0,13,7,9,551,16202,59587.0,2012
0,14,20,24,1978,68786,336513.0,2012
0,15,10,16,1166,40780,188506.0,2012
0,16,6,8,802,21196,137465.0,2012
0,17,6,13,1798,55091,228776.0,2012
0,18,3,4,963,23092,77684.0,2012
0,19,1478,1510,18918,620777,2429362.0,2012
0,20,4,7,693,28354,0.0,2012
0,21,4,4,0,0,0.0,2012
0,23,1,6,0,0,0.0,2012
0,25,2,2,0,0,0.0,2012
0,26,3,3,0,0,0.0,2012
0,1,1492,1532,20926,701552,2981619.0,2012
0,2,728,728,1418,38963,132949.0,2012
0,3,323,323,2182,66509,232364.0,2012
0,4,154,154,1815,59141,197539.0,2012
0,5,70,70,1189,41012,151337.0,2012
0,6,1275,1275,6604,205625,714189.0,2012
0,7,40,40,863,31158,101098.0,2012
0,8,25,27,661,22418,80123.0,2012
0,9,26,26,779,27245,98892.0,2012
0,10,19,21,680,29102,134158.0,2012
0,11,15,18,629,26849,92582.0,2012
0,12,26,29,1444,53233,179789.0,2012
0,13,7,9,551,16202,59587.0,2012
0,14,20,24,1978,68786,336513.0,2012
0,15,10,16,1166,40780,188506.0,2012
0,16,6,8,802,21196,137465.0,2012
0,17,6,13,1798,55091,228776.0,2012
0,18,3,4,963,23092,77684.0,2012
0,19,1478,1510,18918,620777,2429362.0,2012
0,20,4,7,693,28354,0.0,2012
0,21,4,4,0,0,0.0,2012
0,23,1,6,0,0,0.0,2012
0,25,2,2,0,0,0.0,2012
0,26,3,3,0,0,0.0,2012
0,1,2643,2714,38958,1221159,6032740.0,2012
0,2,1575,1575,2820,73516,318860.0,2012
0,3,450,451,2993,71379,274005.0,2012
0,4,176,176,2047,52461,196686.0,2012
0,5,105,106,1747,47826,184335.0,2012
0,6,2306,2308,9607,245182,973886.0,2012
0,7,56,58,1224,35074,138240.0,2012
0,8,38,39,1040,32262,119971.0,2012
0,9,33,33,1098,39875,141223.0,2012
0,10,20,21,667,20982,78978.0,2012
0,11,28,29,1203,34311,131648.0,2012
0,12,48,53,2695,80310,320172.0,2012
0,13,21,32,1632,57928,272086.0,2012
0,14,24,27,2660,84392,385671.0,2012
0,15,12,17,1487,51228,258377.0,2012
0,16,13,18,2241,70371,321948.0,2012
0,17,10,30,2898,70535,383166.0,2012
0,18,4,7,1289,47336,195385.0,2012
0,19,2613,2672,29741,869786,3720751.0,2012
0,20,6,11,0,0,0.0,2012
0,21,2,2,0,0,0.0,2012
0,22,4,4,0,0,0.0,2012
0,23,2,2,0,0,0.0,2012
0,24,1,1,0,0,0.0,2012
0,25,7,10,1255,47600,254781.0,2012
0,26,8,12,4194,166479,1229099.0,2012
0,1,137,152,5929,247946,1752178.0,2012
0,2,40,40,72,9231,66340.0,2012
0,3,25,25,166,4620,22251.0,2012
0,4,16,16,204,6942,33395.0,2012
0,5,12,12,211,5674,29379.0,2012
0,6,93,93,653,26467,151365.0,2012
0,7,5,5,109,6801,42255.0,2012
0,8,1,1,0,0,0.0,2012
0,9,4,4,131,5038,20413.0,2012
0,10,1,2,0,0,0.0,2012
0,11,4,4,180,4690,17802.0,2012
0,12,10,14,620,22650,119124.0,2012
0,13,3,4,0,0,0.0,2012
0,14,2,3,0,0,0.0,2012
0,15,1,2,0,0,0.0,2012
0,16,2,3,0,0,0.0,2012
0,17,1,1,0,0,0.0,2012
0,19,127,136,2958,117345,723256.0,2012
0,20,4,8,0,0,0.0,2012
0,22,1,1,0,0,0.0,2012
0,25,2,2,0,0,0.0,2012
0,26,3,5,1392,63402,547453.0,2012
0,1,2506,2562,33029,973213,4280562.0,2012
0,2,1535,1535,2748,64285,252520.0,2012
0,3,425,426,2827,66759,251754.0,2012
0,4,160,160,1843,45519,163291.0,2012
0,5,93,94,1536,42152,154956.0,2012
0,6,2213,2215,8954,218715,822521.0,2012
0,7,51,53,1115,28273,95985.0,2012
0,8,37,38,1010,31411,113501.0,2012
0,9,29,29,967,34837,120810.0,2012
0,10,19,19,632,20165,73889.0,2012
0,11,24,25,1023,29621,113846.0,2012
0,12,38,39,2075,57660,201048.0,2012
0,13,18,28,1344,47258,198649.0,2012
0,14,22,24,2360,70733,299433.0,2012
0,15,11,15,1315,42971,210558.0,2012
0,16,11,15,1951,59261,259254.0,2012
0,17,9,29,2748,64200,292616.0,2012
0,18,4,7,1289,47336,195385.0,2012
0,19,2486,2536,26783,752441,2997495.0,2012
0,20,2,3,0,0,0.0,2012
0,21,2,2,0,0,0.0,2012
0,22,3,3,0,0,0.0,2012
0,23,2,2,0,0,0.0,2012
0,24,1,1,0,0,0.0,2012
0,25,5,8,941,38578,181825.0,2012
0,26,5,7,0,0,0.0,2012
0,1,6372,6457,111973,2885662,13260976.0,2012
0,2,3274,3275,5408,158983,790001.0,2012
0,3,1124,1124,7466,144049,665339.0,2012
0,4,596,599,7041,134108,575288.0,2012
0,5,340,340,5754,130291,494259.0,2012
0,6,5334,5338,25669,567431,2524887.0,2012
0,7,170,171,3658,81801,306277.0,2012
0,8,152,153,3991,97678,427602.0,2012
0,9,98,98,3049,74314,327828.0,2012
0,10,82,83,3001,68786,276075.0,2012
0,11,99,101,4253,109431,537470.0,2012
0,12,124,128,7273,181689,693500.0,2012
0,13,71,75,5703,165734,609934.0,2012
0,14,89,96,10002,292366,1421825.0,2012
0,15,39,48,5481,174125,802070.0,2012
0,16,41,47,8443,229344,1111829.0,2012
0,17,19,27,4820,143424,660560.0,2012
0,18,3,4,309,7872,49068.0,2012
0,19,6321,6369,85652,2193995,9748925.0,2012
0,20,15,18,5878,142164,528292.0,2012
0,21,7,11,2295,55716,251551.0,2012
0,22,10,24,5537,141885,1006627.0,2012
0,23,1,1,0,0,0.0,2012
0,24,3,13,1558,40439,281942.0,2012
0,25,4,6,1376,44607,204920.0,2012
0,26,11,15,9551,264414,1230212.0,2012
0,1,264,279,12983,373778,2005557.0,2012
0,2,84,84,152,5405,51859.0,2012
0,3,43,43,276,5697,22255.0,2012
0,4,28,28,328,8402,50036.0,2012
0,5,14,14,235,6598,25981.0,2012
0,6,169,169,991,26102,150131.0,2012
0,7,6,6,132,2571,7328.0,2012
0,8,13,14,334,7238,29929.0,2012
0,9,7,7,0,0,0.0,2012
0,10,5,6,0,0,0.0,2012
0,11,5,5,0,4885,0.0,2012
0,12,9,9,539,12514,43208.0,2012
0,13,13,13,1034,32062,113469.0,2012
0,14,16,21,0,54143,289681.0,2012
0,15,5,6,0,0,0.0,2012
0,16,8,8,1869,64755,0.0,2012
0,17,2,3,0,0,0.0,2012
0,19,258,267,8472,251576,1265012.0,2012
0,20,3,4,1369,40717,138798.0,2012
0,22,2,6,0,0,0.0,2012
0,26,1,2,0,0,0.0,2012
0,1,136,148,9942,270164,1335468.0,2012
0,2,31,31,68,1697,7141.0,2012
0,3,21,21,135,2067,9036.0,2012
0,4,16,16,177,5070,28145.0,2012
0,5,10,10,164,4020,18898.0,2012
0,6,78,78,544,12854,63220.0,2012
0,7,2,2,0,0,0.0,2012
0,8,7,8,0,0,0.0,2012
0,9,4,4,0,0,0.0,2012
0,10,3,4,0,0,0.0,2012
0,11,3,3,132,2065,9367.0,2012
0,12,7,7,405,8938,0.0,2012
0,13,7,7,575,16297,70263.0,2012
0,14,9,11,953,30322,127068.0,2012
0,15,2,3,0,0,0.0,2012
0,16,6,6,1468,38437,155473.0,2012
0,17,2,3,0,0,0.0,2012
0,19,130,136,5431,147962,594923.0,2012
0,20,3,4,1369,40717,138798.0,2012
0,22,2,6,0,0,0.0,2012
0,26,1,2,0,0,0.0,2012
0,1,136,148,9942,270164,1335468.0,2012
0,2,31,31,68,1697,7141.0,2012
0,3,21,21,135,2067,9036.0,2012
0,4,16,16,177,5070,28145.0,2012
0,5,10,10,164,4020,18898.0,2012
0,6,78,78,544,12854,63220.0,2012
0,7,2,2,0,0,0.0,2012
0,8,7,8,0,0,0.0,2012
0,9,4,4,0,0,0.0,2012
0,10,3,4,0,0,0.0,2012
0,11,3,3,132,2065,9367.0,2012
0,12,7,7,405,8938,0.0,2012
0,13,7,7,575,16297,70263.0,2012
0,14,9,11,953,30322,127068.0,2012
0,15,2,3,0,0,0.0,2012
0,16,6,6,1468,38437,155473.0,2012
0,17,2,3,0,0,0.0,2012
0,19,130,136,5431,147962,594923.0,2012
0,20,3,4,1369,40717,138798.0,2012
0,22,2,6,0,0,0.0,2012
0,26,1,2,0,0,0.0,2012
0,1,128,131,3041,103614,670089.0,2012
0,2,53,53,84,3708,44718.0,2012
0,3,22,22,141,3630,13219.0,2012
0,4,12,12,151,3332,21891.0,2012
0,5,4,4,71,2578,7083.0,2012
0,6,91,91,447,13248,86911.0,2012
0,7,4,4,89,1738,5467.0,2012
0,8,6,6,0,3508,14222.0,2012
0,9,3,3,0,0,0.0,2012
0,10,2,2,0,0,0.0,2012
0,11,2,2,0,0,0.0,2012
0,12,2,2,0,0,0.0,2012
0,13,6,6,459,15765,43206.0,2012
0,14,7,10,0,23821,162613.0,2012
0,15,3,3,0,0,0.0,2012
0,16,2,2,0,0,0.0,2012
0,19,128,131,3041,103614,670089.0,2012
0,1,128,131,3041,103614,670089.0,2012
0,2,53,53,84,3708,44718.0,2012
0,3,22,22,141,3630,13219.0,2012
0,4,12,12,151,3332,21891.0,2012
0,5,4,4,71,2578,7083.0,2012
0,6,91,91,447,13248,86911.0,2012
0,7,4,4,89,1738,5467.0,2012
0,8,6,6,0,3508,14222.0,2012
0,9,3,3,0,0,0.0,2012
0,10,2,2,0,0,0.0,2012
0,11,2,2,0,0,0.0,2012
0,12,2,2,0,0,0.0,2012
0,13,6,6,459,15765,43206.0,2012
0,14,7,10,0,23821,162613.0,2012
0,15,3,3,0,0,0.0,2012
0,16,2,2,0,0,0.0,2012
0,19,128,131,3041,103614,670089.0,2012
0,1,5557,5607,90268,2267246,10037082.0,2012
0,2,2863,2864,4680,139423,674217.0,2012
0,3,999,999,6639,125357,588547.0,2012
0,4,531,533,6275,113891,470095.0,2012
0,5,311,311,5258,115119,432157.0,2012
0,6,4704,4707,22852,493790,2165016.0,2012
0,7,154,155,3316,72514,270752.0,2012
0,8,130,130,3409,84176,371745.0,2012
0,9,81,81,2545,58898,254854.0,2012
0,10,72,72,2607,58778,240982.0,2012
0,11,85,87,3649,93410,463340.0,2012
0,12,101,103,5985,149959,592162.0,2012
0,13,50,52,4194,121307,464272.0,2012
0,14,66,67,7632,222435,1054265.0,2012
0,15,29,34,3985,128550,0.0,2012
0,16,30,35,6125,147877,582053.0,2012
0,17,16,23,4219,126009,607171.0,2012
0,18,3,4,309,7872,49068.0,2012
0,19,5521,5550,70827,1765575,7764092.0,2012
0,20,8,8,3463,73320,231555.0,2012
0,21,5,5,0,0,0.0,2012
0,22,8,18,0,81734,508595.0,2012
0,23,1,1,0,0,0.0,2012
0,24,3,12,1527,39731,278702.0,2012
0,25,3,4,1248,39766,174210.0,2012
0,26,8,9,7843,216942,854054.0,2012
0,1,3144,3163,43545,851358,2832646.0,2012
0,2,1500,1501,2718,70155,296654.0,2012
0,3,613,613,4087,67561,263174.0,2012
0,4,337,338,3991,63025,240198.0,2012
0,5,201,201,3398,60935,201665.0,2012
0,6,2651,2653,14194,261676,1001691.0,2012
0,7,101,101,2160,38945,127091.0,2012
0,8,72,72,1950,36928,162846.0,2012
0,9,56,56,1739,33217,131792.0,2012
0,10,46,46,1681,24635,53991.0,2012
0,11,47,48,2047,35386,125170.0,2012
0,12,61,63,3546,64704,157326.0,2012
0,13,23,24,1838,34241,87887.0,2012
0,14,34,34,3569,76359,236579.0,2012
0,15,14,17,1947,50366,150642.0,2012
0,16,17,19,3585,77533,304875.0,2012
0,17,6,9,1248,25376,53452.0,2012
0,18,1,1,0,0,0.0,2012
0,19,3129,3143,39524,760596,2606397.0,2012
0,20,5,5,2474,52538,133112.0,2012
0,21,2,2,0,0,0.0,2012
0,22,4,7,0,0,0.0,2012
0,23,1,1,0,0,0.0,2012
0,24,2,4,0,0,0.0,2012
0,26,1,1,0,0,0.0,2012
0,1,3144,3163,43545,851358,2832646.0,2012
0,2,1500,1501,2718,70155,296654.0,2012
0,3,613,613,4087,67561,263174.0,2012
0,4,337,338,3991,63025,240198.0,2012
0,5,201,201,3398,60935,201665.0,2012
0,6,2651,2653,14194,261676,1001691.0,2012
0,7,101,101,2160,38945,127091.0,2012
0,8,72,72,1950,36928,162846.0,2012
0,9,56,56,1739,33217,131792.0,2012
0,10,46,46,1681,24635,53991.0,2012
0,11,47,48,2047,35386,125170.0,2012
0,12,61,63,3546,64704,157326.0,2012
0,13,23,24,1838,34241,87887.0,2012
0,14,34,34,3569,76359,236579.0,2012
0,15,14,17,1947,50366,150642.0,2012
0,16,17,19,3585,77533,304875.0,2012
0,17,6,9,1248,25376,53452.0,2012
0,18,1,1,0,0,0.0,2012
0,19,3129,3143,39524,760596,2606397.0,2012
0,20,5,5,2474,52538,133112.0,2012
0,21,2,2,0,0,0.0,2012
0,22,4,7,0,0,0.0,2012
0,23,1,1,0,0,0.0,2012
0,24,2,4,0,0,0.0,2012
0,26,1,1,0,0,0.0,2012
0,1,455,468,13990,364866,1715094.0,2012
0,2,228,228,426,15203,54918.0,2012
0,3,64,64,405,9618,41359.0,2012
0,4,34,34,388,11586,39953.0,2012
0,5,26,26,453,15119,42092.0,2012
0,6,352,352,1672,51526,178322.0,2012
0,7,11,11,0,0,0.0,2012
0,8,10,10,259,11987,47217.0,2012
0,9,5,5,157,3199,8188.0,2012
0,10,4,4,143,4322,0.0,2012
0,11,13,13,523,12759,52745.0,2012
0,12,8,8,0,0,0.0,2012
0,13,8,8,688,17813,79472.0,2012
0,14,9,9,985,33039,103395.0,2012
0,15,6,7,714,16539,47306.0,2012
0,16,11,13,2023,41013,169828.0,2012
0,17,3,3,0,0,0.0,2012
0,18,2,3,0,0,0.0,2012
0,19,442,446,8896,237263,925406.0,2012
0,20,2,2,0,0,0.0,2012
0,22,5,8,0,0,0.0,2012
0,24,1,5,0,0,0.0,2012
0,25,2,3,0,0,0.0,2012
0,26,3,4,435,8734,149643.0,2012
0,1,455,468,13990,364866,1715094.0,2012
0,2,228,228,426,15203,54918.0,2012
0,3,64,64,405,9618,41359.0,2012
0,4,34,34,388,11586,39953.0,2012
0,5,26,26,453,15119,42092.0,2012
0,6,352,352,1672,51526,178322.0,2012
0,7,11,11,0,0,0.0,2012
0,8,10,10,259,11987,47217.0,2012
0,9,5,5,157,3199,8188.0,2012
0,10,4,4,143,4322,0.0,2012
0,11,13,13,523,12759,52745.0,2012
0,12,8,8,0,0,0.0,2012
0,13,8,8,688,17813,79472.0,2012
0,14,9,9,985,33039,103395.0,2012
0,15,6,7,714,16539,47306.0,2012
0,16,11,13,2023,41013,169828.0,2012
0,17,3,3,0,0,0.0,2012
0,18,2,3,0,0,0.0,2012
0,19,442,446,8896,237263,925406.0,2012
0,20,2,2,0,0,0.0,2012
0,22,5,8,0,0,0.0,2012
0,24,1,5,0,0,0.0,2012
0,25,2,3,0,0,0.0,2012
0,26,3,4,435,8734,149643.0,2012
0,1,1603,1604,24249,802277,4483840.0,2012
0,2,982,982,1286,45902,272864.0,2012
0,3,260,260,1719,37133,243095.0,2012
0,4,117,117,1375,26445,149163.0,2012
0,5,59,59,998,26972,149794.0,2012
0,6,1418,1418,5378,136452,814916.0,2012
0,7,31,31,652,21963,103919.0,2012
0,8,32,32,802,23994,129725.0,2012
0,9,15,15,490,18102,101086.0,2012
0,10,14,14,481,22677,136687.0,2012
0,11,20,20,810,36446,260463.0,2012
0,12,22,22,1293,51620,324503.0,2012
0,13,14,14,1127,55270,264504.0,2012
0,14,15,15,0,77354,586535.0,2012
0,15,7,7,0,47377,0.0,2012
0,16,2,2,0,0,0.0,2012
0,17,5,5,1248,44185,334229.0,2012
0,19,1595,1595,15531,562282,3559991.0,2012
0,20,1,1,0,0,0.0,2012
0,21,2,2,0,0,0.0,2012
0,22,1,2,0,0,0.0,2012
0,26,4,4,6953,198691,685187.0,2012
0,1,1603,1604,24249,802277,4483840.0,2012
0,2,982,982,1286,45902,272864.0,2012
0,3,260,260,1719,37133,243095.0,2012
0,4,117,117,1375,26445,149163.0,2012
0,5,59,59,998,26972,149794.0,2012
0,6,1418,1418,5378,136452,814916.0,2012
0,7,31,31,652,21963,103919.0,2012
0,8,32,32,802,23994,129725.0,2012
0,9,15,15,490,18102,101086.0,2012
0,10,14,14,481,22677,136687.0,2012
0,11,20,20,810,36446,260463.0,2012
0,12,22,22,1293,51620,324503.0,2012
0,13,14,14,1127,55270,264504.0,2012
0,14,15,15,0,77354,586535.0,2012
0,15,7,7,0,47377,0.0,2012
0,16,2,2,0,0,0.0,2012
0,17,5,5,1248,44185,334229.0,2012
0,19,1595,1595,15531,562282,3559991.0,2012
0,20,1,1,0,0,0.0,2012
0,21,2,2,0,0,0.0,2012
0,22,1,2,0,0,0.0,2012
0,26,4,4,6953,198691,685187.0,2012
0,1,369,372,8484,248745,1005502.0,2012
0,2,153,153,250,8163,49781.0,2012
0,3,62,62,428,11045,40919.0,2012
0,4,44,44,521,12835,40781.0,2012
0,5,25,25,409,12093,38606.0,2012
0,6,284,284,1608,44136,170087.0,2012
0,7,12,12,0,6314,0.0,2012
0,8,16,16,398,11267,31957.0,2012
0,9,5,5,159,4380,13788.0,2012
0,10,8,8,302,7144,16746.0,2012
0,11,6,6,269,8819,24962.0,2012
0,12,10,10,654,21108,61390.0,2012
0,13,6,6,541,13983,32409.0,2012
0,14,9,9,1085,35683,127756.0,2012
0,15,3,3,458,14268,42179.0,2012
0,16,1,1,0,0,0.0,2012
0,17,4,6,1017,35843,115945.0,2012
0,19,364,366,6876,205434,672298.0,2012
0,21,1,1,0,0,0.0,2012
0,22,1,1,0,0,0.0,2012
0,24,2,3,0,0,0.0,2012
0,25,1,1,0,0,0.0,2012
0,1,369,372,8484,248745,1005502.0,2012
0,2,153,153,250,8163,49781.0,2012
0,3,62,62,428,11045,40919.0,2012
0,4,44,44,521,12835,40781.0,2012
0,5,25,25,409,12093,38606.0,2012
0,6,284,284,1608,44136,170087.0,2012
0,7,12,12,0,6314,0.0,2012
0,8,16,16,398,11267,31957.0,2012
0,9,5,5,159,4380,13788.0,2012
0,10,8,8,302,7144,16746.0,2012
0,11,6,6,269,8819,24962.0,2012
0,12,10,10,654,21108,61390.0,2012
0,13,6,6,541,13983,32409.0,2012
0,14,9,9,1085,35683,127756.0,2012
0,15,3,3,458,14268,42179.0,2012
0,16,1,1,0,0,0.0,2012
0,17,4,6,1017,35843,115945.0,2012
0,19,364,366,6876,205434,672298.0,2012
0,21,1,1,0,0,0.0,2012
0,22,1,1,0,0,0.0,2012
0,24,2,3,0,0,0.0,2012
0,25,1,1,0,0,0.0,2012
0,1,560,571,8722,244638,1218337.0,2012
0,2,327,327,576,14155,63925.0,2012
0,3,82,82,551,12995,54537.0,2012
0,4,38,38,438,11815,55157.0,2012
0,5,15,15,261,8574,36121.0,2012
0,6,462,462,1826,47539,209740.0,2012
0,7,10,10,210,6716,28197.0,2012
0,8,9,9,248,6264,25928.0,2012
0,9,10,10,316,9377,50458.0,2012
0,10,5,5,196,4285,14512.0,2012
0,11,9,9,391,11136,43089.0,2012
0,12,15,16,749,19216,58130.0,2012
0,13,8,10,475,12365,32193.0,2012
0,14,7,8,591,15788,77879.0,2012
0,15,7,8,833,26403,96677.0,2012
0,16,4,4,449,16712,79384.0,2012
0,17,1,1,0,0,0.0,2012
0,19,547,552,6353,176844,719821.0,2012
0,20,5,6,0,0,0.0,2012
0,21,2,6,0,0,0.0,2012
0,24,1,1,0,0,0.0,2012
0,25,2,2,0,0,0.0,2012
0,26,3,4,0,0,0.0,2012
0,1,560,571,8722,244638,1218337.0,2012
0,2,327,327,576,14155,63925.0,2012
0,3,82,82,551,12995,54537.0,2012
0,4,38,38,438,11815,55157.0,2012
0,5,15,15,261,8574,36121.0,2012
0,6,462,462,1826,47539,209740.0,2012
0,7,10,10,210,6716,28197.0,2012
0,8,9,9,248,6264,25928.0,2012
0,9,10,10,316,9377,50458.0,2012
0,10,5,5,196,4285,14512.0,2012
0,11,9,9,391,11136,43089.0,2012
0,12,15,16,749,19216,58130.0,2012
0,13,8,10,475,12365,32193.0,2012
0,14,7,8,591,15788,77879.0,2012
0,15,7,8,833,26403,96677.0,2012
0,16,4,4,449,16712,79384.0,2012
0,17,1,1,0,0,0.0,2012
0,19,547,552,6353,176844,719821.0,2012
0,20,5,6,0,0,0.0,2012
0,21,2,6,0,0,0.0,2012
0,24,1,1,0,0,0.0,2012
0,25,2,2,0,0,0.0,2012
0,26,3,4,0,0,0.0,2012
0,1,560,571,8722,244638,1218337.0,2012
0,2,327,327,576,14155,63925.0,2012
0,3,82,82,551,12995,54537.0,2012
0,4,38,38,438,11815,55157.0,2012
0,5,15,15,261,8574,36121.0,2012
0,6,462,462,1826,47539,209740.0,2012
0,7,10,10,210,6716,28197.0,2012
0,8,9,9,248,6264,25928.0,2012
0,9,10,10,316,9377,50458.0,2012
0,10,5,5,196,4285,14512.0,2012
0,11,9,9,391,11136,43089.0,2012
0,12,15,16,749,19216,58130.0,2012
0,13,8,10,475,12365,32193.0,2012
0,14,7,8,591,15788,77879.0,2012
0,15,7,8,833,26403,96677.0,2012
0,16,4,4,449,16712,79384.0,2012
0,17,1,1,0,0,0.0,2012
0,19,547,552,6353,176844,719821.0,2012
0,20,5,6,0,0,0.0,2012
0,21,2,6,0,0,0.0,2012
0,24,1,1,0,0,0.0,2012
0,25,2,2,0,0,0.0,2012
0,26,3,4,0,0,0.0,2012
0,1,1108,1143,27042,916653,5244351.0,2012
0,2,584,584,1013,28261,125947.0,2012
0,3,188,188,1209,32173,152566.0,2012
0,4,75,75,873,23539,110268.0,2012
0,5,45,45,740,22590,98513.0,2012
0,6,892,892,3835,106563,487294.0,2012
0,7,41,41,862,29109,131599.0,2012
0,8,20,20,520,16800,0.0,2012
0,9,20,20,653,19777,84809.0,2012
0,10,10,10,347,13316,68154.0,2012
0,11,19,19,760,24396,97754.0,2012
0,12,28,29,1627,50270,266297.0,2012
0,13,12,13,927,28844,141905.0,2012
0,14,21,26,2082,71716,485221.0,2012
0,15,5,5,744,24194,133145.0,2012
0,16,9,11,1544,69392,289291.0,2012
0,17,6,9,1342,47590,0.0,2012
0,18,3,5,1246,28602,142295.0,2012
0,19,1086,1100,16489,530569,2849468.0,2012
0,20,6,10,2185,71124,436161.0,2012
0,22,1,2,0,0,0.0,2012
0,23,3,5,0,0,0.0,2012
0,24,2,5,0,0,0.0,2012
0,25,3,7,0,0,0.0,2012
0,26,7,14,0,86526,862757.0,2012
0,1,199,208,3564,134466,1500196.0,2012
0,2,106,106,182,5704,29660.0,2012
0,3,31,31,214,6287,36066.0,2012
0,4,19,19,200,5365,24748.0,2012
0,5,6,6,105,2999,15054.0,2012
0,6,162,162,701,20355,105528.0,2012
0,7,5,5,0,0,0.0,2012
0,8,5,5,0,5081,0.0,2012
0,9,3,3,102,3736,22544.0,2012
0,11,1,1,0,0,0.0,2012
0,12,2,2,0,0,0.0,2012
0,13,4,5,0,0,0.0,2012
0,14,8,9,862,34888,315736.0,2012
0,16,1,1,0,0,0.0,2012
0,17,1,4,0,0,0.0,2012
0,19,192,197,2584,93150,876936.0,2012
0,20,2,2,0,0,0.0,2012
0,22,1,2,0,0,0.0,2012
0,23,1,1,0,0,0.0,2012
0,24,1,1,0,0,0.0,2012
0,26,2,5,0,0,0.0,2012
0,1,199,208,3564,134466,1500196.0,2012
0,2,106,106,182,5704,29660.0,2012
0,3,31,31,214,6287,36066.0,2012
0,4,19,19,200,5365,24748.0,2012
0,5,6,6,105,2999,15054.0,2012
0,6,162,162,701,20355,105528.0,2012
0,7,5,5,0,0,0.0,2012
0,8,5,5,0,5081,0.0,2012
0,9,3,3,102,3736,22544.0,2012
0,11,1,1,0,0,0.0,2012
0,12,2,2,0,0,0.0,2012
0,13,4,5,0,0,0.0,2012
0,14,8,9,862,34888,315736.0,2012
0,16,1,1,0,0,0.0,2012
0,17,1,4,0,0,0.0,2012
0,19,192,197,2584,93150,876936.0,2012
0,20,2,2,0,0,0.0,2012
0,22,1,2,0,0,0.0,2012
0,23,1,1,0,0,0.0,2012
0,24,1,1,0,0,0.0,2012
0,26,2,5,0,0,0.0,2012
0,1,199,208,3564,134466,1500196.0,2012
0,2,106,106,182,5704,29660.0,2012
0,3,31,31,214,6287,36066.0,2012
0,4,19,19,200,5365,24748.0,2012
0,5,6,6,105,2999,15054.0,2012
0,6,162,162,701,20355,105528.0,2012
0,7,5,5,0,0,0.0,2012
0,8,5,5,0,5081,0.0,2012
0,9,3,3,102,3736,22544.0,2012
0,11,1,1,0,0,0.0,2012
0,12,2,2,0,0,0.0,2012
0,13,4,5,0,0,0.0,2012
0,14,8,9,862,34888,315736.0,2012
0,16,1,1,0,0,0.0,2012
0,17,1,4,0,0,0.0,2012
0,19,192,197,2584,93150,876936.0,2012
0,20,2,2,0,0,0.0,2012
0,22,1,2,0,0,0.0,2012
0,23,1,1,0,0,0.0,2012
0,24,1,1,0,0,0.0,2012
0,26,2,5,0,0,0.0,2012
0,1,199,218,11305,382736,2032970.0,2012
0,2,87,87,129,4537,20243.0,2012
0,3,31,31,0,6028,26024.0,2012
0,4,10,10,116,3634,22337.0,2012
0,5,8,8,139,3569,20439.0,2012
0,6,136,136,568,17768,89043.0,2012
0,7,12,12,260,8479,44937.0,2012
0,8,2,2,0,0,0.0,2012
0,9,4,4,136,4301,16636.0,2012
0,10,3,3,110,3169,9995.0,2012
0,11,3,3,0,0,0.0,2012
0,12,11,12,615,15522,100927.0,2012
0,13,1,1,0,0,0.0,2012
0,14,7,9,535,13579,63000.0,2012
0,15,2,2,0,0,0.0,2012
0,16,3,5,719,18337,127590.0,2012
0,17,3,3,469,16979,84935.0,2012
0,18,2,4,0,0,0.0,2012
0,19,189,196,4786,136818,745247.0,2012
0,20,2,3,0,0,0.0,2012
0,23,1,3,0,0,0.0,2012
0,24,2,4,0,0,0.0,2012
0,25,2,6,0,0,0.0,2012
0,26,3,6,0,0,0.0,2012
0,1,199,218,11305,382736,2032970.0,2012
0,2,87,87,129,4537,20243.0,2012
0,3,31,31,0,6028,26024.0,2012
0,4,10,10,116,3634,22337.0,2012
0,5,8,8,139,3569,20439.0,2012
0,6,136,136,568,17768,89043.0,2012
0,7,12,12,260,8479,44937.0,2012
0,8,2,2,0,0,0.0,2012
0,9,4,4,136,4301,16636.0,2012
0,10,3,3,110,3169,9995.0,2012
0,11,3,3,0,0,0.0,2012
0,12,11,12,615,15522,100927.0,2012
0,13,1,1,0,0,0.0,2012
0,14,7,9,535,13579,63000.0,2012
0,15,2,2,0,0,0.0,2012
0,16,3,5,719,18337,127590.0,2012
0,17,3,3,469,16979,84935.0,2012
0,18,2,4,0,0,0.0,2012
0,19,189,196,4786,136818,745247.0,2012
0,20,2,3,0,0,0.0,2012
0,23,1,3,0,0,0.0,2012
0,24,2,4,0,0,0.0,2012
0,25,2,6,0,0,0.0,2012
0,26,3,6,0,0,0.0,2012
0,1,199,218,11305,382736,2032970.0,2012
0,2,87,87,129,4537,20243.0,2012
0,3,31,31,0,6028,26024.0,2012
0,4,10,10,116,3634,22337.0,2012
0,5,8,8,139,3569,20439.0,2012
0,6,136,136,568,17768,89043.0,2012
0,7,12,12,260,8479,44937.0,2012
0,8,2,2,0,0,0.0,2012
0,9,4,4,136,4301,16636.0,2012
0,10,3,3,110,3169,9995.0,2012
0,11,3,3,0,0,0.0,2012
0,12,11,12,615,15522,100927.0,2012
0,13,1,1,0,0,0.0,2012
0,14,7,9,535,13579,63000.0,2012
0,15,2,2,0,0,0.0,2012
0,16,3,5,719,18337,127590.0,2012
0,17,3,3,469,16979,84935.0,2012
0,18,2,4,0,0,0.0,2012
0,19,189,196,4786,136818,745247.0,2012
0,20,2,3,0,0,0.0,2012
0,23,1,3,0,0,0.0,2012
0,24,2,4,0,0,0.0,2012
0,25,2,6,0,0,0.0,2012
0,26,3,6,0,0,0.0,2012
0,1,713,717,12173,399451,1711185.0,2012
0,2,391,391,702,18020,76044.0,2012
0,3,126,126,811,19858,90476.0,2012
0,4,46,46,557,14540,63183.0,2012
0,5,31,31,496,16022,63020.0,2012
0,6,594,594,2566,68440,292723.0,2012
0,7,24,24,497,15999,67305.0,2012
0,8,13,13,340,10334,40591.0,2012
0,9,13,13,415,11740,45629.0,2012
0,10,7,7,237,10147,58159.0,2012
0,11,15,15,602,16928,59545.0,2012
0,12,15,15,899,29265,138559.0,2012
0,13,7,7,530,16621,67755.0,2012
0,14,7,8,685,23249,106485.0,2012
0,15,3,3,461,16503,100358.0,2012
0,16,5,5,822,50979,157997.0,2012
0,17,2,2,0,0,0.0,2012
0,18,1,1,0,0,0.0,2012
0,19,706,707,9119,300601,1227285.0,2012
0,20,3,5,1261,29474,117957.0,2012
0,23,1,1,0,0,0.0,2012
0,25,1,1,0,0,0.0,2012
0,26,2,3,0,0,0.0,2012
0,1,713,717,12173,399451,1711185.0,2012
0,2,391,391,702,18020,76044.0,2012
0,3,126,126,811,19858,90476.0,2012
0,4,46,46,557,14540,63183.0,2012
0,5,31,31,496,16022,63020.0,2012
0,6,594,594,2566,68440,292723.0,2012
0,7,24,24,497,15999,67305.0,2012
0,8,13,13,340,10334,40591.0,2012
0,9,13,13,415,11740,45629.0,2012
0,10,7,7,237,10147,58159.0,2012
0,11,15,15,602,16928,59545.0,2012
0,12,15,15,899,29265,138559.0,2012
0,13,7,7,530,16621,67755.0,2012
0,14,7,8,685,23249,106485.0,2012
0,15,3,3,461,16503,100358.0,2012
0,16,5,5,822,50979,157997.0,2012
0,17,2,2,0,0,0.0,2012
0,18,1,1,0,0,0.0,2012
0,19,706,707,9119,300601,1227285.0,2012
0,20,3,5,1261,29474,117957.0,2012
0,23,1,1,0,0,0.0,2012
0,25,1,1,0,0,0.0,2012
0,26,2,3,0,0,0.0,2012
0,1,112,113,1720,82200,348602.0,2012
0,2,67,67,102,2550,12210.0,2012
0,3,23,23,147,4439,24061.0,2012
0,4,6,6,62,1904,0.0,2012
0,6,96,96,311,8893,51618.0,2012
0,7,3,3,0,0,0.0,2012
0,8,2,2,0,0,0.0,2012
0,9,1,1,0,0,0.0,2012
0,10,3,3,0,0,0.0,2012
0,11,3,3,108,4323,11433.0,2012
0,12,1,1,0,0,0.0,2012
0,15,1,1,0,0,0.0,2012
0,16,1,1,0,0,0.0,2012
0,19,111,111,1071,64194,243368.0,2012
0,26,1,2,0,0,0.0,2012
0,1,601,604,10453,317251,1362583.0,2012
0,2,324,324,600,15470,63834.0,2012
0,3,103,103,664,15419,66415.0,2012
0,4,40,40,495,12636,47836.0,2012
0,5,31,31,496,16022,63020.0,2012
0,6,498,498,2255,59547,241105.0,2012
0,7,21,21,440,14448,61537.0,2012
0,8,11,11,284,9261,38646.0,2012
0,9,12,12,382,10970,43340.0,2012
0,10,4,4,0,0,0.0,2012
0,11,12,12,494,12605,48112.0,2012
0,12,14,14,837,27246,133621.0,2012
0,13,7,7,530,16621,67755.0,2012
0,14,7,8,685,23249,106485.0,2012
0,15,2,2,0,0,0.0,2012
0,16,4,4,635,19873,96727.0,2012
0,17,2,2,0,0,0.0,2012
0,18,1,1,0,0,0.0,2012
0,19,595,596,8048,236407,983917.0,2012
0,20,3,5,1261,29474,117957.0,2012
0,23,1,1,0,0,0.0,2012
0,25,1,1,0,0,0.0,2012
0,26,1,1,0,0,0.0,2012
0,1,12050,13723,341009,12478733,78555635.0,2012
0,2,4584,4586,8384,268693,1537149.0,2012
0,3,2312,2316,15581,433757,2324369.0,2012
0,4,1266,1273,14919,458484,2392799.0,2012
0,5,764,774,12894,392182,2056129.0,2012
0,6,8926,8949,51778,1553116,8310446.0,2012
0,7,552,563,11994,384934,2084896.0,2012
0,8,406,414,10702,350856,1829890.0,2012
0,9,271,281,8297,280995,1429016.0,2012
0,10,222,234,7958,265175,1437503.0,2012
0,11,324,351,13799,452955,2462325.0,2012
0,12,433,510,25040,861907,4985673.0,2012
0,13,223,277,17027,575846,3551448.0,2012
0,14,223,308,23835,856407,5499878.0,2012
0,15,95,193,12334,444377,2730250.0,2012
0,16,114,207,17615,655598,4185315.0,2012
0,17,57,156,12814,494569,3018711.0,2012
0,18,31,93,8749,321215,1940014.0,2012
0,19,11877,12536,221942,7497950,43465365.0,2012
0,20,52,218,18228,744813,5313436.0,2012
0,21,15,51,5640,253103,2075053.0,2012
0,22,21,154,13443,538006,3430258.0,2012
0,23,14,76,7544,318233,2616668.0,2012
0,24,10,73,0,0,0.0,2012
0,25,26,288,23915,913057,5990763.0,2012
0,26,35,327,43150,1884874,13135110.0,2012
0,1,2971,3347,76446,2979843,23236828.0,2012
0,2,1123,1125,2019,60211,477827.0,2012
0,3,578,578,3900,98607,694701.0,2012
0,4,285,285,3358,97165,616368.0,2012
0,5,196,198,3252,97088,689388.0,2012
0,6,2182,2186,12529,353071,2478284.0,2012
0,7,141,143,3033,94225,707100.0,2012
0,8,99,100,2580,84536,580209.0,2012
0,9,62,65,1911,63587,393027.0,2012
0,10,51,53,1874,62462,510123.0,2012
0,11,81,84,3274,111356,745823.0,2012
0,12,110,124,6256,232687,1743814.0,2012
0,13,60,76,4512,165502,1161315.0,2012
0,14,56,85,5702,234648,1862347.0,2012
0,15,23,46,2896,113025,813243.0,2012
0,16,29,56,4364,172942,1339408.0,2012
0,17,15,50,3092,125290,935984.0,2012
0,18,12,29,3137,124692,868780.0,2012
0,19,2921,3097,55160,1938023,14139457.0,2012
0,20,15,69,5767,263483,2462486.0,2012
0,21,6,15,1693,80854,616914.0,2012
0,22,8,51,0,0,0.0,2012
0,23,4,23,2613,127681,1079851.0,2012
0,24,1,1,0,0,0.0,2012
0,25,6,31,3114,158237,1370169.0,2012
0,26,10,60,5390,272052,2300958.0,2012
0,1,2971,3347,76446,2979843,23236828.0,2012
0,2,1123,1125,2019,60211,477827.0,2012
0,3,578,578,3900,98607,694701.0,2012
0,4,285,285,3358,97165,616368.0,2012
0,5,196,198,3252,97088,689388.0,2012
0,6,2182,2186,12529,353071,2478284.0,2012
0,7,141,143,3033,94225,707100.0,2012
0,8,99,100,2580,84536,580209.0,2012
0,9,62,65,1911,63587,393027.0,2012
0,10,51,53,1874,62462,510123.0,2012
0,11,81,84,3274,111356,745823.0,2012
0,12,110,124,6256,232687,1743814.0,2012
0,13,60,76,4512,165502,1161315.0,2012
0,14,56,85,5702,234648,1862347.0,2012
0,15,23,46,2896,113025,813243.0,2012
0,16,29,56,4364,172942,1339408.0,2012
0,17,15,50,3092,125290,935984.0,2012
0,18,12,29,3137,124692,868780.0,2012
0,19,2921,3097,55160,1938023,14139457.0,2012
0,20,15,69,5767,263483,2462486.0,2012
0,21,6,15,1693,80854,616914.0,2012
0,22,8,51,0,0,0.0,2012
0,23,4,23,2613,127681,1079851.0,2012
0,24,1,1,0,0,0.0,2012
0,25,6,31,3114,158237,1370169.0,2012
0,26,10,60,5390,272052,2300958.0,2012
0,1,2640,2925,67838,2602859,18852855.0,2012
0,2,1010,1010,1807,52310,376815.0,2012
0,3,515,515,3490,86491,572073.0,2012
0,4,257,257,3036,86441,524829.0,2012
0,5,171,173,2831,81407,527380.0,2012
0,6,1953,1955,11164,306649,2001097.0,2012
0,7,125,127,2672,80335,572805.0,2012
0,8,81,81,2108,65539,361539.0,2012
0,9,58,61,1798,59897,366843.0,2012
0,10,42,44,1537,48553,296343.0,2012
0,11,73,75,2996,101615,640824.0,2012
0,12,97,108,5613,203686,1376911.0,2012
0,13,52,64,3911,140462,949178.0,2012
0,14,49,68,5209,209676,1549106.0,2012
0,15,19,30,2482,99484,703278.0,2012
0,16,24,40,3616,137630,869077.0,2012
0,17,14,43,2927,117272,875092.0,2012
0,18,11,26,3095,122764,849772.0,2012
0,19,2598,2722,49128,1693562,11411865.0,2012
0,20,12,41,4256,187658,1438071.0,2012
0,21,4,13,1664,79982,611043.0,2012
0,22,7,38,1537,78524,650320.0,2012
0,23,4,23,2613,127681,1079851.0,2012
0,24,1,1,0,0,0.0,2012
0,25,5,28,3062,153769,1267441.0,2012
0,26,9,59,5331,269871,2281521.0,2012
0,1,343,422,8608,376984,4383973.0,2012
0,2,113,115,212,7901,101012.0,2012
0,3,63,63,410,12116,122628.0,2012
0,4,28,28,322,10724,91539.0,2012
0,5,25,25,421,15681,162008.0,2012
0,6,229,231,1365,46422,477187.0,2012
0,7,16,16,361,13890,134295.0,2012
0,8,18,19,472,18997,218670.0,2012
0,9,4,4,113,3690,26184.0,2012
0,10,9,9,337,13909,213780.0,2012
0,11,8,9,278,9741,104999.0,2012
0,12,14,16,643,29001,366903.0,2012
0,13,8,12,601,25040,212137.0,2012
0,14,9,17,0,24972,313241.0,2012
0,15,4,16,0,0,0.0,2012
0,16,7,16,748,35312,470331.0,2012
0,17,1,7,0,0,0.0,2012
0,18,3,3,42,1928,0.0,2012
0,19,330,375,6032,244461,2727592.0,2012
0,20,6,28,1511,75825,1024415.0,2012
0,21,2,2,0,0,0.0,2012
0,22,3,13,0,0,0.0,2012
0,25,1,3,0,0,0.0,2012
0,26,1,1,0,0,0.0,2012
0,1,1173,1443,59534,2533202,17391457.0,2012
0,2,268,268,522,23022,136317.0,2012
0,3,212,213,1457,41137,233766.0,2012
0,4,144,145,1723,56884,273761.0,2012
0,5,64,64,1086,33861,163628.0,2012
0,6,688,690,4788,154904,807472.0,2012
0,7,55,58,1201,42471,181706.0,2012
0,8,44,44,1193,40778,165932.0,2012
0,9,36,36,1069,39963,191462.0,2012
0,10,29,29,1033,36613,157523.0,2012
0,11,42,43,1672,58360,245351.0,2012
0,12,67,83,3623,135199,700815.0,2012
0,13,30,36,2096,77520,459262.0,2012
0,14,53,59,5177,203719,1352270.0,2012
0,15,17,24,0,0,0.0,2012
0,16,38,54,4333,176777,1097764.0,2012
0,17,12,28,2669,109710,729787.0,2012
0,18,7,18,1223,51058,240200.0,2012
0,19,1118,1202,31583,1193329,6795050.0,2012
0,20,11,30,4277,190260,1374008.0,2012
0,21,5,17,1837,89482,997509.0,2012
0,22,6,20,2351,109682,937529.0,2012
0,23,5,21,0,0,0.0,2012
0,24,4,35,0,0,0.0,2012
0,25,9,26,0,0,0.0,2012
0,26,15,92,11321,590497,4229188.0,2012
0,1,1173,1443,59534,2533202,17391457.0,2012
0,2,268,268,522,23022,136317.0,2012
0,3,212,213,1457,41137,233766.0,2012
0,4,144,145,1723,56884,273761.0,2012
0,5,64,64,1086,33861,163628.0,2012
0,6,688,690,4788,154904,807472.0,2012
0,7,55,58,1201,42471,181706.0,2012
0,8,44,44,1193,40778,165932.0,2012
0,9,36,36,1069,39963,191462.0,2012
0,10,29,29,1033,36613,157523.0,2012
0,11,42,43,1672,58360,245351.0,2012
0,12,67,83,3623,135199,700815.0,2012
0,13,30,36,2096,77520,459262.0,2012
0,14,53,59,5177,203719,1352270.0,2012
0,15,17,24,0,0,0.0,2012
0,16,38,54,4333,176777,1097764.0,2012
0,17,12,28,2669,109710,729787.0,2012
0,18,7,18,1223,51058,240200.0,2012
0,19,1118,1202,31583,1193329,6795050.0,2012
0,20,11,30,4277,190260,1374008.0,2012
0,21,5,17,1837,89482,997509.0,2012
0,22,6,20,2351,109682,937529.0,2012
0,23,5,21,0,0,0.0,2012
0,24,4,35,0,0,0.0,2012
0,25,9,26,0,0,0.0,2012
0,26,15,92,11321,590497,4229188.0,2012
0,1,221,245,12163,455241,2653429.0,2012
0,2,54,54,0,3891,17356.0,2012
0,3,26,26,168,5218,27929.0,2012
0,4,23,24,269,8594,39393.0,2012
0,5,12,12,209,6719,32653.0,2012
0,6,115,116,740,24422,117331.0,2012
0,7,8,8,0,5855,29556.0,2012
0,8,11,11,294,9102,32925.0,2012
0,9,7,7,222,8993,44308.0,2012
0,10,8,8,277,9455,38905.0,2012
0,11,7,7,315,10043,44476.0,2012
0,12,12,13,721,20728,100393.0,2012
0,13,9,11,739,25976,110137.0,2012
0,14,11,11,1398,48805,212327.0,2012
0,15,5,5,0,0,0.0,2012
0,16,8,10,1079,40759,227789.0,2012
0,17,3,6,510,15539,74704.0,2012
0,18,2,2,0,0,0.0,2012
0,19,206,215,7393,255868,1231602.0,2012
0,20,1,2,0,0,0.0,2012
0,21,1,4,0,0,0.0,2012
0,22,1,1,0,0,0.0,2012
0,23,2,12,0,0,0.0,2012
0,24,1,1,0,0,0.0,2012
0,25,3,4,0,0,0.0,2012
0,26,6,6,957,41511,213844.0,2012
0,1,71,102,13608,625808,4225195.0,2012
0,2,17,17,0,2842,32806.0,2012
0,3,6,6,36,799,3546.0,2012
0,4,6,6,74,2934,16244.0,2012
0,5,2,2,0,0,0.0,2012
0,6,31,31,175,7227,56490.0,2012
0,7,2,2,0,0,0.0,2012
0,8,2,2,0,0,0.0,2012
0,9,1,1,0,0,0.0,2012
0,10,1,1,0,0,0.0,2012
0,11,2,2,0,0,0.0,2012
0,12,3,3,0,0,0.0,2012
0,14,4,5,442,17552,122436.0,2012
0,15,2,4,0,0,0.0,2012
0,16,6,9,1230,62206,436616.0,2012
0,17,4,9,1206,54368,416790.0,2012
0,18,1,1,0,0,0.0,2012
0,19,59,70,3645,165657,1277322.0,2012
0,20,4,5,1810,78768,579964.0,2012
0,21,1,1,0,0,0.0,2012
0,22,2,3,0,0,0.0,2012
0,24,1,3,0,0,0.0,2012
0,25,1,2,0,0,0.0,2012
0,26,3,18,5538,272886,1710768.0,2012
0,1,96,109,2889,118059,971581.0,2012
0,2,29,29,61,4078,26713.0,2012
0,3,14,14,97,3132,15843.0,2012
0,4,9,9,114,3804,26486.0,2012
0,5,7,7,0,3552,24340.0,2012
0,6,59,59,389,14566,93382.0,2012
0,7,4,4,83,2705,9990.0,2012
0,9,2,2,0,0,0.0,2012
0,10,2,2,0,0,0.0,2012
0,11,4,4,170,4940,27481.0,2012
0,12,5,7,283,9793,45460.0,2012
0,13,4,4,258,8808,150289.0,2012
0,14,1,3,0,0,0.0,2012
0,15,1,3,0,0,0.0,2012
0,16,6,7,247,9898,59616.0,2012
0,17,1,1,0,0,0.0,2012
0,18,1,1,0,0,0.0,2012
0,19,90,97,1790,66192,487888.0,2012
0,22,1,1,0,0,0.0,2012
0,24,1,2,0,0,0.0,2012
0,26,4,9,926,44673,415646.0,2012
0,1,666,768,17451,689465,3111306.0,2012
0,2,143,143,295,9982,44243.0,2012
0,3,136,136,933,24350,108565.0,2012
0,4,95,95,1136,34805,142754.0,2012
0,5,38,38,647,19292,79174.0,2012
0,6,412,412,3011,88429,374736.0,2012
0,7,35,38,758,26460,98827.0,2012
0,8,26,26,708,22858,94903.0,2012
0,9,23,23,668,22878,98023.0,2012
0,10,17,17,622,22568,92329.0,2012
0,11,25,26,927,33930,125949.0,2012
0,12,41,53,2085,81324,358101.0,2012
0,13,18,21,1099,42736,198836.0,2012
0,14,22,23,1633,61032,271415.0,2012
0,15,7,10,0,0,0.0,2012
0,16,16,18,725,31064,137926.0,2012
0,17,3,5,0,0,0.0,2012
0,18,3,13,498,20061,76400.0,2012
0,19,648,685,13690,496587,2106725.0,2012
0,20,5,14,1260,50851,236387.0,2012
0,21,1,1,0,0,0.0,2012
0,22,1,3,0,0,0.0,2012
0,23,2,4,0,0,0.0,2012
0,24,2,13,0,0,0.0,2012
0,25,3,18,0,0,0.0,2012
0,26,4,30,0,0,0.0,2012
0,1,149,219,13423,644629,6429946.0,2012
0,2,25,25,44,2229,15199.0,2012
0,3,31,31,223,7638,77883.0,2012
0,4,11,11,130,6747,48884.0,2012
0,5,5,5,0,0,0.0,2012
0,6,72,72,473,20260,165533.0,2012
0,7,6,6,0,0,0.0,2012
0,8,5,5,138,7539,25907.0,2012
0,9,3,3,89,4447,28943.0,2012
0,10,1,1,0,0,0.0,2012
0,11,4,4,0,0,0.0,2012
0,12,7,7,392,14445,106175.0,2012
0,14,15,17,1549,69702,723256.0,2012
0,15,2,2,0,0,0.0,2012
0,16,5,10,0,0,0.0,2012
0,17,2,7,0,0,0.0,2012
0,18,1,1,0,0,0.0,2012
0,19,123,135,5065,209025,1691513.0,2012
0,20,3,9,817,41158,438759.0,2012
0,21,4,11,1103,59605,745862.0,2012
0,22,5,12,988,49896,543895.0,2012
0,23,1,5,0,0,0.0,2012
0,24,2,16,0,0,0.0,2012
0,25,2,2,0,0,0.0,2012
0,26,9,29,2578,139383,1380739.0,2012
0,1,8041,8933,205029,6965688,37927350.0,2012
0,2,3193,3193,5843,185460,923005.0,2012
0,3,1523,1525,10224,294013,1395902.0,2012
0,4,838,843,9838,304435,1502670.0,2012
0,5,505,512,8556,261233,1203113.0,2012
0,6,6059,6073,34461,1045141,5024690.0,2012
0,7,356,362,7760,248238,1196090.0,2012
0,8,263,270,6929,225542,1083749.0,2012
0,9,174,180,5317,177445,844527.0,2012
0,10,142,152,5051,166100,769857.0,2012
0,11,206,224,8853,283239,1471151.0,2012
0,12,270,303,15161,494021,2541044.0,2012
0,13,139,165,10419,332824,1930871.0,2012
0,14,128,164,12956,418040,2285261.0,2012
0,15,63,123,7932,265095,1451501.0,2012
0,16,63,97,8918,305879,1748143.0,2012
0,17,43,78,7053,259569,1352940.0,2012
0,18,18,46,4389,145465,831034.0,2012
0,19,7924,8237,135199,4366598,22530858.0,2012
0,20,34,119,8184,291070,1476942.0,2012
0,21,8,19,2110,82767,460630.0,2012
0,22,16,83,8630,300623,1338479.0,2012
0,23,10,32,2609,94566,623169.0,2012
0,24,7,37,2743,116315,620579.0,2012
0,25,18,231,19115,691424,4271729.0,2012
0,26,24,175,26439,1022325,6604964.0,2012
0,1,3319,3626,96892,3546210,20027670.0,2012
0,2,1323,1323,2411,80885,394249.0,2012
0,3,604,604,4047,126441,571092.0,2012
0,4,337,340,3973,130601,625674.0,2012
0,5,213,216,3593,117743,512494.0,2012
0,6,2477,2483,14024,455670,2103509.0,2012
0,7,140,144,3067,100498,457035.0,2012
0,8,107,108,2848,92182,467603.0,2012
0,9,69,70,2123,72428,352498.0,2012
0,10,54,56,1939,66732,298274.0,2012
0,11,81,91,3403,109454,635025.0,2012
0,12,118,128,6404,207594,1156410.0,2012
0,13,53,62,4069,129186,706369.0,2012
0,14,53,63,5108,170268,1067359.0,2012
0,15,26,34,3199,117941,614158.0,2012
0,16,32,46,4154,147152,782225.0,2012
0,17,25,41,3405,129486,732349.0,2012
0,18,11,19,1772,59367,362853.0,2012
0,19,3246,3345,55515,1857958,9735667.0,2012
0,20,18,31,3538,116567,557093.0,2012
0,21,7,15,0,0,0.0,2012
0,22,10,32,4671,174228,813216.0,2012
0,23,7,23,2213,79804,468435.0,2012
0,24,4,9,487,25992,159111.0,2012
0,25,12,84,12301,465985,3198948.0,2012
0,26,15,87,16441,760243,4747011.0,2012
0,1,1014,1143,47123,1831440,9290993.0,2012
0,2,332,332,647,23122,84171.0,2012
0,3,211,211,1383,45036,163541.0,2012
0,4,108,108,1261,42018,142044.0,2012
0,5,77,77,1343,42043,157246.0,2012
0,6,728,728,4634,152219,547002.0,2012
0,7,41,41,877,30659,115112.0,2012
0,8,39,39,1027,37208,146295.0,2012
0,9,20,20,649,24912,96975.0,2012
0,10,18,18,652,22620,71096.0,2012
0,11,24,25,1069,35582,168523.0,2012
0,12,25,27,1338,52692,219536.0,2012
0,13,24,26,1825,56117,212361.0,2012
0,14,18,22,1698,53030,269536.0,2012
0,15,10,16,1175,44131,184808.0,2012
0,16,17,20,2302,82675,438246.0,2012
0,17,11,15,1363,62123,330784.0,2012
0,18,3,6,750,25893,124739.0,2012
0,19,978,1003,19359,679861,2925013.0,2012
0,20,7,10,0,39160,145930.0,2012
0,21,2,5,0,0,0.0,2012
0,22,5,13,2894,90340,380191.0,2012
0,23,4,12,0,0,0.0,2012
0,24,1,4,0,0,0.0,2012
0,25,7,38,8710,319298,1729942.0,2012
0,26,10,58,12778,615239,3690772.0,2012
0,1,910,1000,24458,833047,5846081.0,2012
0,2,274,274,496,18691,121942.0,2012
0,3,147,147,1009,28481,187866.0,2012
0,4,88,88,1044,32764,231295.0,2012
0,5,72,74,1197,37469,202953.0,2012
0,6,581,583,3746,117405,744056.0,2012
0,7,47,49,1044,31302,172936.0,2012
0,8,33,34,880,26133,186490.0,2012
0,9,32,33,958,28089,179481.0,2012
0,10,24,25,868,29558,166557.0,2012
0,11,33,41,1372,41563,238543.0,2012
0,12,60,62,3153,91232,626062.0,2012
0,13,13,16,994,32509,245709.0,2012
0,14,19,22,1517,50920,327034.0,2012
0,15,10,12,1301,52230,309761.0,2012
0,16,10,14,714,20388,108567.0,2012
0,17,10,18,0,0,0.0,2012
0,18,4,4,0,0,0.0,2012
0,19,876,913,17459,553196,3570617.0,2012
0,20,8,14,0,0,0.0,2012
0,21,5,8,608,18944,151389.0,2012
0,22,4,12,1102,54945,323046.0,2012
0,23,4,6,402,15539,108647.0,2012
0,25,9,42,3190,131276,0.0,2012
0,26,4,5,546,19467,144002.0,2012
0,1,1431,1483,25311,881723,4890596.0,2012
0,2,717,717,1268,39072,188136.0,2012
0,3,246,246,1655,52924,219685.0,2012
0,4,141,144,1668,55819,252335.0,2012
0,5,64,65,1053,38231,152295.0,2012
0,6,1168,1172,5644,186046,812451.0,2012
0,7,52,54,1146,38537,168987.0,2012
0,8,35,35,941,28841,134818.0,2012
0,9,17,17,516,19427,76042.0,2012
0,10,13,13,419,14554,60621.0,2012
0,11,25,25,962,32309,227959.0,2012
0,12,36,39,1913,63670,310812.0,2012
0,13,16,20,1250,40560,248299.0,2012
0,14,18,19,1893,66318,470789.0,2012
0,15,6,6,723,21580,119589.0,2012
0,16,10,12,1138,44089,235412.0,2012
0,17,5,8,1336,42840,178961.0,2012
0,18,5,9,0,0,0.0,2012
0,19,1406,1429,18697,624901,3240037.0,2012
0,20,5,7,1172,37727,197722.0,2012
0,21,2,2,0,0,0.0,2012
0,22,4,7,0,0,0.0,2012
0,23,1,5,0,0,0.0,2012
0,24,4,5,438,23061,144336.0,2012
0,25,3,4,401,15411,134067.0,2012
0,26,6,24,3117,125537,0.0,2012
0,1,2377,2666,49155,1432990,6840068.0,2012
0,2,800,800,1553,44675,228658.0,2012
0,3,479,479,3235,78097,420261.0,2012
0,4,291,291,3395,90801,454792.0,2012
0,5,186,189,3157,84679,417141.0,2012
0,6,1756,1759,11340,298252,1520852.0,2012
0,7,131,132,2861,83277,373218.0,2012
0,8,94,99,2477,71875,341320.0,2012
0,9,63,67,1963,60144,262564.0,2012
0,10,51,57,1820,55048,255691.0,2012
0,11,72,76,3199,88897,427526.0,2012
0,12,82,97,4748,140336,697335.0,2012
0,13,43,50,3039,90502,452284.0,2012
0,14,39,53,3749,113488,535648.0,2012
0,15,17,54,1873,52567,282398.0,2012
0,16,10,12,1312,38861,198821.0,2012
0,17,6,16,997,36409,181896.0,2012
0,18,1,12,0,0,0.0,2012
0,19,2365,2484,39765,1139822,5555561.0,2012
0,20,5,24,2129,84830,401811.0,2012
0,22,4,40,0,0,0.0,2012
0,24,1,3,0,0,0.0,2012
0,25,2,115,0,0,0.0,2012
0,1,2377,2666,49155,1432990,6840068.0,2012
0,2,800,800,1553,44675,228658.0,2012
0,3,479,479,3235,78097,420261.0,2012
0,4,291,291,3395,90801,454792.0,2012
0,5,186,189,3157,84679,417141.0,2012
0,6,1756,1759,11340,298252,1520852.0,2012
0,7,131,132,2861,83277,373218.0,2012
0,8,94,99,2477,71875,341320.0,2012
0,9,63,67,1963,60144,262564.0,2012
0,10,51,57,1820,55048,255691.0,2012
0,11,72,76,3199,88897,427526.0,2012
0,12,82,97,4748,140336,697335.0,2012
0,13,43,50,3039,90502,452284.0,2012
0,14,39,53,3749,113488,535648.0,2012
0,15,17,54,1873,52567,282398.0,2012
0,16,10,12,1312,38861,198821.0,2012
0,17,6,16,997,36409,181896.0,2012
0,18,1,12,0,0,0.0,2012
0,19,2365,2484,39765,1139822,5555561.0,2012
0,20,5,24,2129,84830,401811.0,2012
0,22,4,40,0,0,0.0,2012
0,24,1,3,0,0,0.0,2012
0,25,2,115,0,0,0.0,2012
0,1,2380,2641,58982,1986488,11059612.0,2012
0,2,1070,1070,1879,59900,300098.0,2012
0,3,440,442,2942,89475,404549.0,2012
0,4,210,212,2470,83033,422204.0,2012
0,5,106,107,1806,58811,273478.0,2012
0,6,1826,1831,9097,291219,1400329.0,2012
0,7,85,86,1832,64463,365837.0,2012
0,8,62,63,1604,61485,274826.0,2012
0,9,42,43,1231,44873,229465.0,2012
0,10,37,39,1292,44320,215892.0,2012
0,11,54,57,2251,84888,408600.0,2012
0,12,74,78,4009,146091,687299.0,2012
0,13,45,53,3311,113136,772218.0,2012
0,14,39,48,4099,134284,682254.0,2012
0,15,24,35,2860,94587,554945.0,2012
0,16,25,39,3452,119866,767097.0,2012
0,17,12,21,2651,93674,438695.0,2012
0,18,9,15,2230,75932,442173.0,2012
0,19,2334,2408,39919,1368818,7239630.0,2012
0,20,12,64,2517,89673,518038.0,2012
0,21,2,4,0,0,0.0,2012
0,22,4,11,0,29854,130828.0,2012
0,23,4,9,0,14762,0.0,2012
0,24,3,25,0,0,0.0,2012
0,25,8,32,0,0,0.0,2012
0,26,13,88,9998,262082,1857953.0,2012
0,1,180,268,21057,681742,3602839.0,2012
0,2,56,56,93,4869,23703.0,2012
0,3,20,20,132,6125,29073.0,2012
0,4,9,9,0,0,0.0,2012
0,5,8,8,140,6333,28614.0,2012
0,6,93,93,468,20940,99768.0,2012
0,7,3,4,63,3979,29441.0,2012
0,8,3,3,87,4723,29456.0,2012
0,9,6,6,191,8246,31154.0,2012
0,10,5,5,0,6066,28260.0,2012
0,11,7,7,291,13054,49491.0,2012
0,12,17,17,957,31957,151581.0,2012
0,13,9,9,709,26793,157901.0,2012
0,14,8,8,964,31305,148058.0,2012
0,15,9,11,1501,44475,226529.0,2012
0,16,4,5,678,26350,186399.0,2012
0,17,3,4,0,0,0.0,2012
0,18,2,4,0,0,0.0,2012
0,19,169,176,7579,270406,1442948.0,2012
0,20,3,8,0,0,0.0,2012
0,21,1,1,0,0,0.0,2012
0,22,2,9,0,0,0.0,2012
0,24,1,15,0,0,0.0,2012
0,25,2,17,0,0,0.0,2012
0,26,2,42,0,0,0.0,2012
0,1,537,610,12441,463848,2388267.0,2012
0,2,222,222,389,15422,73087.0,2012
0,3,102,104,701,23122,107468.0,2012
0,4,52,53,602,23371,133422.0,2012
0,5,21,22,379,13925,56695.0,2012
0,6,397,401,2071,75840,370672.0,2012
0,7,16,16,0,13254,72341.0,2012
0,8,22,23,567,23621,108426.0,2012
0,9,9,9,261,9978,38452.0,2012
0,10,13,14,447,16733,69612.0,2012
0,11,11,11,448,17447,74040.0,2012
0,12,19,19,1075,40351,173463.0,2012
0,13,8,8,0,0,0.0,2012
0,14,14,14,1555,57529,227582.0,2012
0,15,3,5,263,11202,70426.0,2012
0,16,7,8,1032,35346,167685.0,2012
0,17,3,5,0,0,0.0,2012
0,18,1,1,0,0,0.0,2012
0,19,523,534,9526,352266,1577509.0,2012
0,20,6,48,0,41586,0.0,2012
0,23,2,7,0,0,0.0,2012
0,24,2,9,0,0,0.0,2012
0,25,1,3,0,0,0.0,2012
0,26,3,9,0,24329,326340.0,2012
0,1,1671,1763,25484,840898,5068506.0,2012
0,2,792,792,1397,39609,203308.0,2012
0,3,318,318,2109,60228,268008.0,2012
0,4,149,150,1765,56049,270404.0,2012
0,5,77,77,1287,38553,188169.0,2012
0,6,1336,1337,6558,194439,929889.0,2012
0,7,66,66,1435,47230,264055.0,2012
0,8,37,37,950,33141,136944.0,2012
0,9,27,28,779,26649,159859.0,2012
0,10,19,20,675,21521,118020.0,2012
0,11,37,39,1512,54387,285069.0,2012
0,12,38,42,1977,73783,362255.0,2012
0,13,28,36,1860,61602,508081.0,2012
0,14,17,26,1580,45450,306614.0,2012
0,15,12,19,1096,38910,257990.0,2012
0,16,15,26,1742,58170,413013.0,2012
0,17,8,12,1650,60108,286944.0,2012
0,18,6,10,1000,30756,190440.0,2012
0,19,1646,1698,22814,746146,4219173.0,2012
0,20,4,8,0,0,0.0,2012
0,21,1,3,0,0,0.0,2012
0,22,2,2,0,0,0.0,2012
0,23,2,2,0,0,0.0,2012
0,24,1,1,0,0,0.0,2012
0,25,5,12,0,0,0.0,2012
0,26,10,37,1424,43402,434896.0,2012
0,1,2899,4465,355648,20275289,181399793.0,2012
0,2,582,583,1113,101993,864504.0,2012
0,3,353,355,2440,92992,664124.0,2012
0,4,232,232,2758,107849,720687.0,2012
0,5,217,217,3641,139722,887156.0,2012
0,6,1384,1387,9952,442556,3136471.0,2012
0,7,160,162,3497,143123,935904.0,2012
0,8,123,124,3213,137527,853100.0,2012
0,9,108,108,3376,137219,845753.0,2012
0,10,83,84,3027,143514,916286.0,2012
0,11,125,134,5497,235492,1514680.0,2012
0,12,203,225,11898,559841,3807256.0,2012
0,13,132,164,10853,495930,3171975.0,2012
0,14,161,200,17187,879578,5609597.0,2012
0,15,88,129,13460,697669,5056061.0,2012
0,16,97,178,20254,1010783,6813559.0,2012
0,17,46,109,12435,634417,4959537.0,2012
0,18,20,48,5757,320879,2183420.0,2012
0,19,2730,3052,120406,5838528,39803599.0,2012
0,20,38,92,14592,768373,6665065.0,2012
0,21,25,82,12879,739704,5645403.0,2012
0,22,18,82,10342,571889,5093350.0,2012
0,23,16,53,12176,695898,5290007.0,2012
0,24,10,78,14095,820163,5818300.0,2012
0,25,23,179,27336,1695485,17202280.0,2012
0,26,39,847,143822,9145249,95881789.0,2012
0,1,231,448,108674,7845480,81383817.0,2012
0,2,32,32,0,0,0.0,2012
0,3,14,14,0,3951,24530.0,2012
0,4,9,9,93,3905,27789.0,2012
0,5,6,6,102,3046,18914.0,2012
0,6,61,61,354,36743,239129.0,2012
0,7,4,4,0,0,0.0,2012
0,8,6,6,155,7621,57683.0,2012
0,9,7,7,0,0,0.0,2012
0,10,5,5,151,6101,77991.0,2012
0,11,9,9,325,17197,105681.0,2012
0,12,14,15,805,50121,418455.0,2012
0,13,4,4,363,19721,173272.0,2012
0,14,11,12,1214,78274,477882.0,2012
0,15,18,21,2743,163950,1662706.0,2012
0,16,16,20,3505,206282,1861026.0,2012
0,17,6,6,1614,101353,1319072.0,2012
0,18,5,9,1390,80769,792142.0,2012
0,19,166,179,12944,783050,7278007.0,2012
0,20,9,22,3852,248585,2018047.0,2012
0,21,8,15,3347,228755,1691268.0,2012
0,22,7,19,3369,231321,2136628.0,2012
0,23,6,10,3533,285920,2380822.0,2012
0,24,5,19,7266,521796,0.0,2012
0,25,10,39,12550,856732,9207265.0,2012
0,26,20,145,61813,4689321,52756081.0,2012
0,1,33,42,8678,662793,6558620.0,2012
0,2,5,5,7,257,2181.0,2012
0,3,1,1,0,0,0.0,2012
0,4,1,1,0,0,0.0,2012
0,6,7,7,22,755,5276.0,2012
0,7,1,1,0,0,0.0,2012
0,8,2,2,0,0,0.0,2012
0,9,1,1,0,0,0.0,2012
0,10,1,1,0,0,0.0,2012
0,11,2,2,0,0,0.0,2012
0,12,1,1,0,0,0.0,2012
0,15,2,2,0,0,0.0,2012
0,16,3,4,722,45793,500378.0,2012
0,19,20,21,1108,68830,745258.0,2012
0,20,1,1,0,0,0.0,2012
0,21,1,1,0,0,0.0,2012
0,22,2,3,0,0,0.0,2012
0,23,1,2,0,0,0.0,2012
0,24,2,3,0,0,0.0,2012
0,25,1,1,0,0,0.0,2012
0,26,5,10,0,0,0.0,2012
0,1,33,42,8678,662793,6558620.0,2012
0,2,5,5,7,257,2181.0,2012
0,3,1,1,0,0,0.0,2012
0,4,1,1,0,0,0.0,2012
0,6,7,7,22,755,5276.0,2012
0,7,1,1,0,0,0.0,2012
0,8,2,2,0,0,0.0,2012
0,9,1,1,0,0,0.0,2012
0,10,1,1,0,0,0.0,2012
0,11,2,2,0,0,0.0,2012
0,12,1,1,0,0,0.0,2012
0,15,2,2,0,0,0.0,2012
0,16,3,4,722,45793,500378.0,2012
0,19,20,21,1108,68830,745258.0,2012
0,20,1,1,0,0,0.0,2012
0,21,1,1,0,0,0.0,2012
0,22,2,3,0,0,0.0,2012
0,23,1,2,0,0,0.0,2012
0,24,2,3,0,0,0.0,2012
0,25,1,1,0,0,0.0,2012
0,26,5,10,0,0,0.0,2012
0,1,140,229,64451,4532028,46353062.0,2012
0,2,20,20,0,0,0.0,2012
0,3,10,10,0,3083,19137.0,2012
0,4,5,5,52,2172,17022.0,2012
0,5,4,4,67,2266,14072.0,2012
0,6,39,39,223,31246,202693.0,2012
0,7,3,3,0,0,0.0,2012
0,8,1,1,0,0,0.0,2012
0,9,3,3,0,0,0.0,2012
0,10,1,1,0,0,0.0,2012
0,11,4,4,149,8522,54390.0,2012
0,12,9,9,540,36057,263422.0,2012
0,13,2,2,0,0,0.0,2012
0,14,6,6,654,32954,229543.0,2012
0,15,14,16,2317,133004,1285404.0,2012
0,16,9,10,1842,105618,961412.0,2012
0,17,4,4,1444,90482,1075299.0,2012
0,18,4,6,0,0,0.0,2012
0,19,99,104,8397,502733,4832379.0,2012
0,20,9,16,3477,229251,1779752.0,2012
0,21,5,10,2525,174401,1115441.0,2012
0,22,3,6,1328,86020,681101.0,2012
0,23,1,2,0,0,0.0,2012
0,24,4,10,5059,358346,2417791.0,2012
0,25,6,26,8257,541137,6002905.0,2012
0,26,13,55,34573,2587109,29243658.0,2012
0,1,125,209,60053,4213008,43268695.0,2012
0,2,18,18,0,5029,50584.0,2012
0,3,10,10,0,3083,19137.0,2012
0,4,3,3,32,1318,9790.0,2012
0,5,4,4,67,2266,14072.0,2012
0,6,35,35,203,11696,93583.0,2012
0,7,3,3,0,0,0.0,2012
0,8,1,1,0,0,0.0,2012
0,9,2,2,0,0,0.0,2012
0,10,1,1,0,0,0.0,2012
0,11,4,4,149,8522,54390.0,2012
0,12,9,9,540,36057,263422.0,2012
0,13,2,2,0,0,0.0,2012
0,14,6,6,654,32954,229543.0,2012
0,15,10,12,1625,93135,864749.0,2012
0,16,7,8,1343,78223,732897.0,2012
0,17,3,3,1157,70270,0.0,2012
0,18,4,6,0,0,0.0,2012
0,19,87,92,6863,394094,3727358.0,2012
0,20,8,14,2977,204544,1485045.0,2012
0,21,4,9,2404,165435,989712.0,2012
0,22,3,6,1328,86020,681101.0,2012
0,23,1,2,0,0,0.0,2012
0,24,4,8,4271,299723,1860914.0,2012
0,25,6,24,7240,465532,5596750.0,2012
0,26,12,54,34135,2544629,28647780.0,2012
0,1,17,20,4398,319020,3084367.0,2012
0,2,2,2,0,0,0.0,2012
0,4,2,2,0,0,0.0,2012
0,6,4,4,0,0,0.0,2012
0,9,1,1,0,0,0.0,2012
0,15,4,4,0,0,0.0,2012
0,16,2,2,0,0,0.0,2012
0,17,1,1,0,0,0.0,2012
0,19,12,12,1534,108639,1105021.0,2012
0,20,1,2,0,0,0.0,2012
0,21,1,1,0,0,0.0,2012
0,24,1,2,0,0,0.0,2012
0,25,1,2,0,0,0.0,2012
0,26,1,1,0,0,0.0,2012
0,1,82,177,35545,2650659,28472135.0,2012
0,2,7,7,0,1859,13253.0,2012
0,3,3,3,0,700,4349.0,2012
0,4,3,3,31,1403,8716.0,2012
0,5,2,2,0,0,0.0,2012
0,6,15,15,109,4742,31160.0,2012
0,8,3,3,83,3721,33450.0,2012
0,9,3,3,98,3542,21515.0,2012
0,10,3,3,114,4913,74566.0,2012
0,11,3,3,127,7222,44861.0,2012
0,12,4,5,215,11323,99274.0,2012
0,13,2,2,0,0,0.0,2012
0,14,5,6,0,0,0.0,2012
0,15,3,3,0,0,0.0,2012
0,16,4,6,941,54871,399236.0,2012
0,17,2,2,0,0,0.0,2012
0,18,3,3,579,38342,204917.0,2012
0,19,50,54,3439,211487,1700370.0,2012
0,20,3,5,333,17307,202598.0,2012
0,21,3,4,712,46503,501070.0,2012
0,22,3,10,1095,70963,717552.0,2012
0,23,4,6,0,0,0.0,2012
0,24,1,6,0,0,0.0,2012
0,25,6,12,3836,280629,2880386.0,2012
0,26,12,80,23941,1829735,21108204.0,2012
0,1,82,177,35545,2650659,28472135.0,2012
0,2,7,7,0,1859,13253.0,2012
0,3,3,3,0,700,4349.0,2012
0,4,3,3,31,1403,8716.0,2012
0,5,2,2,0,0,0.0,2012
0,6,15,15,109,4742,31160.0,2012
0,8,3,3,83,3721,33450.0,2012
0,9,3,3,98,3542,21515.0,2012
0,10,3,3,114,4913,74566.0,2012
0,11,3,3,127,7222,44861.0,2012
0,12,4,5,215,11323,99274.0,2012
0,13,2,2,0,0,0.0,2012
0,14,5,6,0,0,0.0,2012
0,15,3,3,0,0,0.0,2012
0,16,4,6,941,54871,399236.0,2012
0,17,2,2,0,0,0.0,2012
0,18,3,3,579,38342,204917.0,2012
0,19,50,54,3439,211487,1700370.0,2012
0,20,3,5,333,17307,202598.0,2012
0,21,3,4,712,46503,501070.0,2012
0,22,3,10,1095,70963,717552.0,2012
0,23,4,6,0,0,0.0,2012
0,24,1,6,0,0,0.0,2012
0,25,6,12,3836,280629,2880386.0,2012
0,26,12,80,23941,1829735,21108204.0,2012
0,1,2723,4017,246974,12429809,100015976.0,2012
0,2,551,551,1052,76152,696608.0,2012
0,3,339,341,2342,89041,639594.0,2012
0,4,223,223,2665,103944,692898.0,2012
0,5,211,211,3539,136676,868242.0,2012
0,6,1324,1326,9598,405813,2897342.0,2012
0,7,156,158,3413,137584,903364.0,2012
0,8,117,118,3058,129906,795417.0,2012
0,9,101,101,3135,127840,785325.0,2012
0,10,78,79,2876,137413,838295.0,2012
0,11,117,125,5172,218295,1408999.0,2012
0,12,190,210,11093,509720,3388801.0,2012
0,13,128,160,10490,476209,2998703.0,2012
0,14,150,188,15973,801304,5131715.0,2012
0,15,73,108,10717,533719,3393355.0,2012
0,16,85,158,16749,804501,4952533.0,2012
0,17,41,103,10821,533064,3640465.0,2012
0,18,17,39,4367,240110,1391278.0,2012
0,19,2577,2873,107462,5055478,32525592.0,2012
0,20,35,70,10740,519788,4647018.0,2012
0,21,20,67,9532,510949,3954135.0,2012
0,22,16,63,6973,340568,2956722.0,2012
0,23,12,43,8643,409978,2909185.0,2012
0,24,9,59,6829,298367,1902601.0,2012
0,25,22,140,14786,838753,7995015.0,2012
0,26,32,702,82009,4455928,43125708.0,2012
0,1,1226,2117,137468,7083024,53412081.0,2012
0,2,199,199,357,34576,409653.0,2012
0,3,130,131,895,33484,244344.0,2012
0,4,94,94,1121,45157,320256.0,2012
0,5,96,96,1634,60935,404175.0,2012
0,6,519,520,4007,174152,1378428.0,2012
0,7,85,85,1880,75273,501529.0,2012
0,8,63,64,1676,71509,475841.0,2012
0,9,48,48,1465,57986,349323.0,2012
0,10,35,35,1306,59314,307925.0,2012
0,11,58,62,2553,109486,695620.0,2012
0,12,108,120,6410,305460,2037290.0,2012
0,13,78,98,6418,307348,1852825.0,2012
0,14,71,96,8059,424011,2546431.0,2012
0,15,34,49,4916,262950,1509051.0,2012
0,16,44,89,8494,417111,2344621.0,2012
0,17,18,53,5183,269009,1604169.0,2012
0,18,4,18,1289,76831,397420.0,2012
0,19,1165,1337,53656,2610440,16000473.0,2012
0,20,14,31,4494,224605,1268670.0,2012
0,21,6,20,3125,172989,1196529.0,2012
0,22,6,33,3145,137041,1158332.0,2012
0,23,4,13,1619,86085,629395.0,2012
0,24,3,37,0,0,0.0,2012
0,25,11,101,9943,570658,4035811.0,2012
0,26,17,545,59305,3180790,28508503.0,2012
0,1,731,1242,75259,4053863,32318935.0,2012
0,2,125,125,218,28862,355567.0,2012
0,3,79,79,553,19577,164557.0,2012
0,4,70,70,844,34702,260483.0,2012
0,5,58,58,1006,36324,280788.0,2012
0,6,332,332,2621,119465,1061395.0,2012
0,7,52,52,1137,45937,345156.0,2012
0,8,33,34,896,41170,311401.0,2012
0,9,25,25,761,32172,217896.0,2012
0,10,18,18,670,31437,179552.0,2012
0,11,35,37,1525,67109,474203.0,2012
0,12,66,76,3990,188428,1482098.0,2012
0,13,42,57,3349,166843,1078523.0,2012
0,14,39,46,4194,228742,1603892.0,2012
0,15,18,21,2389,139419,820487.0,2012
0,16,19,38,3553,180719,1042997.0,2012
0,17,13,33,2677,139927,766167.0,2012
0,18,3,16,1016,63978,352427.0,2012
0,19,695,785,28778,1445346,9736194.0,2012
0,20,6,14,2080,103745,661185.0,2012
0,21,4,12,0,0,0.0,2012
0,22,2,9,0,0,0.0,2012
0,23,2,7,0,0,0.0,2012
0,25,9,55,5878,343907,2714056.0,2012
0,26,13,360,34894,1931761,17623153.0,2012
0,1,343,527,41210,2113180,13465485.0,2012
0,2,31,31,60,2319,13953.0,2012
0,3,28,28,187,8521,47744.0,2012
0,4,16,16,186,7196,40711.0,2012
0,5,23,23,380,14798,80299.0,2012
0,6,98,98,813,32834,182707.0,2012
0,7,19,19,435,16252,88243.0,2012
0,8,13,13,333,14938,83067.0,2012
0,9,16,16,492,19661,104182.0,2012
0,10,12,12,450,19019,88621.0,2012
0,11,14,14,599,24030,116970.0,2012
0,12,32,32,1853,91306,432099.0,2012
0,13,28,30,2267,113585,634822.0,2012
0,14,28,39,3223,166259,801549.0,2012
0,15,15,22,2096,106023,586620.0,2012
0,16,26,42,4397,213444,1171895.0,2012
0,17,9,19,2435,124579,738709.0,2012
0,18,1,2,0,0,0.0,2012
0,19,311,358,19666,954783,5074477.0,2012
0,20,6,15,0,0,0.0,2012
0,21,3,5,766,30762,202769.0,2012
0,22,2,2,0,0,0.0,2012
0,23,3,3,201,8294,48706.0,2012
0,24,3,13,0,0,0.0,2012
0,25,6,34,2909,175352,1007221.0,2012
0,26,9,97,13444,733547,6045243.0,2012
0,1,207,348,20999,915981,7627661.0,2012
0,2,43,43,79,3395,40133.0,2012
0,3,24,24,155,5386,32043.0,2012
0,4,8,8,91,3259,19062.0,2012
0,5,15,15,248,9813,43088.0,2012
0,6,90,90,573,21853,134326.0,2012
0,7,14,14,308,13084,68130.0,2012
0,8,17,17,447,15401,81373.0,2012
0,9,7,7,212,6153,27245.0,2012
0,10,5,5,186,8858,39752.0,2012
0,11,10,11,429,18347,104447.0,2012
0,12,11,12,567,25726,123093.0,2012
0,13,10,11,802,26920,139480.0,2012
0,14,6,11,642,29010,140990.0,2012
0,15,6,6,431,17508,101944.0,2012
0,16,6,9,544,22948,129729.0,2012
0,17,1,1,0,0,0.0,2012
0,19,183,194,5212,210311,1189802.0,2012
0,20,2,2,0,0,0.0,2012
0,21,2,3,0,0,0.0,2012
0,22,3,22,1832,65152,669892.0,2012
0,23,1,3,0,0,0.0,2012
0,24,1,24,0,0,0.0,2012
0,25,4,12,0,0,0.0,2012
0,26,11,88,10967,515482,4840107.0,2012
0,1,681,858,54175,2769740,22330906.0,2012
0,2,143,143,288,23719,167864.0,2012
0,3,85,85,592,22655,162474.0,2012
0,4,62,62,738,31801,211705.0,2012
0,5,54,54,884,39431,262348.0,2012
0,6,344,344,2502,117606,804391.0,2012
0,7,30,30,655,27650,182940.0,2012
0,8,25,25,616,27885,160143.0,2012
0,9,22,22,707,33217,193305.0,2012
0,10,16,16,585,31734,177396.0,2012
0,11,27,28,1202,55773,361619.0,2012
0,12,31,34,1700,80975,545259.0,2012
0,13,27,32,2147,96235,638514.0,2012
0,14,35,40,3505,188855,1366680.0,2012
0,15,17,27,2171,111580,811953.0,2012
0,16,25,38,4712,228891,1364669.0,2012
0,17,12,23,2505,133065,850342.0,2012
0,18,6,9,1703,94015,0.0,2012
0,19,617,668,24710,1227481,8007975.0,2012
0,20,9,17,1952,97762,976864.0,2012
0,21,6,12,1269,66366,419377.0,2012
0,22,10,25,3456,188308,1632946.0,2012
0,23,7,28,0,0,0.0,2012
0,24,4,10,1694,78791,432693.0,2012
0,25,8,17,1432,79015,891734.0,2012
0,26,20,81,13831,761858,7906687.0,2012
0,1,681,858,54175,2769740,22330906.0,2012
0,2,143,143,288,23719,167864.0,2012
0,3,85,85,592,22655,162474.0,2012
0,4,62,62,738,31801,211705.0,2012
0,5,54,54,884,39431,262348.0,2012
0,6,344,344,2502,117606,804391.0,2012
0,7,30,30,655,27650,182940.0,2012
0,8,25,25,616,27885,160143.0,2012
0,9,22,22,707,33217,193305.0,2012
0,10,16,16,585,31734,177396.0,2012
0,11,27,28,1202,55773,361619.0,2012
0,12,31,34,1700,80975,545259.0,2012
0,13,27,32,2147,96235,638514.0,2012
0,14,35,40,3505,188855,1366680.0,2012
0,15,17,27,2171,111580,811953.0,2012
0,16,25,38,4712,228891,1364669.0,2012
0,17,12,23,2505,133065,850342.0,2012
0,18,6,9,1703,94015,0.0,2012
0,19,617,668,24710,1227481,8007975.0,2012
0,20,9,17,1952,97762,976864.0,2012
0,21,6,12,1269,66366,419377.0,2012
0,22,10,25,3456,188308,1632946.0,2012
0,23,7,28,0,0,0.0,2012
0,24,4,10,1694,78791,432693.0,2012
0,25,8,17,1432,79015,891734.0,2012
0,26,20,81,13831,761858,7906687.0,2012
0,1,383,455,21641,879270,6910688.0,2012
0,2,92,92,197,8450,47828.0,2012
0,3,59,59,402,17696,86945.0,2012
0,4,38,38,463,15679,78676.0,2012
0,5,26,26,437,15152,63566.0,2012
0,6,215,215,1499,56977,277015.0,2012
0,7,19,20,407,16063,92681.0,2012
0,8,14,14,374,14620,60377.0,2012
0,9,10,10,323,11845,44212.0,2012
0,10,11,12,374,17779,123416.0,2012
0,11,13,13,559,19909,127549.0,2012
0,12,27,29,1553,67114,365443.0,2012
0,13,12,17,1051,35167,200265.0,2012
0,14,19,19,1691,69693,369824.0,2012
0,15,13,22,2182,90055,535822.0,2012
0,16,5,5,780,28461,211517.0,2012
0,17,7,12,1373,58534,259418.0,2012
0,18,2,5,0,0,0.0,2012
0,19,367,393,12877,516631,2806252.0,2012
0,20,2,6,0,0,0.0,2012
0,21,3,13,0,0,0.0,2012
0,22,1,1,0,0,0.0,2012
0,24,1,9,0,0,0.0,2012
0,25,4,7,793,35202,0.0,2012
0,26,5,26,0,0,0.0,2012
0,1,383,455,21641,879270,6910688.0,2012
0,2,92,92,197,8450,47828.0,2012
0,3,59,59,402,17696,86945.0,2012
0,4,38,38,463,15679,78676.0,2012
0,5,26,26,437,15152,63566.0,2012
0,6,215,215,1499,56977,277015.0,2012
0,7,19,20,407,16063,92681.0,2012
0,8,14,14,374,14620,60377.0,2012
0,9,10,10,323,11845,44212.0,2012
0,10,11,12,374,17779,123416.0,2012
0,11,13,13,559,19909,127549.0,2012
0,12,27,29,1553,67114,365443.0,2012
0,13,12,17,1051,35167,200265.0,2012
0,14,19,19,1691,69693,369824.0,2012
0,15,13,22,2182,90055,535822.0,2012
0,16,5,5,780,28461,211517.0,2012
0,17,7,12,1373,58534,259418.0,2012
0,18,2,5,0,0,0.0,2012
0,19,367,393,12877,516631,2806252.0,2012
0,20,2,6,0,0,0.0,2012
0,21,3,13,0,0,0.0,2012
0,22,1,1,0,0,0.0,2012
0,24,1,9,0,0,0.0,2012
0,25,4,7,793,35202,0.0,2012
0,26,5,26,0,0,0.0,2012
0,1,491,587,33690,1697775,17362301.0,2012
0,2,117,117,210,9407,71263.0,2012
0,3,66,66,453,15206,145831.0,2012
0,4,29,29,343,11307,82261.0,2012
0,5,35,35,584,21158,138153.0,2012
0,6,247,247,1590,57078,437508.0,2012
0,7,22,23,471,18598,126214.0,2012
0,8,15,15,392,15892,99056.0,2012
0,9,21,21,640,24792,198485.0,2012
0,10,16,16,611,28586,229558.0,2012
0,11,20,22,858,33127,224211.0,2012
0,12,25,27,1430,56171,440809.0,2012
0,13,11,13,0,0,0.0,2012
0,14,27,33,2718,118745,848780.0,2012
0,15,9,10,1448,69134,536529.0,2012
0,16,16,26,2763,130038,1031726.0,2012
0,17,7,15,1760,72456,926536.0,2012
0,18,5,7,664,38850,304381.0,2012
0,19,441,475,16219,700926,5710892.0,2012
0,20,12,16,3227,144165,1756691.0,2012
0,21,10,22,0,0,0.0,2012
0,22,3,4,0,0,0.0,2012
0,23,1,2,0,0,0.0,2012
0,24,3,3,616,42459,0.0,2012
0,25,6,15,2618,153878,1674437.0,2012
0,26,15,50,6232,403440,5775298.0,2012
0,1,118,147,19360,1062628,12793252.0,2012
0,2,14,14,0,1487,0.0,2012
0,3,10,10,64,3256,73148.0,2012
0,4,3,3,0,0,0.0,2012
0,5,6,6,104,3876,42546.0,2012
0,6,33,33,236,9640,147842.0,2012
0,7,3,3,64,2737,31358.0,2012
0,8,5,5,133,5479,45935.0,2012
0,9,3,3,95,4455,66381.0,2012
0,10,7,7,265,10813,125760.0,2012
0,11,4,4,178,4682,39230.0,2012
0,12,8,8,456,18060,220374.0,2012
0,13,4,4,348,15353,0.0,2012
0,14,9,10,957,39685,360016.0,2012
0,15,5,6,857,35228,384643.0,2012
0,16,7,7,1258,65328,509997.0,2012
0,17,4,11,1465,55979,756513.0,2012
0,18,2,4,0,0,0.0,2012
0,19,94,105,6903,300897,3142232.0,2012
0,20,6,9,2099,107874,1400914.0,2012
0,21,4,7,0,0,0.0,2012
0,22,3,3,0,0,0.0,2012
0,23,1,1,0,0,0.0,2012
0,24,1,1,0,0,0.0,2012
0,25,4,8,0,0,0.0,2012
0,26,5,13,4585,332883,5140238.0,2012
0,1,376,440,14330,635147,4569049.0,2012
0,2,103,103,183,7920,50789.0,2012
0,3,56,56,389,11950,72683.0,2012
0,4,26,26,302,10286,70587.0,2012
0,5,29,29,480,17282,95607.0,2012
0,6,214,214,1354,47438,289666.0,2012
0,7,19,20,407,15861,94856.0,2012
0,8,10,10,259,10413,53121.0,2012
0,9,18,18,545,20337,132104.0,2012
0,10,9,9,346,17773,103798.0,2012
0,11,16,18,680,28445,184981.0,2012
0,12,17,19,974,38111,220435.0,2012
0,13,7,9,0,0,0.0,2012
0,14,18,23,1761,79060,488764.0,2012
0,15,4,4,591,33906,151886.0,2012
0,16,9,19,1505,64710,521729.0,2012
0,17,3,4,0,0,0.0,2012
0,18,3,3,73,5392,30741.0,2012
0,19,347,370,9316,400029,2568660.0,2012
0,20,6,7,1128,36291,355777.0,2012
0,21,6,15,961,61640,406768.0,2012
0,22,1,1,0,0,0.0,2012
0,23,1,1,0,0,0.0,2012
0,24,2,2,0,0,0.0,2012
0,25,3,7,0,0,0.0,2012
0,26,10,37,1647,70557,635060.0,2012
0,1,26257,27526,471611,19774913,82312596.0,2012
0,2,13661,13671,27246,795332,2811750.0,2012
0,3,5272,5281,34500,1066411,3777596.0,2012
0,4,2152,2163,25195,895479,2977716.0,2012
0,5,1168,1183,19440,729862,2462912.0,2012
0,6,22253,22298,106381,3487084,12029974.0,2012
0,7,692,715,14956,577828,1991971.0,2012
0,8,528,543,14016,568529,1901943.0,2012
0,9,379,396,11954,490834,1713955.0,2012
0,10,296,304,10753,449723,1482201.0,2012
0,11,436,458,19003,806817,2878890.0,2012
0,12,548,613,31121,1375838,4762688.0,2012
0,13,282,337,22493,998741,3643335.0,2012
0,14,289,352,30762,1375169,5149064.0,2012
0,15,143,193,20951,949986,3795435.0,2012
0,16,111,170,22095,1005367,3615503.0,2012
0,17,79,148,19576,930173,3749249.0,2012
0,18,32,53,7292,340171,1281333.0,2012
0,19,26068,26580,331353,13356260,47995541.0,2012
0,20,41,121,13427,660660,2921560.0,2012
0,21,19,36,5882,251451,1201061.0,2012
0,22,17,42,9007,365062,1743494.0,2012
0,23,17,108,10132,542581,2478054.0,2012
0,24,7,47,3031,133282,890198.0,2012
0,25,30,170,16192,768052,3991929.0,2012
0,26,58,422,82587,3697565,21090759.0,2012
0,1,26257,27526,471611,19774913,82312596.0,2012
0,2,13661,13671,27246,795332,2811750.0,2012
0,3,5272,5281,34500,1066411,3777596.0,2012
0,4,2152,2163,25195,895479,2977716.0,2012
0,5,1168,1183,19440,729862,2462912.0,2012
0,6,22253,22298,106381,3487084,12029974.0,2012
0,7,692,715,14956,577828,1991971.0,2012
0,8,528,543,14016,568529,1901943.0,2012
0,9,379,396,11954,490834,1713955.0,2012
0,10,296,304,10753,449723,1482201.0,2012
0,11,436,458,19003,806817,2878890.0,2012
0,12,548,613,31121,1375838,4762688.0,2012
0,13,282,337,22493,998741,3643335.0,2012
0,14,289,352,30762,1375169,5149064.0,2012
0,15,143,193,20951,949986,3795435.0,2012
0,16,111,170,22095,1005367,3615503.0,2012
0,17,79,148,19576,930173,3749249.0,2012
0,18,32,53,7292,340171,1281333.0,2012
0,19,26068,26580,331353,13356260,47995541.0,2012
0,20,41,121,13427,660660,2921560.0,2012
0,21,19,36,5882,251451,1201061.0,2012
0,22,17,42,9007,365062,1743494.0,2012
0,23,17,108,10132,542581,2478054.0,2012
0,24,7,47,3031,133282,890198.0,2012
0,25,30,170,16192,768052,3991929.0,2012
0,26,58,422,82587,3697565,21090759.0,2012
0,1,24639,25762,442751,18501237,78724392.0,2012
0,2,12825,12834,25689,746409,2672630.0,2012
0,3,4985,4993,32661,1004802,3610424.0,2012
0,4,2011,2022,23498,831597,2806076.0,2012
0,5,1090,1105,18125,683121,2344302.0,2012
0,6,20911,20954,99973,3265929,11433432.0,2012
0,7,647,667,13979,543038,1898606.0,2012
0,8,489,503,12999,531108,1806149.0,2012
0,9,349,363,10997,447949,1598219.0,2012
0,10,272,276,9819,411671,1390670.0,2012
0,11,407,426,17752,754679,2751942.0,2012
0,12,506,561,28606,1267982,4461702.0,2012
0,13,262,312,20867,939395,3508015.0,2012
0,14,274,333,29052,1310907,4962443.0,2012
0,15,132,175,19254,874216,3590644.0,2012
0,16,106,158,21058,960701,3498910.0,2012
0,17,73,130,18329,872986,3583045.0,2012
0,18,32,52,7283,339530,1279985.0,2012
0,19,24460,24910,309968,12520091,45763762.0,2012
0,20,40,116,13058,646014,2871921.0,2012
0,21,18,34,5809,245861,1180694.0,2012
0,22,17,40,8815,355957,1704877.0,2012
0,23,16,68,6752,313421,1844047.0,2012
0,24,5,42,2831,120296,853971.0,2012
0,25,28,167,16069,765427,3978018.0,2012
0,26,55,385,79449,3534170,20527102.0,2012
0,1,19704,20744,357600,15588609,67082383.0,2012
0,2,10254,10263,20617,610242,2189675.0,2012
0,3,3973,3980,25993,831684,2966064.0,2012
0,4,1586,1597,18490,684881,2312089.0,2012
0,5,866,880,14395,569200,1964431.0,2012
0,6,16679,16720,79495,2696007,9432259.0,2012
0,7,515,535,11152,451957,1603463.0,2012
0,8,398,411,10579,451412,1536208.0,2012
0,9,283,297,8911,381941,1381346.0,2012
0,10,210,214,7609,337780,1155478.0,2012
0,11,330,347,14396,646300,2336913.0,2012
0,12,418,470,23824,1099951,3922811.0,2012
0,13,216,260,17208,807357,3027329.0,2012
0,14,220,278,23043,1101796,4190328.0,2012
0,15,109,146,15223,727304,3044693.0,2012
0,16,83,130,16216,788974,2875103.0,2012
0,17,62,112,14902,731093,3002282.0,2012
0,18,27,45,5663,276701,1079258.0,2012
0,19,19550,19965,248221,10498573,38587471.0,2012
0,20,31,102,10344,544544,2551881.0,2012
0,21,15,30,4784,217738,1017576.0,2012
0,22,13,30,6092,274036,1289623.0,2012
0,23,13,62,5601,266233,1648405.0,2012
0,24,5,41,2712,115817,836440.0,2012
0,25,27,158,13638,676492,3363851.0,2012
0,26,50,356,66208,2995176,17787136.0,2012
0,1,4504,4525,59121,1866279,7219061.0,2012
0,2,2394,2394,4711,122128,427368.0,2012
0,3,918,919,6046,150373,516213.0,2012
0,4,389,389,4594,131941,430307.0,2012
0,5,197,197,3266,97388,325400.0,2012
0,6,3898,3899,18617,501830,1699288.0,2012
0,7,118,118,2540,79243,259114.0,2012
0,8,82,83,2174,67879,230748.0,2012
0,9,57,57,1794,53322,173555.0,2012
0,10,55,55,1967,64549,204002.0,2012
0,11,71,71,3012,96254,374553.0,2012
0,12,67,69,3558,119173,374697.0,2012
0,13,39,42,2846,98343,349538.0,2012
0,14,42,43,4626,151896,550328.0,2012
0,15,18,21,2676,88391,300143.0,2012
0,16,15,16,2962,100945,362958.0,2012
0,17,10,13,2708,113069,444997.0,2012
0,18,7,7,0,0,0.0,2012
0,19,4479,4494,51100,1597723,5524648.0,2012
0,20,7,8,1033,41088,154005.0,2012
0,21,3,3,813,17802,0.0,2012
0,22,4,7,1375,37019,116952.0,2012
0,23,2,2,0,0,0.0,2012
0,25,3,3,0,0,0.0,2012
0,26,6,8,4039,148583,1150648.0,2012
0,1,465,493,26030,1046349,4422948.0,2012
0,2,177,177,361,14039,55587.0,2012
0,3,94,94,622,22745,128147.0,2012
0,4,36,36,414,14775,63680.0,2012
0,5,28,28,464,16533,54471.0,2012
0,6,335,335,1861,68092,301885.0,2012
0,7,14,14,287,11838,36029.0,2012
0,8,9,9,246,11817,39193.0,2012
0,9,9,9,292,12686,43318.0,2012
0,10,7,7,243,9342,31190.0,2012
0,11,8,8,344,12125,40476.0,2012
0,12,22,22,1224,48858,164194.0,2012
0,13,10,10,813,33695,131148.0,2012
0,14,12,12,1383,57215,221787.0,2012
0,15,8,8,1355,58521,245808.0,2012
0,16,10,12,1880,70782,260849.0,2012
0,17,3,5,0,0,0.0,2012
0,19,447,451,10647,423795,1651643.0,2012
0,20,5,6,1681,60382,166035.0,2012
0,21,1,1,0,0,0.0,2012
0,22,3,3,1348,44902,298302.0,2012
0,23,1,4,0,0,0.0,2012
0,24,1,1,0,0,0.0,2012
0,25,2,6,0,0,0.0,2012
0,26,5,21,0,0,0.0,2012
0,1,1651,1764,28860,1273676,3588204.0,2012
0,2,836,837,1557,48923,139120.0,2012
0,3,287,288,1839,61609,167172.0,2012
0,4,141,141,1697,63882,171640.0,2012
0,5,78,78,1315,46741,118610.0,2012
0,6,1342,1344,6408,221155,596542.0,2012
0,7,48,48,977,34790,93365.0,2012
0,8,40,40,1017,37421,95794.0,2012
0,9,30,33,957,42885,115736.0,2012
0,10,28,28,934,38052,91531.0,2012
0,11,30,32,1251,52138,126948.0,2012
0,12,44,52,2515,107856,300986.0,2012
0,13,23,25,1626,59346,135320.0,2012
0,14,16,19,1710,64262,186621.0,2012
0,15,13,18,1697,75770,204791.0,2012
0,16,6,12,1037,44666,116593.0,2012
0,17,8,18,1247,57187,166204.0,2012
0,18,1,1,0,0,0.0,2012
0,19,1629,1670,21385,836169,2231779.0,2012
0,20,3,5,0,14646,49639.0,2012
0,21,1,2,0,0,0.0,2012
0,22,1,2,0,0,0.0,2012
0,23,3,40,0,0,0.0,2012
0,24,2,5,0,0,0.0,2012
0,25,2,3,0,0,0.0,2012
0,26,10,37,0,0,0.0,2012
0,1,1651,1764,28860,1273676,3588204.0,2012
0,2,836,837,1557,48923,139120.0,2012
0,3,287,288,1839,61609,167172.0,2012
0,4,141,141,1697,63882,171640.0,2012
0,5,78,78,1315,46741,118610.0,2012
0,6,1342,1344,6408,221155,596542.0,2012
0,7,48,48,977,34790,93365.0,2012
0,8,40,40,1017,37421,95794.0,2012
0,9,30,33,957,42885,115736.0,2012
0,10,28,28,934,38052,91531.0,2012
0,11,30,32,1251,52138,126948.0,2012
0,12,44,52,2515,107856,300986.0,2012
0,13,23,25,1626,59346,135320.0,2012
0,14,16,19,1710,64262,186621.0,2012
0,15,13,18,1697,75770,204791.0,2012
0,16,6,12,1037,44666,116593.0,2012
0,17,8,18,1247,57187,166204.0,2012
0,18,1,1,0,0,0.0,2012
0,19,1629,1670,21385,836169,2231779.0,2012
0,20,3,5,0,14646,49639.0,2012
0,21,1,2,0,0,0.0,2012
0,22,1,2,0,0,0.0,2012
0,23,3,40,0,0,0.0,2012
0,24,2,5,0,0,0.0,2012
0,25,2,3,0,0,0.0,2012
0,26,10,37,0,0,0.0,2012
0,1,1006,2183,98009,9291972,835150832.0,2012
0,2,279,279,531,89279,4323382.0,2012
0,3,147,147,984,60596,800600.0,2012
0,4,78,86,904,58309,735625.0,2012
0,5,47,49,784,54106,515072.0,2012
0,6,551,561,3203,262290,6374679.0,2012
0,7,35,41,669,44141,386402.0,2012
0,8,29,38,646,44004,437755.0,2012
0,9,24,29,657,51522,382021.0,2012
0,10,13,16,437,27933,372673.0,2012
0,11,34,38,1178,81030,882753.0,2012
0,12,33,52,1309,78421,1102696.0,2012
0,13,31,57,1618,96624,1955151.0,2012
0,14,50,107,3108,192992,11456825.0,2012
0,15,31,68,2406,138151,2226284.0,2012
0,16,33,86,2408,133459,2526959.0,2012
0,17,9,45,1193,73051,1805167.0,2012
0,18,13,40,0,0,0.0,2012
0,19,886,1178,20457,1341656,38200823.0,2012
0,20,18,79,2720,203262,0.0,2012
0,21,9,42,0,0,0.0,2012
0,22,13,97,3222,243506,14269804.0,2012
0,23,7,51,3141,284105,33140672.0,2012
0,24,10,59,3327,335265,22001607.0,2012
0,25,22,227,10903,893800,70819614.0,2012
0,26,41,450,52991,5907321,643399983.0,2012
0,1,1006,2183,98009,9291972,835150832.0,2012
0,2,279,279,531,89279,4323382.0,2012
0,3,147,147,984,60596,800600.0,2012
0,4,78,86,904,58309,735625.0,2012
0,5,47,49,784,54106,515072.0,2012
0,6,551,561,3203,262290,6374679.0,2012
0,7,35,41,669,44141,386402.0,2012
0,8,29,38,646,44004,437755.0,2012
0,9,24,29,657,51522,382021.0,2012
0,10,13,16,437,27933,372673.0,2012
0,11,34,38,1178,81030,882753.0,2012
0,12,33,52,1309,78421,1102696.0,2012
0,13,31,57,1618,96624,1955151.0,2012
0,14,50,107,3108,192992,11456825.0,2012
0,15,31,68,2406,138151,2226284.0,2012
0,16,33,86,2408,133459,2526959.0,2012
0,17,9,45,1193,73051,1805167.0,2012
0,18,13,40,0,0,0.0,2012
0,19,886,1178,20457,1341656,38200823.0,2012
0,20,18,79,2720,203262,0.0,2012
0,21,9,42,0,0,0.0,2012
0,22,13,97,3222,243506,14269804.0,2012
0,23,7,51,3141,284105,33140672.0,2012
0,24,10,59,3327,335265,22001607.0,2012
0,25,22,227,10903,893800,70819614.0,2012
0,26,41,450,52991,5907321,643399983.0,2012
0,1,68,152,59388,6907617,773995922.0,2012
0,2,6,6,0,0,0.0,2012
0,3,2,2,0,0,0.0,2012
0,4,3,3,31,1839,0.0,2012
0,5,4,4,0,0,0.0,2012
0,6,15,15,0,60120,0.0,2012
0,10,1,1,0,0,0.0,2012
0,11,1,1,0,0,0.0,2012
0,13,2,3,0,0,0.0,2012
0,14,6,6,613,62978,0.0,2012
0,15,2,3,0,0,0.0,2012
0,16,1,1,0,0,0.0,2012
0,17,1,1,0,0,0.0,2012
0,18,1,1,0,0,0.0,2012
0,19,30,32,2136,253106,22981163.0,2012
0,20,3,3,0,0,0.0,2012
0,21,2,2,0,0,0.0,2012
0,22,3,6,1139,112863,11370788.0,2012
0,23,2,5,0,0,0.0,2012
0,24,2,7,0,0,0.0,2012
0,25,9,17,6325,636438,65310442.0,2012
0,26,17,80,44725,5322826,624780463.0,2012
0,1,68,152,59388,6907617,773995922.0,2012
0,2,6,6,0,0,0.0,2012
0,3,2,2,0,0,0.0,2012
0,4,3,3,31,1839,0.0,2012
0,5,4,4,0,0,0.0,2012
0,6,15,15,0,60120,0.0,2012
0,10,1,1,0,0,0.0,2012
0,11,1,1,0,0,0.0,2012
0,13,2,3,0,0,0.0,2012
0,14,6,6,613,62978,0.0,2012
0,15,2,3,0,0,0.0,2012
0,16,1,1,0,0,0.0,2012
0,17,1,1,0,0,0.0,2012
0,18,1,1,0,0,0.0,2012
0,19,30,32,2136,253106,22981163.0,2012
0,20,3,3,0,0,0.0,2012
0,21,2,2,0,0,0.0,2012
0,22,3,6,1139,112863,11370788.0,2012
0,23,2,5,0,0,0.0,2012
0,24,2,7,0,0,0.0,2012
0,25,9,17,6325,636438,65310442.0,2012
0,26,17,80,44725,5322826,624780463.0,2012
0,1,595,1585,23427,1344919,23644292.0,2012
0,2,175,175,355,24542,448474.0,2012
0,3,80,80,543,35425,524114.0,2012
0,4,42,45,470,32431,386363.0,2012
0,5,23,25,369,23854,282441.0,2012
0,6,320,325,1737,116252,1641392.0,2012
0,7,24,30,462,29263,271388.0,2012
0,8,18,27,372,25521,291032.0,2012
0,9,15,20,350,30856,240739.0,2012
0,10,9,11,274,16096,164623.0,2012
0,11,17,18,536,35196,372019.0,2012
0,12,23,41,746,45713,584550.0,2012
0,13,18,39,630,34737,486118.0,2012
0,14,33,85,1511,70723,1006859.0,2012
0,15,21,55,1120,46484,828154.0,2012
0,16,21,60,1127,67883,805079.0,2012
0,17,5,38,0,34369,902674.0,2012
0,18,9,34,0,26287,668609.0,2012
0,19,533,783,10073,579380,8263236.0,2012
0,20,12,68,975,52957,898567.0,2012
0,21,4,30,508,35112,705999.0,2012
0,22,7,86,0,0,0.0,2012
0,23,5,40,0,40327,475982.0,2012
0,24,6,48,638,34873,1279897.0,2012
0,25,12,196,0,0,0.0,2012
0,26,16,334,5067,313694,6605460.0,2012
0,1,472,1362,14353,775622,13137706.0,2012
0,2,137,137,283,21568,395350.0,2012
0,3,60,60,406,28704,421721.0,2012
0,4,35,38,389,27250,314783.0,2012
0,5,16,17,254,17596,197274.0,2012
0,6,248,252,1332,95118,1329128.0,2012
0,7,18,22,343,22569,184026.0,2012
0,8,14,23,261,18221,192318.0,2012
0,9,13,18,297,28576,201720.0,2012
0,10,7,9,0,0,0.0,2012
0,11,14,15,399,30694,283244.0,2012
0,12,17,32,433,29820,424943.0,2012
0,13,15,33,413,21316,342320.0,2012
0,14,27,75,932,48527,802336.0,2012
0,15,20,52,1016,42000,707342.0,2012
0,16,19,55,764,38981,533502.0,2012
0,17,4,34,459,18785,453087.0,2012
0,18,6,30,0,0,0.0,2012
0,19,422,650,7207,424789,5768080.0,2012
0,20,10,61,755,40854,669432.0,2012
0,21,4,30,508,35112,705999.0,2012
0,22,7,76,967,35425,457727.0,2012
0,23,5,40,0,40327,475982.0,2012
0,24,4,44,426,22982,938326.0,2012
0,25,9,171,1350,64218,1323029.0,2012
0,26,11,290,2072,111915,2799131.0,2012
0,1,132,223,9074,569297,10506586.0,2012
0,2,38,38,72,2974,53124.0,2012
0,3,20,20,137,6721,102393.0,2012
0,4,7,7,81,5181,71580.0,2012
0,5,8,8,0,6258,0.0,2012
0,6,73,73,405,21134,312264.0,2012
0,7,7,8,0,6694,87362.0,2012
0,8,4,4,111,7300,98714.0,2012
0,9,2,2,0,0,0.0,2012
0,10,2,2,0,0,0.0,2012
0,11,3,3,137,4502,0.0,2012
0,12,7,9,0,0,0.0,2012
0,13,3,6,217,13421,143798.0,2012
0,14,7,10,579,22196,204523.0,2012
0,15,1,3,0,0,0.0,2012
0,16,3,5,0,0,0.0,2012
0,17,1,4,0,0,0.0,2012
0,18,3,4,0,0,0.0,2012
0,19,116,133,2866,154591,2495156.0,2012
0,20,2,7,0,0,0.0,2012
0,22,1,10,0,0,0.0,2012
0,24,3,4,212,11891,341571.0,2012
0,25,4,25,0,0,0.0,2012
0,26,6,44,2995,201779,3806329.0,2012
0,1,367,446,15194,1039436,37510618.0,2012
0,2,98,98,173,12089,169313.0,2012
0,3,65,65,432,22622,249794.0,2012
0,4,33,38,403,24039,312884.0,2012
0,5,20,20,353,27168,188419.0,2012
0,6,216,221,1361,85918,920410.0,2012
0,7,11,11,207,14878,115014.0,2012
0,8,11,11,274,18483,146723.0,2012
0,9,9,9,307,20666,141282.0,2012
0,10,4,4,150,11034,113715.0,2012
0,11,16,19,629,45473,499236.0,2012
0,12,10,11,563,32708,518146.0,2012
0,13,12,15,837,51657,602645.0,2012
0,14,12,16,984,59291,800613.0,2012
0,15,8,10,975,54312,632026.0,2012
0,16,12,25,1166,58540,1490976.0,2012
0,17,3,6,0,0,0.0,2012
0,18,3,5,0,0,0.0,2012
0,19,327,363,8248,509170,6956424.0,2012
0,20,3,8,481,28572,546207.0,2012
0,21,4,10,0,0,0.0,2012
0,22,3,5,0,0,0.0,2012
0,23,1,6,0,0,0.0,2012
0,24,4,4,0,0,0.0,2012
0,25,7,14,1047,57974,1531224.0,2012
0,26,18,36,3199,270801,12014060.0,2012
0,1,275,330,11997,836300,32640545.0,2012
0,2,67,67,128,6687,85552.0,2012
0,3,45,45,314,16344,165307.0,2012
0,4,24,24,291,18453,185039.0,2012
0,5,18,18,320,24556,158661.0,2012
0,6,154,154,1053,66040,594559.0,2012
0,7,10,10,185,12750,92840.0,2012
0,8,9,9,217,15592,94983.0,2012
0,9,8,8,272,19055,124466.0,2012
0,10,3,3,107,9435,99090.0,2012
0,11,16,19,629,45473,499236.0,2012
0,12,9,10,506,27301,432843.0,2012
0,13,8,9,652,41053,379554.0,2012
0,14,10,14,791,51449,740027.0,2012
0,15,7,9,964,53959,630270.0,2012
0,16,7,10,0,0,0.0,2012
0,17,2,4,0,0,0.0,2012
0,18,2,4,0,0,0.0,2012
0,19,245,263,6697,421020,5051115.0,2012
0,20,3,7,439,20827,410262.0,2012
0,21,3,7,0,0,0.0,2012
0,22,1,1,0,0,0.0,2012
0,23,1,6,0,0,0.0,2012
0,24,3,3,118,8894,224912.0,2012
0,25,5,12,838,46793,1342859.0,2012
0,26,14,31,2795,249613,11481784.0,2012
0,1,95,116,3197,203136,4870073.0,2012
0,2,31,31,45,5402,83761.0,2012
0,3,20,20,118,6278,84487.0,2012
0,4,9,14,0,0,0.0,2012
0,5,2,2,0,0,0.0,2012
0,6,62,67,308,19878,325851.0,2012
0,7,1,1,0,0,0.0,2012
0,8,2,2,0,0,0.0,2012
0,9,1,1,0,0,0.0,2012
0,10,1,1,0,0,0.0,2012
0,12,1,1,0,0,0.0,2012
0,13,4,6,185,10604,223091.0,2012
0,14,2,2,0,0,0.0,2012
0,15,1,1,0,0,0.0,2012
0,16,5,15,515,22626,884350.0,2012
0,17,2,2,0,0,0.0,2012
0,18,1,1,0,0,0.0,2012
0,19,83,100,1551,88150,1905309.0,2012
0,20,1,1,0,0,0.0,2012
0,21,1,3,0,0,0.0,2012
0,22,2,4,0,0,0.0,2012
0,24,1,1,0,0,0.0,2012
0,25,2,2,0,0,0.0,2012
0,26,5,5,0,0,0.0,2012
0,1,9791,13309,738641,54840745,791451157.0,2012
0,2,3145,3148,5954,784350,6102543.0,2012
0,3,1555,1555,10416,506304,3807818.0,2012
0,4,848,855,9960,527585,3969461.0,2012
0,5,564,572,9411,529667,3996728.0,2012
0,6,6112,6130,35741,2347906,17876550.0,2012
0,7,407,417,8730,487783,3426189.0,2012
0,8,307,324,8111,455674,3514382.0,2012
0,9,248,252,7740,450811,3997576.0,2012
0,10,215,226,7612,418843,5989031.0,2012
0,11,339,374,13800,771803,12678636.0,2012
0,12,439,510,24361,1356551,14037740.0,2012
0,13,277,335,21152,1164219,9330686.0,2012
0,14,307,445,29065,1673284,19669979.0,2012
0,15,179,293,22673,1441583,12996626.0,2012
0,16,199,394,31023,1850954,18509961.0,2012
0,17,109,243,22499,1508662,14838675.0,2012
0,18,65,189,19603,1327966,15179732.0,2012
0,19,9203,10132,252110,15256039,152045763.0,2012
0,20,129,325,39636,2842654,35416576.0,2012
0,21,53,180,17325,1194719,11658456.0,2012
0,22,65,275,29285,2070656,24170337.0,2012
0,23,49,212,28000,2119285,29082275.0,2012
0,24,40,232,23208,1664573,39167604.0,2012
0,25,103,499,74454,5730797,85865498.0,2012
0,26,149,1454,274623,23962022,414044648.0,2012
0,1,1412,2481,154998,12233099,279791840.0,2012
0,2,337,337,675,61727,930576.0,2012
0,3,144,144,984,59755,758894.0,2012
0,4,102,105,1176,71868,964684.0,2012
0,5,71,71,1181,82701,977794.0,2012
0,6,654,657,4016,276051,3631948.0,2012
0,7,60,60,1255,89812,892526.0,2012
0,8,54,57,1357,82399,983522.0,2012
0,9,47,48,1460,94217,1836860.0,2012
0,10,46,48,1608,93574,3796456.0,2012
0,11,92,95,3748,229031,9020868.0,2012
0,12,75,87,3732,238422,6394886.0,2012
0,13,34,40,2332,161818,1773433.0,2012
0,14,55,83,5225,365682,6145927.0,2012
0,15,38,54,4384,384403,3902063.0,2012
0,16,32,70,4967,320655,5757666.0,2012
0,17,24,59,3949,342904,4615562.0,2012
0,18,18,45,4501,361701,6039922.0,2012
0,19,1229,1403,42534,3040669,54791639.0,2012
0,20,36,88,8318,605517,14954325.0,2012
0,21,11,73,4112,304787,4530942.0,2012
0,22,16,98,0,0,0.0,2012
0,23,14,80,8236,675754,11209679.0,2012
0,24,18,59,6704,593629,14699417.0,2012
0,25,39,148,18211,1494435,22122656.0,2012
0,26,49,532,62211,5166061,150148270.0,2012
0,1,37,55,8236,971873,80151087.0,2012
0,2,8,8,0,677,31591.0,2012
0,3,2,2,0,0,0.0,2012
0,4,2,2,0,0,0.0,2012
0,5,1,1,0,0,0.0,2012
0,6,13,13,69,8399,148093.0,2012
0,9,1,1,0,0,0.0,2012
0,12,3,3,143,12853,0.0,2012
0,14,1,1,0,0,0.0,2012
0,15,1,1,0,0,0.0,2012
0,17,1,1,0,0,0.0,2012
0,18,1,1,0,0,0.0,2012
0,19,21,21,526,50695,1739835.0,2012
0,20,2,4,0,0,0.0,2012
0,22,1,2,0,0,0.0,2012
0,23,2,4,0,0,0.0,2012
0,24,2,2,0,0,0.0,2012
0,25,2,5,0,0,0.0,2012
0,26,7,17,4257,530041,56355474.0,2012
0,1,37,55,8236,971873,80151087.0,2012
0,2,8,8,0,677,31591.0,2012
0,3,2,2,0,0,0.0,2012
0,4,2,2,0,0,0.0,2012
0,5,1,1,0,0,0.0,2012
0,6,13,13,69,8399,148093.0,2012
0,9,1,1,0,0,0.0,2012
0,12,3,3,143,12853,0.0,2012
0,14,1,1,0,0,0.0,2012
0,15,1,1,0,0,0.0,2012
0,17,1,1,0,0,0.0,2012
0,18,1,1,0,0,0.0,2012
0,19,21,21,526,50695,1739835.0,2012
0,20,2,4,0,0,0.0,2012
0,22,1,2,0,0,0.0,2012
0,23,2,4,0,0,0.0,2012
0,24,2,2,0,0,0.0,2012
0,25,2,5,0,0,0.0,2012
0,26,7,17,4257,530041,56355474.0,2012
0,1,84,450,0,722868,7584967.0,2012
0,2,30,30,0,3398,27880.0,2012
0,3,11,11,0,3654,28901.0,2012
0,4,9,9,103,4644,38482.0,2012
0,5,3,3,46,1992,16304.0,2012
0,6,53,53,290,13688,111567.0,2012
0,7,5,5,0,14030,116335.0,2012
0,8,2,2,0,0,0.0,2012
0,10,2,2,0,0,0.0,2012
0,11,1,2,0,0,0.0,2012
0,12,2,2,0,0,0.0,2012
0,13,1,2,0,0,0.0,2012
0,14,2,2,0,0,0.0,2012
0,16,2,12,0,0,0.0,2012
0,19,70,82,959,60183,577425.0,2012
0,21,2,12,0,0,0.0,2012
0,22,1,48,0,0,0.0,2012
0,24,1,1,0,0,0.0,2012
0,25,2,47,0,0,0.0,2012
0,26,8,260,0,485796,5349212.0,2012
0,1,84,450,0,722868,7584967.0,2012
0,2,30,30,0,3398,27880.0,2012
0,3,11,11,0,3654,28901.0,2012
0,4,9,9,103,4644,38482.0,2012
0,5,3,3,46,1992,16304.0,2012
0,6,53,53,290,13688,111567.0,2012
0,7,5,5,0,14030,116335.0,2012
0,8,2,2,0,0,0.0,2012
0,10,2,2,0,0,0.0,2012
0,11,1,2,0,0,0.0,2012
0,12,2,2,0,0,0.0,2012
0,13,1,2,0,0,0.0,2012
0,14,2,2,0,0,0.0,2012
0,16,2,12,0,0,0.0,2012
0,19,70,82,959,60183,577425.0,2012
0,21,2,12,0,0,0.0,2012
0,22,1,48,0,0,0.0,2012
0,24,1,1,0,0,0.0,2012
0,25,2,47,0,0,0.0,2012
0,26,8,260,0,485796,5349212.0,2012
0,1,128,162,9360,668573,9407152.0,2012
0,2,39,39,74,3439,30615.0,2012
0,3,10,10,67,2562,21624.0,2012
0,4,9,9,99,8137,27723.0,2012
0,5,5,5,0,0,0.0,2012
0,6,63,63,332,19280,116069.0,2012
0,7,5,5,107,5362,30388.0,2012
0,8,11,11,262,14816,97993.0,2012
0,9,4,4,115,3580,37315.0,2012
0,10,2,3,0,0,0.0,2012
0,11,1,1,0,0,0.0,2012
0,12,6,7,237,10605,77212.0,2012
0,14,6,11,0,0,0.0,2012
0,15,2,2,0,0,0.0,2012
0,16,4,8,735,49076,366496.0,2012
0,17,2,2,0,0,0.0,2012
0,18,1,1,0,0,0.0,2012
0,19,107,118,3344,220654,1944850.0,2012
0,20,4,4,682,42963,848695.0,2012
0,21,1,2,0,0,0.0,2012
0,22,1,1,0,0,0.0,2012
0,23,5,15,1290,87018,775272.0,2012
0,24,2,7,0,0,0.0,2012
0,25,4,5,555,41211,0.0,2012
0,26,4,10,0,0,0.0,2012
0,1,128,162,9360,668573,9407152.0,2012
0,2,39,39,74,3439,30615.0,2012
0,3,10,10,67,2562,21624.0,2012
0,4,9,9,99,8137,27723.0,2012
0,5,5,5,0,0,0.0,2012
0,6,63,63,332,19280,116069.0,2012
0,7,5,5,107,5362,30388.0,2012
0,8,11,11,262,14816,97993.0,2012
0,9,4,4,115,3580,37315.0,2012
0,10,2,3,0,0,0.0,2012
0,11,1,1,0,0,0.0,2012
0,12,6,7,237,10605,77212.0,2012
0,14,6,11,0,0,0.0,2012
0,15,2,2,0,0,0.0,2012
0,16,4,8,735,49076,366496.0,2012
0,17,2,2,0,0,0.0,2012
0,18,1,1,0,0,0.0,2012
0,19,107,118,3344,220654,1944850.0,2012
0,20,4,4,682,42963,848695.0,2012
0,21,1,2,0,0,0.0,2012
0,22,1,1,0,0,0.0,2012
0,23,5,15,1290,87018,775272.0,2012
0,24,2,7,0,0,0.0,2012
0,25,4,5,555,41211,0.0,2012
0,26,4,10,0,0,0.0,2012
0,1,392,666,39323,3068062,36932598.0,2012
0,2,73,73,162,14338,139994.0,2012
0,3,46,46,323,23803,221489.0,2012
0,4,24,24,289,17270,176516.0,2012
0,5,21,21,340,18653,155721.0,2012
0,6,164,164,1114,74064,693720.0,2012
0,7,17,17,360,24389,258142.0,2012
0,8,10,12,248,16205,216285.0,2012
0,9,12,12,361,23308,215924.0,2012
0,10,6,6,165,9968,79576.0,2012
0,11,17,18,680,47597,425759.0,2012
0,12,17,25,789,50112,499364.0,2012
0,13,13,14,869,57993,553835.0,2012
0,14,15,24,1370,112800,782818.0,2012
0,15,15,23,1632,172025,1358341.0,2012
0,16,11,28,1594,108794,1681441.0,2012
0,17,13,41,2268,189732,2083555.0,2012
0,18,5,15,1204,83938,668273.0,2012
0,19,315,399,12654,970925,9517033.0,2012
0,20,16,28,2024,146330,1398100.0,2012
0,21,4,48,1593,119970,1308494.0,2012
0,22,3,25,0,21637,340590.0,2012
0,23,7,36,0,330733,0.0,2012
0,24,7,12,0,0,0.0,2012
0,25,19,43,6059,492901,4278187.0,2012
0,26,21,75,10882,847036,12827635.0,2012
0,1,392,666,39323,3068062,36932598.0,2012
0,2,73,73,162,14338,139994.0,2012
0,3,46,46,323,23803,221489.0,2012
0,4,24,24,289,17270,176516.0,2012
0,5,21,21,340,18653,155721.0,2012
0,6,164,164,1114,74064,693720.0,2012
0,7,17,17,360,24389,258142.0,2012
0,8,10,12,248,16205,216285.0,2012
0,9,12,12,361,23308,215924.0,2012
0,10,6,6,165,9968,79576.0,2012
0,11,17,18,680,47597,425759.0,2012
0,12,17,25,789,50112,499364.0,2012
0,13,13,14,869,57993,553835.0,2012
0,14,15,24,1370,112800,782818.0,2012
0,15,15,23,1632,172025,1358341.0,2012
0,16,11,28,1594,108794,1681441.0,2012
0,17,13,41,2268,189732,2083555.0,2012
0,18,5,15,1204,83938,668273.0,2012
0,19,315,399,12654,970925,9517033.0,2012
0,20,16,28,2024,146330,1398100.0,2012
0,21,4,48,1593,119970,1308494.0,2012
0,22,3,25,0,21637,340590.0,2012
0,23,7,36,0,330733,0.0,2012
0,24,7,12,0,0,0.0,2012
0,25,19,43,6059,492901,4278187.0,2012
0,26,21,75,10882,847036,12827635.0,2012
0,1,841,1148,87431,6801723,145716036.0,2012
0,2,187,187,349,39875,700496.0,2012
0,3,75,75,514,28995,446176.0,2012
0,4,58,61,660,40152,674085.0,2012
0,5,41,41,688,51598,741742.0,2012
0,6,361,364,2211,160620,2562499.0,2012
0,7,33,33,682,46031,487661.0,2012
0,8,31,32,791,44871,647120.0,2012
0,9,31,31,953,62917,1348996.0,2012
0,10,36,37,1288,76297,3667951.0,2012
0,11,73,74,3024,178886,8566873.0,2012
0,12,47,50,2443,155227,4925875.0,2012
0,13,22,24,1400,99852,1189641.0,2012
0,14,36,45,3247,223098,4874213.0,2012
0,15,20,28,2287,162794,2110533.0,2012
0,16,15,22,2432,155787,3652362.0,2012
0,17,9,15,1294,121129,2196727.0,2012
0,18,14,28,2999,250703,4782045.0,2012
0,19,728,783,25051,1738212,41012496.0,2012
0,20,17,52,5030,354027,8727038.0,2012
0,21,5,11,1363,107902,2408768.0,2012
0,22,12,22,0,0,0.0,2012
0,23,8,25,2295,194970,2574576.0,2012
0,24,13,37,3793,345825,7181888.0,2012
0,25,21,48,8966,715830,8364374.0,2012
0,26,37,170,0,0,0.0,2012
0,1,171,223,10400,603004,43219132.0,2012
0,2,19,19,0,11443,388659.0,2012
0,3,7,7,39,1764,134466.0,2012
0,4,4,5,49,1586,223046.0,2012
0,5,4,4,70,2969,148154.0,2012
0,6,34,35,185,17762,894325.0,2012
0,7,1,1,0,0,0.0,2012
0,8,3,3,77,4315,196506.0,2012
0,9,14,14,414,23835,1152070.0,2012
0,10,23,23,847,47600,3433756.0,2012
0,11,41,41,1769,86993,7519188.0,2012
0,12,18,20,995,53234,4077367.0,2012
0,13,2,2,0,0,0.0,2012
0,14,11,19,1025,53695,0.0,2012
0,15,1,1,0,0,0.0,2012
0,16,4,7,476,31440,1507788.0,2012
0,17,1,4,0,0,0.0,2012
0,18,2,8,0,0,0.0,2012
0,19,155,178,6609,366564,24201995.0,2012
0,20,2,10,0,0,0.0,2012
0,22,3,4,0,0,0.0,2012
0,24,1,1,0,0,0.0,2012
0,25,2,4,0,0,0.0,2012
0,26,8,26,2586,160787,14750166.0,2012
0,1,67,90,6166,486273,10839320.0,2012
0,2,11,11,0,0,0.0,2012
0,3,7,7,44,1589,62603.0,2012
0,4,7,7,85,2783,29834.0,2012
0,5,3,3,54,2575,24609.0,2012
0,6,28,28,205,8393,128612.0,2012
0,7,3,3,0,0,0.0,2012
0,8,3,3,0,0,0.0,2012
0,10,1,1,0,0,0.0,2012
0,11,2,2,0,0,0.0,2012
0,12,2,2,0,0,0.0,2012
0,13,3,3,201,14717,100671.0,2012
0,14,2,2,0,0,0.0,2012
0,15,2,3,0,0,0.0,2012
0,18,2,2,0,0,0.0,2012
0,19,48,49,1503,103653,2431483.0,2012
0,20,4,18,0,0,0.0,2012
0,21,1,1,0,0,0.0,2012
0,22,1,3,0,0,0.0,2012
0,23,2,3,0,0,0.0,2012
0,24,3,3,0,0,0.0,2012
0,25,2,6,0,0,0.0,2012
0,26,6,7,0,0,0.0,2012
0,1,621,835,70865,5712446,91657584.0,2012
0,2,157,157,300,26986,300271.0,2012
0,3,61,61,431,25642,249107.0,2012
0,4,47,49,526,35783,421205.0,2012
0,5,34,34,564,46054,568979.0,2012
0,6,299,301,1821,134465,1539562.0,2012
0,7,29,29,595,39702,419005.0,2012
0,8,25,26,632,35524,395535.0,2012
0,9,17,17,539,39082,196926.0,2012
0,10,12,13,408,26414,222351.0,2012
0,11,30,31,1165,87055,974898.0,2012
0,12,27,28,1329,97332,790741.0,2012
0,13,17,19,1081,79772,919607.0,2012
0,14,23,24,2020,150019,1598868.0,2012
0,15,18,24,2093,150851,1645237.0,2012
0,16,11,15,1956,124347,2144574.0,2012
0,17,8,11,914,94805,1097668.0,2012
0,18,11,18,2386,208627,2434046.0,2012
0,19,527,556,16939,1267995,14379018.0,2012
0,20,13,24,3694,295178,0.0,2012
0,21,5,10,1360,107298,0.0,2012
0,22,9,15,0,0,0.0,2012
0,23,7,22,1865,164348,2232874.0,2012
0,24,11,33,3175,277177,4882796.0,2012
0,25,17,38,8265,675543,6901725.0,2012
0,26,32,137,0,0,0.0,2012
0,1,1103,1431,91629,6301764,112034887.0,2012
0,2,186,187,338,48353,558240.0,2012
0,3,122,122,814,44306,382045.0,2012
0,4,87,87,1030,57938,478788.0,2012
0,5,90,90,1556,76858,548107.0,2012
0,6,485,486,3738,227455,1967180.0,2012
0,7,50,51,1069,49542,357009.0,2012
0,8,54,55,1404,76622,672851.0,2012
0,9,36,36,1128,48496,338554.0,2012
0,10,39,39,1453,68021,478870.0,2012
0,11,41,43,1750,75909,562954.0,2012
0,12,65,72,3560,176885,1402563.0,2012
0,13,59,63,4192,194320,1826744.0,2012
0,14,49,63,3697,201729,3031613.0,2012
0,15,25,30,2486,108463,1619922.0,2012
0,16,31,53,4172,244607,3060344.0,2012
0,17,17,37,2599,165599,2213522.0,2012
0,18,11,22,0,0,0.0,2012
0,19,962,1050,33565,1782427,19936168.0,2012
0,20,28,52,6996,444232,8250264.0,2012
0,21,11,17,0,0,0.0,2012
0,22,18,42,4769,333964,6119497.0,2012
0,23,11,32,2487,166023,4638017.0,2012
0,24,8,40,5931,438880,12301751.0,2012
0,25,27,51,7500,586268,7904950.0,2012
0,26,38,147,28613,2438873,51187687.0,2012
0,1,1014,1310,77668,5633486,103403987.0,2012
0,2,173,174,318,47212,545591.0,2012
0,3,112,112,751,41577,356321.0,2012
0,4,81,81,959,54683,456965.0,2012
0,5,85,85,1476,73396,515749.0,2012
0,6,451,452,3504,216868,1874626.0,2012
0,7,48,49,1026,47691,342965.0,2012
0,8,47,47,1221,69958,595122.0,2012
0,9,36,36,1128,48496,338554.0,2012
0,10,38,38,1412,66265,458440.0,2012
0,11,37,39,1569,69922,499885.0,2012
0,12,59,64,3201,162778,1269296.0,2012
0,13,53,57,3825,179936,1757689.0,2012
0,14,43,57,3443,189060,2890731.0,2012
0,15,20,25,1745,75389,1349172.0,2012
0,16,28,49,3874,232802,2953385.0,2012
0,17,15,34,2062,135710,1822304.0,2012
0,18,10,21,0,0,0.0,2012
0,19,885,968,30298,1638855,18549353.0,2012
0,20,27,49,6187,410192,7954487.0,2012
0,21,10,13,1082,77343,1270236.0,2012
0,22,16,37,4071,284334,5543629.0,2012
0,23,9,29,1879,142502,4290287.0,2012
0,24,8,39,5614,426075,12001934.0,2012
0,25,24,45,5744,489553,6433916.0,2012
0,26,35,130,22793,2164632,47360145.0,2012
0,1,899,1161,69352,5046876,93627959.0,2012
0,2,137,138,244,43379,476111.0,2012
0,3,102,102,692,38611,316597.0,2012
0,4,71,71,847,49659,380156.0,2012
0,5,79,79,1367,68350,441566.0,2012
0,6,389,390,3150,199999,1614430.0,2012
0,7,44,44,942,44191,323626.0,2012
0,8,42,42,1087,59524,522254.0,2012
0,9,36,36,1128,48496,338554.0,2012
0,10,34,34,1268,57708,401974.0,2012
0,11,32,34,1348,60090,442139.0,2012
0,12,55,60,2979,145918,1121118.0,2012
0,13,47,51,3465,153206,1254123.0,2012
0,14,39,53,3211,171025,2730555.0,2012
0,15,16,21,1454,70493,1278677.0,2012
0,16,25,43,3406,185299,1997381.0,2012
0,17,12,28,1550,92873,1356818.0,2012
0,18,10,20,0,0,0.0,2012
0,19,781,856,27211,1429870,15725143.0,2012
0,20,23,42,5324,363494,7316436.0,2012
0,21,9,11,701,39503,370763.0,2012
0,22,14,30,3558,248000,4855633.0,2012
0,23,9,29,1879,142502,4290287.0,2012
0,24,8,39,5614,426075,12001934.0,2012
0,25,23,41,5581,480618,6310338.0,2012
0,26,32,113,19484,1916814,42757425.0,2012
0,1,132,149,8316,586610,9776028.0,2012
0,2,36,36,74,3833,69480.0,2012
0,3,10,10,59,2966,39724.0,2012
0,4,10,10,112,5024,76809.0,2012
0,5,6,6,109,5046,74183.0,2012
0,6,62,62,354,16869,260196.0,2012
0,7,4,5,84,3500,19339.0,2012
0,8,5,5,134,10434,72868.0,2012
0,10,4,4,144,8557,56466.0,2012
0,11,5,5,221,9832,57746.0,2012
0,12,4,4,0,0,0.0,2012
0,13,6,6,360,26730,503566.0,2012
0,14,4,4,232,18035,160176.0,2012
0,15,4,4,0,0,0.0,2012
0,16,4,6,468,47503,956004.0,2012
0,17,3,6,0,0,0.0,2012
0,18,1,1,0,0,0.0,2012
0,19,106,112,3087,208985,2824210.0,2012
0,20,6,7,0,0,0.0,2012
0,21,2,2,0,0,0.0,2012
0,22,4,7,513,36334,687996.0,2012
0,25,4,4,0,0,0.0,2012
0,26,10,17,3309,247818,4602720.0,2012
0,1,101,121,13961,668278,8630900.0,2012
0,2,13,13,0,1141,12649.0,2012
0,3,10,10,63,2729,25724.0,2012
0,4,6,6,71,3255,21823.0,2012
0,5,5,5,80,3462,32358.0,2012
0,6,34,34,234,10587,92554.0,2012
0,7,2,2,0,0,0.0,2012
0,8,7,8,183,6664,77729.0,2012
0,10,1,1,0,0,0.0,2012
0,11,4,4,0,0,0.0,2012
0,12,6,8,359,14107,133267.0,2012
0,13,6,6,367,14384,69055.0,2012
0,14,6,6,254,12669,140882.0,2012
0,15,5,5,741,33074,270750.0,2012
0,16,3,4,0,0,0.0,2012
0,17,2,3,0,0,0.0,2012
0,18,1,1,0,0,0.0,2012
0,19,77,82,3267,143572,1386815.0,2012
0,20,2,3,0,0,0.0,2012
0,21,1,4,0,0,0.0,2012
0,22,4,5,0,0,0.0,2012
0,23,3,3,608,23521,347730.0,2012
0,24,1,1,0,0,0.0,2012
0,25,5,6,1756,96715,1471034.0,2012
0,26,8,17,0,0,0.0,2012
0,1,101,121,13961,668278,8630900.0,2012
0,2,13,13,0,1141,12649.0,2012
0,3,10,10,63,2729,25724.0,2012
0,4,6,6,71,3255,21823.0,2012
0,5,5,5,80,3462,32358.0,2012
0,6,34,34,234,10587,92554.0,2012
0,7,2,2,0,0,0.0,2012
0,8,7,8,183,6664,77729.0,2012
0,10,1,1,0,0,0.0,2012
0,11,4,4,0,0,0.0,2012
0,12,6,8,359,14107,133267.0,2012
0,13,6,6,367,14384,69055.0,2012
0,14,6,6,254,12669,140882.0,2012
0,15,5,5,741,33074,270750.0,2012
0,16,3,4,0,0,0.0,2012
0,17,2,3,0,0,0.0,2012
0,18,1,1,0,0,0.0,2012
0,19,77,82,3267,143572,1386815.0,2012
0,20,2,3,0,0,0.0,2012
0,21,1,4,0,0,0.0,2012
0,22,4,5,0,0,0.0,2012
0,23,3,3,608,23521,347730.0,2012
0,24,1,1,0,0,0.0,2012
0,25,5,6,1756,96715,1471034.0,2012
0,26,8,17,0,0,0.0,2012
0,1,672,919,29114,1904644,39632572.0,2012
0,2,219,219,372,21748,259062.0,2012
0,3,110,110,756,36997,439257.0,2012
0,4,61,61,692,34602,336762.0,2012
0,5,34,34,550,35396,450922.0,2012
0,6,424,424,2370,128743,1486003.0,2012
0,7,24,25,509,22678,199071.0,2012
0,8,17,23,433,20041,150472.0,2012
0,9,17,17,549,40150,316843.0,2012
0,10,11,11,0,17120,114311.0,2012
0,11,26,33,755,35455,506769.0,2012
0,12,30,41,1670,96430,824467.0,2012
0,13,17,28,1104,73533,1102116.0,2012
0,14,18,41,1191,45026,535977.0,2012
0,15,12,24,1036,63771,1515944.0,2012
0,16,15,37,0,0,0.0,2012
0,17,6,7,642,38041,309839.0,2012
0,18,2,16,0,0,0.0,2012
0,19,619,727,12875,692855,8834775.0,2012
0,20,14,24,0,69342,903400.0,2012
0,21,3,4,0,0,0.0,2012
0,22,5,9,752,61781,0.0,2012
0,23,2,3,0,0,0.0,2012
0,24,4,23,0,0,0.0,2012
0,25,12,54,0,0,0.0,2012
0,26,13,75,5192,362170,9548770.0,2012
0,1,501,709,19039,1195150,25356651.0,2012
0,2,157,157,285,15709,182033.0,2012
0,3,87,87,600,27517,314173.0,2012
0,4,46,46,515,23709,234415.0,2012
0,5,26,26,406,27731,376111.0,2012
0,6,316,316,1806,94666,1106732.0,2012
0,7,21,22,441,18197,142560.0,2012
0,8,16,22,420,19708,149931.0,2012
0,9,14,14,445,30895,250643.0,2012
0,10,8,8,0,0,0.0,2012
0,11,21,27,632,27402,427829.0,2012
0,12,21,32,1117,56456,577164.0,2012
0,13,13,24,876,60993,977484.0,2012
0,14,14,37,909,33506,425864.0,2012
0,15,8,20,627,37078,626546.0,2012
0,16,10,26,0,0,0.0,2012
0,17,2,2,0,0,0.0,2012
0,18,1,15,0,0,0.0,2012
0,19,465,565,8844,461737,5938559.0,2012
0,20,10,20,881,53337,488919.0,2012
0,21,2,3,0,0,0.0,2012
0,22,3,7,0,0,0.0,2012
0,23,2,3,0,0,0.0,2012
0,24,2,21,0,0,0.0,2012
0,25,7,34,0,0,0.0,2012
0,26,10,56,2915,191555,4520661.0,2012
0,1,156,186,5339,388826,9542807.0,2012
0,2,51,51,90,5970,81217.0,2012
0,3,27,27,184,8090,102832.0,2012
0,4,10,10,110,4506,30336.0,2012
0,5,7,7,114,16609,0.0,2012
0,6,95,95,498,35175,494368.0,2012
0,7,7,8,0,0,0.0,2012
0,8,4,4,101,5004,23357.0,2012
0,9,4,4,114,6689,85139.0,2012
0,10,3,3,0,0,0.0,2012
0,11,3,3,71,2800,43099.0,2012
0,12,8,9,371,17789,150596.0,2012
0,13,5,5,288,15565,256754.0,2012
0,14,3,5,273,9977,59915.0,2012
0,15,1,1,0,0,0.0,2012
0,16,1,1,0,0,0.0,2012
0,17,1,1,0,0,0.0,2012
0,19,135,139,2133,120049,1441267.0,2012
0,20,5,8,139,9264,97966.0,2012
0,21,1,1,0,0,0.0,2012
0,22,3,7,0,0,0.0,2012
0,23,1,2,0,0,0.0,2012
0,24,2,8,0,0,0.0,2012
0,25,4,8,711,52538,1364064.0,2012
0,26,5,13,799,65257,2265400.0,2012
0,1,51,77,6182,435079,0.0,2012
0,2,7,7,0,556,0.0,2012
0,3,9,9,64,4321,73413.0,2012
0,4,3,3,36,1952,23257.0,2012
0,5,2,2,0,0,0.0,2012
0,6,21,21,135,8240,124471.0,2012
0,8,2,2,0,0,0.0,2012
0,9,2,2,0,0,0.0,2012
0,11,1,1,0,0,0.0,2012
0,12,1,2,0,0,0.0,2012
0,14,5,8,136,3123,140944.0,2012
0,15,1,1,0,0,0.0,2012
0,16,3,3,0,0,0.0,2012
0,17,1,1,0,0,0.0,2012
0,19,37,41,924,59012,933242.0,2012
0,20,4,8,0,40838,300572.0,2012
0,21,1,2,0,0,0.0,2012
0,24,2,10,0,0,0.0,2012
0,25,4,12,0,0,0.0,2012
0,26,3,4,883,60601,1034311.0,2012
0,1,311,446,7518,371245,5132880.0,2012
0,2,99,99,0,9183,93343.0,2012
0,3,51,51,352,15106,137928.0,2012
0,4,33,33,369,17251,180822.0,2012
0,5,17,17,265,9711,75800.0,2012
0,6,200,200,1173,51251,487893.0,2012
0,7,14,14,298,11890,98190.0,2012
0,8,10,16,0,11056,0.0,2012
0,9,8,8,263,20569,124558.0,2012
0,10,5,5,0,0,0.0,2012
0,11,17,23,542,24090,381727.0,2012
0,12,12,21,680,30599,370124.0,2012
0,13,9,19,588,45428,720730.0,2012
0,14,8,24,500,20406,225005.0,2012
0,15,6,18,425,21334,440208.0,2012
0,16,7,22,0,26872,485905.0,2012
0,18,1,15,0,0,0.0,2012
0,19,297,385,5787,282676,3564050.0,2012
0,20,3,4,0,0,0.0,2012
0,23,1,1,0,0,0.0,2012
0,24,1,3,0,0,0.0,2012
0,25,3,14,0,0,0.0,2012
0,26,6,39,1233,65697,1220950.0,2012
0,1,177,210,10075,709494,14275921.0,2012
0,2,62,62,87,6039,77029.0,2012
0,3,23,23,156,9480,125084.0,2012
0,4,15,15,177,10893,102347.0,2012
0,5,8,8,144,7665,74811.0,2012
0,6,108,108,564,34077,379271.0,2012
0,7,3,3,68,4481,0.0,2012
0,8,1,1,0,0,0.0,2012
0,9,3,3,104,9255,66200.0,2012
0,10,3,3,86,6368,52070.0,2012
0,11,5,6,0,8053,0.0,2012
0,12,9,9,0,0,0.0,2012
0,13,4,4,228,12540,124632.0,2012
0,14,4,4,0,0,0.0,2012
0,15,4,4,409,26693,889398.0,2012
0,16,5,11,0,0,0.0,2012
0,17,4,5,607,35585,292232.0,2012
0,18,1,1,0,0,0.0,2012
0,19,154,162,4031,231118,2896216.0,2012
0,20,4,4,0,0,0.0,2012
0,21,1,1,0,0,0.0,2012
0,22,2,2,0,0,0.0,2012
0,24,2,2,0,0,0.0,2012
0,25,6,20,0,0,0.0,2012
0,26,8,19,2277,170615,0.0,2012
0,1,177,210,10075,709494,14275921.0,2012
0,2,62,62,87,6039,77029.0,2012
0,3,23,23,156,9480,125084.0,2012
0,4,15,15,177,10893,102347.0,2012
0,5,8,8,144,7665,74811.0,2012
0,6,108,108,564,34077,379271.0,2012
0,7,3,3,68,4481,0.0,2012
0,8,1,1,0,0,0.0,2012
0,9,3,3,104,9255,66200.0,2012
0,10,3,3,86,6368,52070.0,2012
0,11,5,6,0,8053,0.0,2012
0,12,9,9,0,0,0.0,2012
0,13,4,4,228,12540,124632.0,2012
0,14,4,4,0,0,0.0,2012
0,15,4,4,409,26693,889398.0,2012
0,16,5,11,0,0,0.0,2012
0,17,4,5,607,35585,292232.0,2012
0,18,1,1,0,0,0.0,2012
0,19,154,162,4031,231118,2896216.0,2012
0,20,4,4,0,0,0.0,2012
0,21,1,1,0,0,0.0,2012
0,22,2,2,0,0,0.0,2012
0,24,2,2,0,0,0.0,2012
0,25,6,20,0,0,0.0,2012
0,26,8,19,2277,170615,0.0,2012
0,1,1672,2150,235593,21070512,191492479.0,2012
0,2,496,496,0,0,0.0,2012
0,3,240,240,1600,91870,520195.0,2012
0,4,133,134,1570,93542,541191.0,2012
0,5,89,90,1478,95332,541181.0,2012
0,6,958,960,5517,755592,4669099.0,2012
0,7,57,58,1233,90654,489362.0,2012
0,8,41,41,1082,73825,388778.0,2012
0,9,47,48,1478,77038,420469.0,2012
0,10,31,33,1156,79915,454251.0,2012
0,11,51,59,2118,143325,638370.0,2012
0,12,76,79,4512,274814,1451020.0,2012
0,13,64,72,5251,288295,1409419.0,2012
0,14,57,70,6107,374038,2567304.0,2012
0,15,33,39,4670,292899,1531281.0,2012
0,16,52,63,8984,561158,3772582.0,2012
0,17,27,38,7361,504716,3181520.0,2012
0,18,22,32,7484,556965,4579520.0,2012
0,19,1516,1592,56953,4073234,25552975.0,2012
0,20,31,55,11459,1072402,5525471.0,2012
0,21,11,19,4754,400329,1971109.0,2012
0,22,15,30,7126,529339,3107265.0,2012
0,23,12,21,8030,694228,7640742.0,2012
0,24,8,13,1655,113583,1407783.0,2012
0,25,33,105,22110,1861280,21991563.0,2012
0,26,46,315,123506,12326117,124295571.0,2012
0,1,1672,2150,235593,21070512,191492479.0,2012
0,2,496,496,0,0,0.0,2012
0,3,240,240,1600,91870,520195.0,2012
0,4,133,134,1570,93542,541191.0,2012
0,5,89,90,1478,95332,541181.0,2012
0,6,958,960,5517,755592,4669099.0,2012
0,7,57,58,1233,90654,489362.0,2012
0,8,41,41,1082,73825,388778.0,2012
0,9,47,48,1478,77038,420469.0,2012
0,10,31,33,1156,79915,454251.0,2012
0,11,51,59,2118,143325,638370.0,2012
0,12,76,79,4512,274814,1451020.0,2012
0,13,64,72,5251,288295,1409419.0,2012
0,14,57,70,6107,374038,2567304.0,2012
0,15,33,39,4670,292899,1531281.0,2012
0,16,52,63,8984,561158,3772582.0,2012
0,17,27,38,7361,504716,3181520.0,2012
0,18,22,32,7484,556965,4579520.0,2012
0,19,1516,1592,56953,4073234,25552975.0,2012
0,20,31,55,11459,1072402,5525471.0,2012
0,21,11,19,4754,400329,1971109.0,2012
0,22,15,30,7126,529339,3107265.0,2012
0,23,12,21,8030,694228,7640742.0,2012
0,24,8,13,1655,113583,1407783.0,2012
0,25,33,105,22110,1861280,21991563.0,2012
0,26,46,315,123506,12326117,124295571.0,2012
0,1,394,431,29096,2461491,13358607.0,2012
0,2,108,108,215,14438,78564.0,2012
0,3,58,58,376,18110,94196.0,2012
0,4,35,35,404,18995,100148.0,2012
0,5,14,14,215,8314,39189.0,2012
0,6,215,215,1210,59857,312097.0,2012
0,7,15,16,324,20096,110932.0,2012
0,8,7,7,193,9496,36558.0,2012
0,9,12,12,369,16602,81610.0,2012
0,10,7,7,267,12412,40362.0,2012
0,11,8,10,306,14929,84800.0,2012
0,12,21,21,1176,58541,340606.0,2012
0,13,19,19,1532,77424,422706.0,2012
0,14,19,22,2196,128786,1026011.0,2012
0,15,11,12,1368,79106,478764.0,2012
0,16,17,21,3292,195102,1558361.0,2012
0,17,5,8,1174,61309,394145.0,2012
0,18,1,1,0,0,0.0,2012
0,19,357,371,13587,744277,5012750.0,2012
0,20,10,10,2540,166275,1446278.0,2012
0,21,3,5,2036,172524,767331.0,2012
0,22,3,5,0,0,0.0,2012
0,23,1,1,0,0,0.0,2012
0,24,1,1,0,0,0.0,2012
0,25,5,10,736,62088,926681.0,2012
0,26,14,28,9489,1265177,4807810.0,2012
0,1,930,1164,139861,12565223,137886898.0,2012
0,2,297,297,0,0,0.0,2012
0,3,129,129,869,52886,340468.0,2012
0,4,69,70,802,50088,345317.0,2012
0,5,50,50,846,58566,396114.0,2012
0,6,545,546,2983,609005,4016195.0,2012
0,7,26,26,559,46964,281639.0,2012
0,8,16,16,421,32724,194126.0,2012
0,9,24,25,758,43494,279890.0,2012
0,10,17,18,628,42107,294611.0,2012
0,11,29,30,1110,82032,413181.0,2012
0,12,35,36,2086,120114,740515.0,2012
0,13,30,32,2294,127585,674258.0,2012
0,14,28,32,2738,155763,1207827.0,2012
0,15,18,21,2471,164006,889183.0,2012
0,16,26,27,4279,272008,1814363.0,2012
0,17,17,22,4408,316592,2138926.0,2012
0,18,17,25,6164,435721,4095611.0,2012
0,19,828,856,30899,2448115,17040325.0,2012
0,20,17,27,6700,777897,3435762.0,2012
0,21,7,10,1642,143585,775543.0,2012
0,22,10,17,4971,332425,2383867.0,2012
0,23,7,12,4944,243537,0.0,2012
0,24,4,7,1252,90899,1256083.0,2012
0,25,22,60,10245,755749,11064734.0,2012
0,26,35,175,79208,7773016,96329433.0,2012
0,1,191,235,26012,2357690,12685094.0,2012
0,2,34,34,71,4012,15854.0,2012
0,3,26,26,167,8057,30685.0,2012
0,4,16,16,202,13888,52845.0,2012
0,5,11,11,168,11152,38335.0,2012
0,6,87,87,608,37109,137719.0,2012
0,7,5,5,106,8096,31210.0,2012
0,8,9,9,231,16252,84007.0,2012
0,9,7,7,233,11481,42596.0,2012
0,10,4,4,155,14521,46986.0,2012
0,11,11,12,456,30480,89259.0,2012
0,12,11,11,646,51525,208914.0,2012
0,13,13,16,1096,64146,247103.0,2012
0,14,2,3,0,0,0.0,2012
0,15,3,3,428,21963,70454.0,2012
0,16,5,7,637,37303,135191.0,2012
0,17,4,4,1250,103259,414255.0,2012
0,18,2,4,0,0,0.0,2012
0,19,163,172,6684,474971,1789152.0,2012
0,20,3,5,0,0,0.0,2012
0,21,2,4,0,0,0.0,2012
0,22,3,6,1462,134927,455828.0,2012
0,23,1,1,0,0,0.0,2012
0,24,2,3,0,0,0.0,2012
0,25,4,7,0,0,0.0,2012
0,26,13,37,13525,1341557,8391618.0,2012
0,1,227,320,40624,3686108,27561880.0,2012
0,2,57,57,117,8933,37818.0,2012
0,3,27,27,188,12817,54846.0,2012
0,4,13,13,162,10571,42881.0,2012
0,5,15,15,249,17300,67543.0,2012
0,6,112,112,716,49621,203088.0,2012
0,7,11,11,244,15498,65581.0,2012
0,8,9,9,237,15353,74087.0,2012
0,9,4,4,0,0,0.0,2012
0,10,3,4,106,10875,72292.0,2012
0,11,6,7,246,15884,51130.0,2012
0,12,11,11,604,44634,160985.0,2012
0,13,5,5,329,19140,65352.0,2012
0,14,10,13,1071,83138,302656.0,2012
0,15,3,3,0,0,0.0,2012
0,16,6,8,776,56745,264667.0,2012
0,17,3,4,529,23556,234194.0,2012
0,18,2,2,0,0,0.0,2012
0,19,185,193,5783,405871,1710748.0,2012
0,20,5,13,1632,102598,566543.0,2012
0,22,2,2,0,0,0.0,2012
0,23,4,7,0,0,0.0,2012
0,24,2,2,0,0,0.0,2012
0,25,11,28,9121,820624,8860061.0,2012
0,26,18,75,21284,1946367,14766710.0,2012
0,1,1370,1707,54272,3232218,35516494.0,2012
0,2,404,404,817,40668,258031.0,2012
0,3,260,260,1722,81163,505386.0,2012
0,4,129,130,1538,77472,539801.0,2012
0,5,104,108,1696,90047,563821.0,2012
0,6,897,902,5773,289350,1867039.0,2012
0,7,59,60,1296,76629,442452.0,2012
0,8,55,57,1471,81506,499554.0,2012
0,9,30,32,942,59835,315045.0,2012
0,10,28,31,964,46174,314757.0,2012
0,11,38,41,1553,86591,543869.0,2012
0,12,50,62,2607,147305,951140.0,2012
0,13,33,37,2299,126251,874652.0,2012
0,14,28,33,2053,111445,968803.0,2012
0,15,21,37,2416,147216,1187022.0,2012
0,16,23,48,2301,130716,802964.0,2012
0,17,20,41,2789,165083,1639494.0,2012
0,18,8,10,0,0,0.0,2012
0,19,1290,1391,27517,1535297,10749949.0,2012
0,20,16,41,3357,186711,1440147.0,2012
0,21,4,8,0,0,0.0,2012
0,22,9,23,1190,74870,1371666.0,2012
0,23,6,9,746,52185,401493.0,2012
0,24,9,12,1077,54856,655326.0,2012
0,25,13,59,4918,293134,3815713.0,2012
0,26,23,164,15033,1013246,16781108.0,2012
0,1,971,1161,35328,2076247,23628642.0,2012
0,2,315,315,620,32311,178780.0,2012
0,3,178,178,1173,51866,292264.0,2012
0,4,101,102,1218,61107,423866.0,2012
0,5,75,78,1191,53337,285727.0,2012
0,6,669,673,4202,198621,1180637.0,2012
0,7,39,40,857,42089,230203.0,2012
0,8,43,45,1158,60027,355786.0,2012
0,9,23,24,718,46103,229769.0,2012
0,10,23,24,753,36732,225800.0,2012
0,11,23,25,931,43574,232093.0,2012
0,12,29,34,1475,78342,447276.0,2012
0,13,18,20,1127,60938,379164.0,2012
0,14,15,19,1092,60487,581463.0,2012
0,15,16,28,1787,111239,887289.0,2012
0,16,14,27,1859,106314,542804.0,2012
0,17,10,22,1288,80739,959886.0,2012
0,18,5,6,0,0,0.0,2012
0,19,927,987,17679,948402,6392920.0,2012
0,20,10,19,1978,101149,732793.0,2012
0,21,1,2,0,0,0.0,2012
0,22,5,7,493,25999,0.0,2012
0,23,3,5,439,25727,159772.0,2012
0,24,4,5,385,19604,242834.0,2012
0,25,7,42,3362,201556,2821150.0,2012
0,26,14,94,10933,748850,12883177.0,2012
0,1,971,1161,35328,2076247,23628642.0,2012
0,2,315,315,620,32311,178780.0,2012
0,3,178,178,1173,51866,292264.0,2012
0,4,101,102,1218,61107,423866.0,2012
0,5,75,78,1191,53337,285727.0,2012
0,6,669,673,4202,198621,1180637.0,2012
0,7,39,40,857,42089,230203.0,2012
0,8,43,45,1158,60027,355786.0,2012
0,9,23,24,718,46103,229769.0,2012
0,10,23,24,753,36732,225800.0,2012
0,11,23,25,931,43574,232093.0,2012
0,12,29,34,1475,78342,447276.0,2012
0,13,18,20,1127,60938,379164.0,2012
0,14,15,19,1092,60487,581463.0,2012
0,15,16,28,1787,111239,887289.0,2012
0,16,14,27,1859,106314,542804.0,2012
0,17,10,22,1288,80739,959886.0,2012
0,18,5,6,0,0,0.0,2012
0,19,927,987,17679,948402,6392920.0,2012
0,20,10,19,1978,101149,732793.0,2012
0,21,1,2,0,0,0.0,2012
0,22,5,7,493,25999,0.0,2012
0,23,3,5,439,25727,159772.0,2012
0,24,4,5,385,19604,242834.0,2012
0,25,7,42,3362,201556,2821150.0,2012
0,26,14,94,10933,748850,12883177.0,2012
0,1,420,546,18944,1155971,11887852.0,2012
0,2,89,89,197,8357,79251.0,2012
0,3,82,82,549,29297,213122.0,2012
0,4,28,28,320,16365,115935.0,2012
0,5,30,30,505,36710,278094.0,2012
0,6,229,229,1571,90729,686402.0,2012
0,7,20,20,439,34540,212249.0,2012
0,8,12,12,313,21479,143768.0,2012
0,9,7,8,224,13732,85276.0,2012
0,10,6,7,211,9442,88957.0,2012
0,11,15,16,622,43017,311776.0,2012
0,12,22,28,1132,68963,503864.0,2012
0,13,15,17,1172,65313,495488.0,2012
0,14,13,14,961,50958,387340.0,2012
0,15,5,9,629,35977,299733.0,2012
0,16,11,21,442,24402,260160.0,2012
0,17,12,19,1501,84344,679608.0,2012
0,18,3,4,0,0,0.0,2012
0,19,370,404,9838,586895,4357029.0,2012
0,20,8,22,1379,85562,707354.0,2012
0,21,3,6,0,0,0.0,2012
0,22,4,16,0,48871,1016554.0,2012
0,23,3,4,0,0,0.0,2012
0,24,6,7,692,35252,412492.0,2012
0,25,7,17,1556,91578,994563.0,2012
0,26,19,70,4100,264396,3897931.0,2012
0,1,420,546,18944,1155971,11887852.0,2012
0,2,89,89,197,8357,79251.0,2012
0,3,82,82,549,29297,213122.0,2012
0,4,28,28,320,16365,115935.0,2012
0,5,30,30,505,36710,278094.0,2012
0,6,229,229,1571,90729,686402.0,2012
0,7,20,20,439,34540,212249.0,2012
0,8,12,12,313,21479,143768.0,2012
0,9,7,8,224,13732,85276.0,2012
0,10,6,7,211,9442,88957.0,2012
0,11,15,16,622,43017,311776.0,2012
0,12,22,28,1132,68963,503864.0,2012
0,13,15,17,1172,65313,495488.0,2012
0,14,13,14,961,50958,387340.0,2012
0,15,5,9,629,35977,299733.0,2012
0,16,11,21,442,24402,260160.0,2012
0,17,12,19,1501,84344,679608.0,2012
0,18,3,4,0,0,0.0,2012
0,19,370,404,9838,586895,4357029.0,2012
0,20,8,22,1379,85562,707354.0,2012
0,21,3,6,0,0,0.0,2012
0,22,4,16,0,48871,1016554.0,2012
0,23,3,4,0,0,0.0,2012
0,24,6,7,692,35252,412492.0,2012
0,25,7,17,1556,91578,994563.0,2012
0,26,19,70,4100,264396,3897931.0,2012
0,1,2011,2207,91732,5351064,85147322.0,2012
0,2,767,767,1482,62584,430548.0,2012
0,3,366,366,2422,100648,585219.0,2012
0,4,181,181,2116,94349,506318.0,2012
0,5,98,100,1653,78120,450806.0,2012
0,6,1412,1414,7673,335701,1972891.0,2012
0,7,80,81,1690,79660,446681.0,2012
0,8,43,43,1177,58023,367304.0,2012
0,9,33,33,1027,57804,351661.0,2012
0,10,40,42,1327,69132,530039.0,2012
0,11,54,57,2206,106823,639234.0,2012
0,12,79,86,4349,228134,1543075.0,2012
0,13,37,40,2910,150854,949466.0,2012
0,14,60,71,6403,320165,2307452.0,2012
0,15,30,42,3874,213196,1535391.0,2012
0,16,31,44,5335,282214,1938870.0,2012
0,17,10,16,2471,161248,1238795.0,2012
0,18,5,7,989,37808,163090.0,2012
0,19,1914,1976,41431,2100762,13983949.0,2012
0,20,17,26,4918,261162,2108677.0,2012
0,21,11,12,2139,151805,1425648.0,2012
0,22,13,28,0,0,0.0,2012
0,23,9,17,4026,285443,3005010.0,2012
0,24,6,15,0,0,0.0,2012
0,25,16,44,9221,573469,10178017.0,2012
0,26,25,89,22550,1468241,49981045.0,2012
0,1,1181,1310,43331,2669384,47452423.0,2012
0,2,457,457,933,36536,244216.0,2012
0,3,225,225,1507,63340,380920.0,2012
0,4,112,112,1310,58667,326362.0,2012
0,5,62,64,1054,55952,316399.0,2012
0,6,856,858,4804,214495,1267897.0,2012
0,7,39,40,796,39328,208628.0,2012
0,8,28,28,781,40955,266255.0,2012
0,9,18,18,544,34778,215999.0,2012
0,10,17,19,504,23939,249210.0,2012
0,11,27,30,1038,56045,315371.0,2012
0,12,42,44,2166,112635,764463.0,2012
0,13,20,21,1445,75966,451731.0,2012
0,14,28,36,2640,145902,1318700.0,2012
0,15,19,27,2286,110574,853254.0,2012
0,16,17,27,2497,153290,1038377.0,2012
0,17,8,13,1777,130196,991015.0,2012
0,18,1,3,0,0,0.0,2012
0,19,1120,1164,21806,1156766,8063045.0,2012
0,20,10,14,1328,79076,931663.0,2012
0,21,5,5,214,11067,136195.0,2012
0,22,10,20,2834,165553,0.0,2012
0,23,3,8,0,0,0.0,2012
0,24,4,11,0,0,0.0,2012
0,25,13,34,6533,435389,0.0,2012
0,26,16,54,8598,691279,26144509.0,2012
0,1,615,664,23229,1415951,27192474.0,2012
0,2,236,236,460,16779,102688.0,2012
0,3,123,123,827,33738,187229.0,2012
0,4,58,58,657,28565,146269.0,2012
0,5,37,39,626,31903,168069.0,2012
0,6,454,456,2570,110985,604255.0,2012
0,7,22,23,446,24546,133499.0,2012
0,8,13,13,360,14950,70674.0,2012
0,9,11,11,325,20737,100637.0,2012
0,10,9,10,258,8226,0.0,2012
0,11,11,11,431,21588,114635.0,2012
0,12,23,25,1158,53537,343287.0,2012
0,13,10,10,820,41075,274923.0,2012
0,14,14,19,1237,57431,450545.0,2012
0,15,7,7,0,0,0.0,2012
0,16,7,8,839,46256,310193.0,2012
0,17,4,4,766,66548,517666.0,2012
0,19,585,597,9927,504207,3415450.0,2012
0,20,3,5,0,0,0.0,2012
0,21,2,2,0,0,0.0,2012
0,22,5,7,1451,63621,338479.0,2012
0,23,3,4,0,0,0.0,2012
0,24,2,2,0,0,0.0,2012
0,25,5,12,3601,233433,3866924.0,2012
0,26,10,35,6316,485339,0.0,2012
0,1,466,502,14363,797806,8601007.0,2012
0,2,185,185,395,15299,87726.0,2012
0,3,86,86,564,24051,135091.0,2012
0,4,44,44,534,24545,135567.0,2012
0,5,18,18,304,16607,84446.0,2012
0,6,333,333,1797,80502,442830.0,2012
0,7,15,15,307,13075,65904.0,2012
0,8,10,10,273,17168,100612.0,2012
0,9,5,5,156,8124,37537.0,2012
0,10,6,7,177,9497,37814.0,2012
0,11,13,15,490,28561,152768.0,2012
0,12,15,15,786,47014,279343.0,2012
0,13,7,8,0,23185,120486.0,2012
0,14,11,13,1023,59607,421368.0,2012
0,15,13,16,1442,62456,331860.0,2012
0,16,9,15,1377,87205,0.0,2012
0,17,5,7,0,0,0.0,2012
0,18,1,3,0,0,0.0,2012
0,19,443,462,9698,503452,2921021.0,2012
0,20,4,4,242,11500,0.0,2012
0,21,3,3,0,0,0.0,2012
0,22,5,6,505,24494,98314.0,2012
0,24,1,8,0,0,0.0,2012
0,25,6,15,0,0,0.0,2012
0,26,4,4,792,57662,297208.0,2012
0,1,118,144,5739,455627,11658942.0,2012
0,2,36,36,78,4458,53802.0,2012
0,3,16,16,116,5551,58600.0,2012
0,4,10,10,119,5557,44526.0,2012
0,5,7,7,124,7442,63884.0,2012
0,6,69,69,437,23008,220812.0,2012
0,7,2,2,0,0,0.0,2012
0,8,5,5,0,0,0.0,2012
0,9,2,2,0,0,0.0,2012
0,10,2,2,0,0,0.0,2012
0,11,4,4,117,5896,47968.0,2012
0,12,4,4,222,12084,141833.0,2012
0,13,3,3,95,11706,56322.0,2012
0,14,4,4,380,28864,446787.0,2012
0,15,2,4,0,0,0.0,2012
0,16,1,4,0,0,0.0,2012
0,17,1,2,0,0,0.0,2012
0,19,99,105,2181,149107,1726574.0,2012
0,20,3,5,452,28875,444465.0,2012
0,22,3,7,0,0,0.0,2012
0,23,1,4,0,0,0.0,2012
0,24,1,1,0,0,0.0,2012
0,25,4,7,0,31319,487944.0,2012
0,26,7,15,1490,148278,7367069.0,2012
0,1,846,897,48401,2681680,37694899.0,2012
0,2,310,310,549,26048,186332.0,2012
0,3,141,141,915,37308,204299.0,2012
0,4,69,69,806,35682,179956.0,2012
0,5,36,36,599,22168,134407.0,2012
0,6,556,556,2869,121206,704994.0,2012
0,7,41,41,894,40332,238053.0,2012
0,8,15,15,396,17068,101049.0,2012
0,9,15,15,483,23026,135662.0,2012
0,10,23,23,823,45193,280829.0,2012
0,11,27,27,1168,50778,323863.0,2012
0,12,37,42,2183,115499,778612.0,2012
0,13,19,19,1465,74888,497735.0,2012
0,14,32,35,3763,174263,988752.0,2012
0,15,12,15,1588,102622,682137.0,2012
0,16,15,17,2838,128924,900493.0,2012
0,17,3,3,694,31052,247780.0,2012
0,18,4,4,0,0,0.0,2012
0,19,799,812,19625,943996,5920904.0,2012
0,20,8,12,3590,182086,1177014.0,2012
0,21,6,7,1925,140738,1289453.0,2012
0,22,5,8,0,0,0.0,2012
0,23,6,9,2633,184855,1960881.0,2012
0,24,4,4,0,0,0.0,2012
0,25,5,10,2688,138080,0.0,2012
0,26,13,35,13952,776962,23836536.0,2012
0,1,846,897,48401,2681680,37694899.0,2012
0,2,310,310,549,26048,186332.0,2012
0,3,141,141,915,37308,204299.0,2012
0,4,69,69,806,35682,179956.0,2012
0,5,36,36,599,22168,134407.0,2012
0,6,556,556,2869,121206,704994.0,2012
0,7,41,41,894,40332,238053.0,2012
0,8,15,15,396,17068,101049.0,2012
0,9,15,15,483,23026,135662.0,2012
0,10,23,23,823,45193,280829.0,2012
0,11,27,27,1168,50778,323863.0,2012
0,12,37,42,2183,115499,778612.0,2012
0,13,19,19,1465,74888,497735.0,2012
0,14,32,35,3763,174263,988752.0,2012
0,15,12,15,1588,102622,682137.0,2012
0,16,15,17,2838,128924,900493.0,2012
0,17,3,3,694,31052,247780.0,2012
0,18,4,4,0,0,0.0,2012
0,19,799,812,19625,943996,5920904.0,2012
0,20,8,12,3590,182086,1177014.0,2012
0,21,6,7,1925,140738,1289453.0,2012
0,22,5,8,0,0,0.0,2012
0,23,6,9,2633,184855,1960881.0,2012
0,24,4,4,0,0,0.0,2012
0,25,5,10,2688,138080,0.0,2012
0,26,13,35,13952,776962,23836536.0,2012
0,1,1929,2414,81303,4747444,47835563.0,2012
0,2,736,738,1401,74422,599554.0,2012
0,3,313,313,2118,91565,616822.0,2012
0,4,157,157,1838,97814,601917.0,2012
0,5,79,79,1297,71213,464097.0,2012
0,6,1285,1287,6654,335014,2282390.0,2012
0,7,79,82,1678,78808,599088.0,2012
0,8,44,48,1187,63258,451901.0,2012
0,9,38,38,1156,73271,418144.0,2012
0,10,21,22,790,44907,300347.0,2012
0,11,44,46,1670,94669,766572.0,2012
0,12,75,83,3931,194561,1470589.0,2012
0,13,42,55,3064,169148,1394856.0,2012
0,14,54,84,4389,255199,4112903.0,2012
0,15,32,67,3807,231635,1705003.0,2012
0,16,34,79,3725,234079,1800399.0,2012
0,17,23,45,2688,131071,1639943.0,2012
0,18,14,57,2496,125175,1254173.0,2012
0,19,1785,1993,37235,2030795,18196308.0,2012
0,20,22,39,3395,203288,2234292.0,2012
0,21,16,47,4021,200790,1686313.0,2012
0,22,14,45,4984,284309,2446436.0,2012
0,23,11,50,4244,233316,1889809.0,2012
0,24,15,70,4704,258208,4040746.0,2012
0,25,22,38,5202,349424,5239462.0,2012
0,26,44,132,17518,1187314,12102197.0,2012
0,1,224,410,11241,599076,4794888.0,2012
0,2,76,76,168,9934,74183.0,2012
0,3,36,36,252,11838,84085.0,2012
0,4,21,21,250,12597,75838.0,2012
0,5,12,12,189,9056,54039.0,2012
0,6,145,145,859,43425,288145.0,2012
0,7,12,13,263,14372,100951.0,2012
0,8,6,10,166,11449,95440.0,2012
0,9,8,8,243,13025,94609.0,2012
0,10,3,3,0,0,0.0,2012
0,11,4,4,189,9779,63488.0,2012
0,12,7,11,311,13831,79831.0,2012
0,13,6,12,370,23426,111571.0,2012
0,14,5,20,506,34248,259461.0,2012
0,15,3,24,0,0,0.0,2012
0,16,5,35,762,44039,289026.0,2012
0,18,2,28,0,0,0.0,2012
0,19,206,313,4744,265920,1735237.0,2012
0,20,2,5,0,0,0.0,2012
0,21,2,16,0,0,0.0,2012
0,22,1,1,0,0,0.0,2012
0,23,2,25,0,0,0.0,2012
0,24,2,33,0,0,0.0,2012
0,25,2,3,0,0,0.0,2012
0,26,7,14,0,100230,829215.0,2012
0,1,224,410,11241,599076,4794888.0,2012
0,2,76,76,168,9934,74183.0,2012
0,3,36,36,252,11838,84085.0,2012
0,4,21,21,250,12597,75838.0,2012
0,5,12,12,189,9056,54039.0,2012
0,6,145,145,859,43425,288145.0,2012
0,7,12,13,263,14372,100951.0,2012
0,8,6,10,166,11449,95440.0,2012
0,9,8,8,243,13025,94609.0,2012
0,10,3,3,0,0,0.0,2012
0,11,4,4,189,9779,63488.0,2012
0,12,7,11,311,13831,79831.0,2012
0,13,6,12,370,23426,111571.0,2012
0,14,5,20,506,34248,259461.0,2012
0,15,3,24,0,0,0.0,2012
0,16,5,35,762,44039,289026.0,2012
0,18,2,28,0,0,0.0,2012
0,19,206,313,4744,265920,1735237.0,2012
0,20,2,5,0,0,0.0,2012
0,21,2,16,0,0,0.0,2012
0,22,1,1,0,0,0.0,2012
0,23,2,25,0,0,0.0,2012
0,24,2,33,0,0,0.0,2012
0,25,2,3,0,0,0.0,2012
0,26,7,14,0,100230,829215.0,2012
0,1,54,77,6001,335293,2057628.0,2012
0,2,5,5,0,1609,10584.0,2012
0,3,8,8,58,2271,12358.0,2012
0,4,4,4,44,1301,8423.0,2012
0,5,3,3,49,3115,21341.0,2012
0,6,20,20,163,8296,52706.0,2012
0,7,2,2,0,0,0.0,2012
0,9,1,1,0,0,0.0,2012
0,12,5,5,297,8801,53772.0,2012
0,13,1,2,0,0,0.0,2012
0,14,5,7,523,25696,166572.0,2012
0,15,2,3,0,0,0.0,2012
0,16,2,2,0,0,0.0,2012
0,17,1,2,0,0,0.0,2012
0,19,39,44,1451,68392,426408.0,2012
0,20,2,5,0,0,0.0,2012
0,21,2,7,0,0,0.0,2012
0,22,2,11,0,0,0.0,2012
0,23,2,3,0,0,0.0,2012
0,24,1,1,0,0,0.0,2012
0,25,1,1,0,0,0.0,2012
0,26,5,5,1771,107508,577822.0,2012
0,1,54,77,6001,335293,2057628.0,2012
0,2,5,5,0,1609,10584.0,2012
0,3,8,8,58,2271,12358.0,2012
0,4,4,4,44,1301,8423.0,2012
0,5,3,3,49,3115,21341.0,2012
0,6,20,20,163,8296,52706.0,2012
0,7,2,2,0,0,0.0,2012
0,9,1,1,0,0,0.0,2012
0,12,5,5,297,8801,53772.0,2012
0,13,1,2,0,0,0.0,2012
0,14,5,7,523,25696,166572.0,2012
0,15,2,3,0,0,0.0,2012
0,16,2,2,0,0,0.0,2012
0,17,1,2,0,0,0.0,2012
0,19,39,44,1451,68392,426408.0,2012
0,20,2,5,0,0,0.0,2012
0,21,2,7,0,0,0.0,2012
0,22,2,11,0,0,0.0,2012
0,23,2,3,0,0,0.0,2012
0,24,1,1,0,0,0.0,2012
0,25,1,1,0,0,0.0,2012
0,26,5,5,1771,107508,577822.0,2012
0,1,1655,1927,64061,3813075,40983047.0,2012
0,2,655,657,1221,62879,514787.0,2012
0,3,269,269,1808,77456,520379.0,2012
0,4,132,132,1544,83916,517656.0,2012
0,5,64,64,1059,59042,388717.0,2012
0,6,1120,1122,5632,283293,1941539.0,2012
0,7,65,67,1373,62237,488546.0,2012
0,8,38,38,1021,51809,356461.0,2012
0,9,29,29,883,58335,314904.0,2012
0,10,18,19,669,36104,253148.0,2012
0,11,40,42,1481,84890,703084.0,2012
0,12,63,67,3323,171929,1336986.0,2012
0,13,35,41,2622,142031,1223654.0,2012
0,14,44,57,3360,195255,3686870.0,2012
0,15,28,40,3381,210058,1560321.0,2012
0,16,27,42,2687,173310,1447354.0,2012
0,17,22,43,2681,130728,1631716.0,2012
0,18,12,29,1927,96504,1090080.0,2012
0,19,1541,1636,31040,1696483,16034663.0,2012
0,20,18,29,2748,170946,1950532.0,2012
0,21,12,24,1843,88847,1054226.0,2012
0,22,11,33,3779,228001,1987629.0,2012
0,23,8,22,2806,148898,1104116.0,2012
0,24,12,36,3596,194499,3253810.0,2012
0,25,20,34,4592,305825,4902911.0,2012
0,26,33,113,13657,979576,10695160.0,2012
0,1,380,446,16263,906105,10200884.0,2012
0,2,109,110,198,11340,115957.0,2012
0,3,61,61,423,15019,129617.0,2012
0,4,31,31,365,15329,106004.0,2012
0,5,14,14,243,8804,79775.0,2012
0,6,215,216,1229,50492,431353.0,2012
0,7,21,21,447,21915,182740.0,2012
0,8,11,11,298,13938,104818.0,2012
0,9,9,9,249,12104,63170.0,2012
0,10,4,4,155,6063,36023.0,2012
0,11,12,13,522,28366,246590.0,2012
0,12,26,27,1399,67956,538566.0,2012
0,13,11,12,897,42504,414793.0,2012
0,14,9,12,817,39194,613899.0,2012
0,15,9,17,1292,72237,648426.0,2012
0,16,9,13,1005,50646,551785.0,2012
0,17,3,8,0,0,0.0,2012
0,18,4,13,0,0,0.0,2012
0,19,343,376,9622,467679,4500184.0,2012
0,20,9,15,1683,105583,1400595.0,2012
0,21,3,4,160,7414,67360.0,2012
0,22,3,14,0,0,0.0,2012
0,23,2,5,0,0,0.0,2012
0,24,5,11,678,35664,637948.0,2012
0,25,6,8,0,0,0.0,2012
0,26,9,13,941,75915,1504926.0,2012
0,1,310,324,14872,832476,9106291.0,2012
0,2,174,174,343,9015,96179.0,2012
0,3,41,41,261,10561,76529.0,2012
0,4,13,13,149,5332,33926.0,2012
0,5,11,11,171,6489,23971.0,2012
0,6,239,239,924,31397,230605.0,2012
0,7,8,8,151,6472,51718.0,2012
0,8,5,5,140,4931,15544.0,2012
0,9,2,2,0,0,0.0,2012
0,10,3,3,119,5606,20969.0,2012
0,11,6,6,236,11311,85857.0,2012
0,12,12,14,724,27496,220672.0,2012
0,13,6,6,499,24972,215772.0,2012
0,14,6,8,502,18328,74407.0,2012
0,15,6,6,717,41374,0.0,2012
0,16,1,1,0,0,0.0,2012
0,19,294,298,4089,174932,1096633.0,2012
0,20,2,2,0,0,0.0,2012
0,21,2,2,0,0,0.0,2012
0,22,1,1,0,0,0.0,2012
0,23,2,2,0,0,0.0,2012
0,25,4,6,1640,95824,1499760.0,2012
0,26,5,13,0,0,0.0,2012
0,1,978,1157,32926,2074494,21675872.0,2012
0,2,372,373,680,42524,302651.0,2012
0,3,167,167,1124,51876,314233.0,2012
0,4,88,88,1030,63255,377726.0,2012
0,5,39,39,645,43749,284971.0,2012
0,6,666,667,3479,201404,1279581.0,2012
0,7,36,38,775,33850,254088.0,2012
0,8,22,22,583,32940,236099.0,2012
0,9,18,18,568,43571,242717.0,2012
0,10,11,12,395,24435,196156.0,2012
0,11,22,23,723,45213,370637.0,2012
0,12,25,26,1200,76477,577748.0,2012
0,13,18,23,1226,74555,593089.0,2012
0,14,29,37,2041,137733,2998564.0,2012
0,15,13,17,1372,96447,749773.0,2012
0,16,17,28,1671,122279,885619.0,2012
0,17,19,35,2206,105871,1383562.0,2012
0,18,8,16,1090,59097,670213.0,2012
0,19,904,962,17329,1053872,10437846.0,2012
0,20,8,12,1037,62979,518651.0,2012
0,21,7,18,543,32460,553345.0,2012
0,22,9,18,1992,105238,1004661.0,2012
0,23,4,15,1804,110741,782969.0,2012
0,24,8,25,2918,158835,2615862.0,2012
0,25,12,20,1857,134550,0.0,2012
0,26,26,87,5446,415819,3264882.0,2012
0,1,9986,12688,697798,31151387,217894526.0,2012
0,2,2469,2470,4738,235860,1429719.0,2012
0,3,1618,1620,10937,418393,2347339.0,2012
0,4,917,918,10695,410244,2192066.0,2012
0,5,644,646,10801,418834,2085812.0,2012
0,6,5648,5654,37171,1483331,8054936.0,2012
0,7,441,447,9548,376691,1885182.0,2012
0,8,366,373,9632,406142,2011739.0,2012
0,9,299,307,9205,386580,1939789.0,2012
0,10,252,260,9054,361648,1815815.0,2012
0,11,372,390,15903,649831,3142348.0,2012
0,12,624,680,35487,1493055,8068843.0,2012
0,13,320,384,25409,1052219,5878062.0,2012
0,14,433,544,44975,1884042,10911322.0,2012
0,15,235,346,31915,1358127,7997430.0,2012
0,16,275,499,51410,2157498,13875885.0,2012
0,17,123,263,30441,1358237,8735481.0,2012
0,18,71,145,19078,837884,5393549.0,2012
0,19,9459,10292,329228,13805285,79710381.0,2012
0,20,124,314,38975,1737260,13042863.0,2012
0,21,75,257,32847,1465480,11015116.0,2012
0,22,77,302,38076,1766039,12820994.0,2012
0,23,44,197,25681,1061543,8532916.0,2012
0,24,28,149,20122,954613,7954941.0,2012
0,25,73,427,51637,2278272,19818933.0,2012
0,26,106,750,161232,8082895,64998382.0,2012
0,1,8523,10758,572165,25058827,173547204.0,2012
0,2,2081,2082,3951,205644,1271154.0,2012
0,3,1390,1392,9417,362377,2078820.0,2012
0,4,778,779,9081,348429,1882275.0,2012
0,5,563,565,9432,359311,1806806.0,2012
0,6,4812,4818,31881,1275761,7039055.0,2012
0,7,386,391,8439,335806,1677156.0,2012
0,8,307,312,8134,339915,1737176.0,2012
0,9,255,262,7974,331827,1679635.0,2012
0,10,212,216,7635,299153,1509636.0,2012
0,11,328,344,14112,577851,2825982.0,2012
0,12,528,572,30440,1265220,6949593.0,2012
0,13,271,316,21647,884640,4961019.0,2012
0,14,379,471,39695,1683763,9775902.0,2012
0,15,193,281,26415,1122894,6254907.0,2012
0,16,226,410,44630,1866006,11571663.0,2012
0,17,106,218,26087,1160848,7285256.0,2012
0,18,59,118,16686,735484,4797311.0,2012
0,19,8062,8729,283775,11879168,68064291.0,2012
0,20,112,276,35409,1599905,12178030.0,2012
0,21,62,215,28428,1268995,9351027.0,2012
0,22,68,255,34140,1572044,11277055.0,2012
0,23,40,185,23318,964573,7930814.0,2012
0,24,25,138,17202,808716,6897141.0,2012
0,25,62,367,38770,1716741,15078342.0,2012
0,26,92,593,111123,5248685,42770504.0,2012
0,1,1046,1340,96046,4903678,40246275.0,2012
0,2,201,201,426,22315,182760.0,2012
0,3,136,136,903,41785,273218.0,2012
0,4,82,82,942,38534,272735.0,2012
0,5,61,61,1014,42911,251820.0,2012
0,6,480,480,3285,145545,980533.0,2012
0,7,56,56,1213,48841,307301.0,2012
0,8,38,38,951,38679,248683.0,2012
0,9,35,35,1084,46718,285108.0,2012
0,10,27,28,955,39021,253552.0,2012
0,11,37,38,1621,71274,475203.0,2012
0,12,83,89,4688,228995,1478686.0,2012
0,13,38,41,2990,135290,998631.0,2012
0,14,61,74,6450,338973,2571595.0,2012
0,15,29,44,3871,198769,1381249.0,2012
0,16,41,53,7608,355478,2922807.0,2012
0,17,21,34,4872,254786,1818058.0,2012
0,18,12,26,3790,196846,1467499.0,2012
0,19,958,1036,43378,2099215,15188905.0,2012
0,20,17,38,5403,279027,2386834.0,2012
0,21,13,22,4511,251293,1758178.0,2012
0,22,12,33,3648,185793,1892302.0,2012
0,23,8,35,0,0,0.0,2012
0,24,5,29,0,0,0.0,2012
0,25,12,35,0,0,0.0,2012
0,26,21,112,22421,1243446,10309134.0,2012
0,1,284,333,26252,1153336,9246815.0,2012
0,2,55,55,114,5808,46159.0,2012
0,3,32,32,210,7984,57655.0,2012
0,4,26,26,297,10571,89524.0,2012
0,5,15,15,230,7769,52663.0,2012
0,6,128,128,851,32132,246001.0,2012
0,7,15,15,323,11417,66683.0,2012
0,8,11,11,292,9110,59992.0,2012
0,9,9,9,267,12670,85404.0,2012
0,10,5,5,179,7775,52626.0,2012
0,11,11,11,514,17734,119851.0,2012
0,12,22,22,1217,54129,354428.0,2012
0,13,16,16,1181,45685,286858.0,2012
0,14,12,12,1325,61457,362266.0,2012
0,15,8,12,1064,54474,375040.0,2012
0,16,13,15,2691,104474,808032.0,2012
0,17,7,13,1702,67231,486238.0,2012
0,18,1,4,0,0,0.0,2012
0,19,258,273,12117,498058,3465625.0,2012
0,20,4,12,1890,85516,755676.0,2012
0,21,4,6,1892,98359,591740.0,2012
0,22,2,9,0,0,0.0,2012
0,23,1,3,0,0,0.0,2012
0,24,4,6,0,0,0.0,2012
0,25,3,4,0,0,0.0,2012
0,26,8,20,4715,229329,1736653.0,2012
0,1,326,427,33044,1726186,13660770.0,2012
0,2,46,46,95,7088,57721.0,2012
0,3,32,32,224,13162,75271.0,2012
0,4,21,21,238,9726,66132.0,2012
0,5,26,26,443,20578,113576.0,2012
0,6,125,125,1000,50554,312700.0,2012
0,7,19,19,415,18235,117753.0,2012
0,8,10,10,0,11551,81003.0,2012
0,9,15,15,451,16291,101378.0,2012
0,10,10,11,352,14949,95949.0,2012
0,11,13,13,507,26228,153184.0,2012
0,12,27,28,1493,79296,539068.0,2012
0,13,12,13,992,45490,365381.0,2012
0,14,17,20,1721,78878,692147.0,2012
0,15,12,18,1669,93472,631273.0,2012
0,16,12,13,2000,106343,740170.0,2012
0,17,5,6,871,54869,251990.0,2012
0,18,3,4,0,0,0.0,2012
0,19,280,295,12306,622471,4349264.0,2012
0,20,8,15,2416,140170,1097859.0,2012
0,21,9,10,1794,101574,770743.0,2012
0,22,4,4,371,18342,136236.0,2012
0,23,7,19,2420,102658,1051149.0,2012
0,24,2,7,0,0,0.0,2012
0,25,4,19,0,0,0.0,2012
0,26,12,58,10564,567165,4761148.0,2012
0,1,479,580,36750,2024156,17338690.0,2012
0,2,100,100,217,9419,78880.0,2012
0,3,72,72,469,20639,140292.0,2012
0,4,35,35,407,18237,117079.0,2012
0,5,20,20,341,14564,85581.0,2012
0,6,227,227,1434,62859,421832.0,2012
0,7,22,22,475,19189,122865.0,2012
0,8,17,17,427,18018,107688.0,2012
0,9,11,11,0,17757,98326.0,2012
0,10,12,12,424,16297,104977.0,2012
0,11,14,14,600,27312,202168.0,2012
0,12,34,39,1978,95570,585190.0,2012
0,13,12,12,817,44115,346392.0,2012
0,14,32,42,3404,198638,1517182.0,2012
0,15,10,14,1138,50823,374936.0,2012
0,16,19,25,2917,144661,1374605.0,2012
0,17,10,15,2299,132686,1079830.0,2012
0,18,9,18,2676,150761,1038025.0,2012
0,19,429,468,18955,978686,7374016.0,2012
0,20,8,11,1097,53341,533299.0,2012
0,21,4,6,825,51360,395695.0,2012
0,22,10,20,2357,125658,1271604.0,2012
0,23,4,13,0,0,0.0,2012
0,24,3,16,0,0,0.0,2012
0,25,7,12,1291,84356,782053.0,2012
0,26,14,34,0,0,0.0,2012
0,1,664,883,39212,1835708,15413583.0,2012
0,2,157,157,293,17706,136663.0,2012
0,3,79,79,544,25347,227012.0,2012
0,4,50,50,589,25019,157712.0,2012
0,5,38,38,636,24623,165754.0,2012
0,6,324,324,2062,92695,687141.0,2012
0,7,27,28,555,20554,115686.0,2012
0,8,28,28,742,33575,214496.0,2012
0,9,26,27,776,33319,186421.0,2012
0,10,12,12,445,18307,99629.0,2012
0,11,34,36,1469,61082,336946.0,2012
0,12,39,48,2153,99933,586693.0,2012
0,13,15,18,1134,57177,472392.0,2012
0,14,31,42,2925,124440,795501.0,2012
0,15,18,26,2214,94606,650260.0,2012
0,16,25,51,3643,155620,1382038.0,2012
0,17,9,20,1843,101469,677785.0,2012
0,18,6,9,693,30833,0.0,2012
0,19,594,669,20654,923610,6634303.0,2012
0,20,9,14,1633,82462,621254.0,2012
0,21,6,26,1879,65735,666115.0,2012
0,22,13,51,4124,194330,2090361.0,2012
0,23,8,22,1159,54950,540468.0,2012
0,24,7,10,1432,74015,463941.0,2012
0,25,9,56,2925,141314,1618180.0,2012
0,26,18,35,0,0,0.0,2012
0,1,365,406,18478,908069,6123789.0,2012
0,2,96,96,178,10405,64329.0,2012
0,3,48,48,319,12126,59234.0,2012
0,4,24,24,275,10952,47542.0,2012
0,5,19,19,318,12399,56353.0,2012
0,6,187,187,1090,45882,227458.0,2012
0,7,14,14,309,11827,53278.0,2012
0,8,12,12,321,15911,58734.0,2012
0,9,15,15,461,19249,82624.0,2012
0,10,6,6,232,11786,67728.0,2012
0,11,17,19,732,30533,116017.0,2012
0,12,19,22,1061,53777,249396.0,2012
0,13,6,6,418,15543,72068.0,2012
0,14,10,13,871,39697,175752.0,2012
0,15,15,18,1789,75660,395092.0,2012
0,16,14,17,1819,79361,380825.0,2012
0,17,6,11,1100,71885,333099.0,2012
0,18,3,4,0,0,0.0,2012
0,19,324,344,10621,491996,2522363.0,2012
0,20,6,11,990,52316,401615.0,2012
0,21,4,6,0,0,0.0,2012
0,22,7,9,1100,55027,319294.0,2012
0,23,2,6,0,0,0.0,2012
0,24,5,7,0,44403,0.0,2012
0,25,4,4,0,0,0.0,2012
0,26,13,19,0,0,0.0,2012
0,1,302,477,20734,927639,9289794.0,2012
0,2,61,61,115,7301,72334.0,2012
0,3,31,31,225,13221,167778.0,2012
0,4,26,26,314,14067,110170.0,2012
0,5,19,19,318,12224,109401.0,2012
0,6,137,137,972,46813,459683.0,2012
0,7,13,14,246,8727,62408.0,2012
0,8,16,16,421,17664,155762.0,2012
0,9,11,12,315,14070,103797.0,2012
0,10,6,6,213,6521,31901.0,2012
0,11,17,17,737,30549,220929.0,2012
0,12,20,26,1092,46156,337297.0,2012
0,13,9,12,716,41634,400324.0,2012
0,14,21,29,2054,84743,619749.0,2012
0,15,3,8,0,0,0.0,2012
0,16,11,34,1824,76259,1001213.0,2012
0,17,3,9,743,29584,0.0,2012
0,18,3,5,275,9948,119023.0,2012
0,19,270,325,10033,431614,4111940.0,2012
0,20,3,3,643,30146,219639.0,2012
0,21,2,20,0,0,0.0,2012
0,22,6,42,3024,139303,1771067.0,2012
0,23,6,16,0,37140,0.0,2012
0,24,3,3,0,0,0.0,2012
0,25,5,52,2513,121030,1448883.0,2012
0,26,7,16,0,0,0.0,2012
0,1,223,238,10555,520234,3320960.0,2012
0,2,70,70,133,6648,40215.0,2012
0,3,39,39,261,7881,51312.0,2012
0,4,14,14,152,5500,26422.0,2012
0,5,12,12,213,8267,36868.0,2012
0,6,135,135,759,28296,154817.0,2012
0,7,15,15,324,12174,74393.0,2012
0,8,6,6,152,6826,35377.0,2012
0,9,2,2,0,0,0.0,2012
0,10,3,3,113,5378,27153.0,2012
0,11,4,4,0,0,0.0,2012
0,12,11,11,654,24076,172859.0,2012
0,13,2,2,0,0,0.0,2012
0,14,13,18,1276,61450,343245.0,2012
0,15,6,9,612,28698,200280.0,2012
0,16,2,2,0,0,0.0,2012
0,17,2,2,0,0,0.0,2012
0,19,201,209,5121,225482,1387081.0,2012
0,20,3,5,0,0,0.0,2012
0,21,3,4,0,0,0.0,2012
0,22,5,5,968,42401,299642.0,2012
0,23,1,1,0,0,0.0,2012
0,24,1,2,0,0,0.0,2012
0,25,1,1,0,0,0.0,2012
0,26,8,11,2473,140757,0.0,2012
0,1,223,238,10555,520234,3320960.0,2012
0,2,70,70,133,6648,40215.0,2012
0,3,39,39,261,7881,51312.0,2012
0,4,14,14,152,5500,26422.0,2012
0,5,12,12,213,8267,36868.0,2012
0,6,135,135,759,28296,154817.0,2012
0,7,15,15,324,12174,74393.0,2012
0,8,6,6,152,6826,35377.0,2012
0,9,2,2,0,0,0.0,2012
0,10,3,3,113,5378,27153.0,2012
0,11,4,4,0,0,0.0,2012
0,12,11,11,654,24076,172859.0,2012
0,13,2,2,0,0,0.0,2012
0,14,13,18,1276,61450,343245.0,2012
0,15,6,9,612,28698,200280.0,2012
0,16,2,2,0,0,0.0,2012
0,17,2,2,0,0,0.0,2012
0,19,201,209,5121,225482,1387081.0,2012
0,20,3,5,0,0,0.0,2012
0,21,3,4,0,0,0.0,2012
0,22,5,5,968,42401,299642.0,2012
0,23,1,1,0,0,0.0,2012
0,24,1,2,0,0,0.0,2012
0,25,1,1,0,0,0.0,2012
0,26,8,11,2473,140757,0.0,2012
0,1,303,436,23492,963392,8317430.0,2012
0,2,71,71,110,6525,58001.0,2012
0,3,42,42,297,13314,113543.0,2012
0,4,24,24,278,11991,98587.0,2012
0,5,23,23,404,14939,103630.0,2012
0,6,160,160,1089,46769,373761.0,2012
0,7,15,15,321,14082,99159.0,2012
0,8,11,11,282,10611,77774.0,2012
0,9,8,8,252,12423,73108.0,2012
0,10,16,16,566,23510,123916.0,2012
0,11,9,10,381,15096,82813.0,2012
0,12,16,18,896,36109,229080.0,2012
0,13,5,6,327,11803,70642.0,2012
0,14,15,20,1617,70118,405295.0,2012
0,15,5,7,234,9208,56311.0,2012
0,16,7,33,1243,57972,404749.0,2012
0,17,6,26,1153,45366,333048.0,2012
0,18,1,2,0,0,0.0,2012
0,19,274,332,8791,368005,2397796.0,2012
0,20,4,5,268,12438,163851.0,2012
0,21,5,10,0,0,0.0,2012
0,22,2,2,0,0,0.0,2012
0,23,3,24,0,0,0.0,2012
0,24,1,1,0,0,0.0,2012
0,25,7,19,1227,42700,282538.0,2012
0,26,7,43,9729,397853,4326049.0,2012
0,1,303,436,23492,963392,8317430.0,2012
0,2,71,71,110,6525,58001.0,2012
0,3,42,42,297,13314,113543.0,2012
0,4,24,24,278,11991,98587.0,2012
0,5,23,23,404,14939,103630.0,2012
0,6,160,160,1089,46769,373761.0,2012
0,7,15,15,321,14082,99159.0,2012
0,8,11,11,282,10611,77774.0,2012
0,9,8,8,252,12423,73108.0,2012
0,10,16,16,566,23510,123916.0,2012
0,11,9,10,381,15096,82813.0,2012
0,12,16,18,896,36109,229080.0,2012
0,13,5,6,327,11803,70642.0,2012
0,14,15,20,1617,70118,405295.0,2012
0,15,5,7,234,9208,56311.0,2012
0,16,7,33,1243,57972,404749.0,2012
0,17,6,26,1153,45366,333048.0,2012
0,18,1,2,0,0,0.0,2012
0,19,274,332,8791,368005,2397796.0,2012
0,20,4,5,268,12438,163851.0,2012
0,21,5,10,0,0,0.0,2012
0,22,2,2,0,0,0.0,2012
0,23,3,24,0,0,0.0,2012
0,24,1,1,0,0,0.0,2012
0,25,7,19,1227,42700,282538.0,2012
0,26,7,43,9729,397853,4326049.0,2012
0,1,446,637,28814,1221502,9787482.0,2012
0,2,79,79,157,8224,52407.0,2012
0,3,69,69,463,17770,132228.0,2012
0,4,33,33,385,13092,87057.0,2012
0,5,30,30,490,17146,92057.0,2012
0,6,211,211,1495,56232,363749.0,2012
0,7,23,23,515,20737,98778.0,2012
0,8,18,19,476,15890,96751.0,2012
0,9,18,18,567,21100,139272.0,2012
0,10,10,10,340,9737,47590.0,2012
0,11,19,21,778,28010,121606.0,2012
0,12,30,33,1761,83091,451876.0,2012
0,13,15,21,1237,51907,275384.0,2012
0,14,24,34,2230,98303,559365.0,2012
0,15,11,17,1614,69237,316186.0,2012
0,16,11,20,1612,75188,505637.0,2012
0,17,8,16,1250,52024,281537.0,2012
0,19,398,443,13875,581456,3257731.0,2012
0,20,13,45,3077,145441,1295196.0,2012
0,21,6,19,1121,61928,486366.0,2012
0,22,5,25,2291,95202,820615.0,2012
0,23,4,10,821,27491,272590.0,2012
0,24,1,1,0,0,0.0,2012
0,25,4,51,0,0,0.0,2012
0,26,15,43,3156,149123,2352195.0,2012
0,1,446,637,28814,1221502,9787482.0,2012
0,2,79,79,157,8224,52407.0,2012
0,3,69,69,463,17770,132228.0,2012
0,4,33,33,385,13092,87057.0,2012
0,5,30,30,490,17146,92057.0,2012
0,6,211,211,1495,56232,363749.0,2012
0,7,23,23,515,20737,98778.0,2012
0,8,18,19,476,15890,96751.0,2012
0,9,18,18,567,21100,139272.0,2012
0,10,10,10,340,9737,47590.0,2012
0,11,19,21,778,28010,121606.0,2012
0,12,30,33,1761,83091,451876.0,2012
0,13,15,21,1237,51907,275384.0,2012
0,14,24,34,2230,98303,559365.0,2012
0,15,11,17,1614,69237,316186.0,2012
0,16,11,20,1612,75188,505637.0,2012
0,17,8,16,1250,52024,281537.0,2012
0,19,398,443,13875,581456,3257731.0,2012
0,20,13,45,3077,145441,1295196.0,2012
0,21,6,19,1121,61928,486366.0,2012
0,22,5,25,2291,95202,820615.0,2012
0,23,4,10,821,27491,272590.0,2012
0,24,1,1,0,0,0.0,2012
0,25,4,51,0,0,0.0,2012
0,26,15,43,3156,149123,2352195.0,2012
0,1,186,458,32347,1420538,12832991.0,2012
0,2,30,30,63,3436,25689.0,2012
0,3,11,11,75,2987,25489.0,2012
0,4,11,11,118,4659,33097.0,2012
0,5,9,9,154,7226,54983.0,2012
0,6,61,61,410,18308,139258.0,2012
0,7,8,8,154,7148,36199.0,2012
0,8,7,7,186,8510,65489.0,2012
0,9,6,6,189,6211,48732.0,2012
0,10,11,11,0,12812,91070.0,2012
0,11,13,13,511,27612,183429.0,2012
0,12,20,21,1181,41264,243359.0,2012
0,13,6,8,531,17653,130704.0,2012
0,14,15,20,1596,60716,403562.0,2012
0,15,4,5,526,13308,56649.0,2012
0,16,7,11,1101,36562,173916.0,2012
0,17,5,6,1114,57745,205376.0,2012
0,19,163,177,7884,307849,1777743.0,2012
0,20,5,34,1805,94465,930730.0,2012
0,21,5,30,2943,127961,1182281.0,2012
0,23,1,16,0,0,0.0,2012
0,24,1,57,0,0,0.0,2012
0,25,5,79,0,0,0.0,2012
0,26,6,65,7294,336357,3250456.0,2012
0,1,186,458,32347,1420538,12832991.0,2012
0,2,30,30,63,3436,25689.0,2012
0,3,11,11,75,2987,25489.0,2012
0,4,11,11,118,4659,33097.0,2012
0,5,9,9,154,7226,54983.0,2012
0,6,61,61,410,18308,139258.0,2012
0,7,8,8,154,7148,36199.0,2012
0,8,7,7,186,8510,65489.0,2012
0,9,6,6,189,6211,48732.0,2012
0,10,11,11,0,12812,91070.0,2012
0,11,13,13,511,27612,183429.0,2012
0,12,20,21,1181,41264,243359.0,2012
0,13,6,8,531,17653,130704.0,2012
0,14,15,20,1596,60716,403562.0,2012
0,15,4,5,526,13308,56649.0,2012
0,16,7,11,1101,36562,173916.0,2012
0,17,5,6,1114,57745,205376.0,2012
0,19,163,177,7884,307849,1777743.0,2012
0,20,5,34,1805,94465,930730.0,2012
0,21,5,30,2943,127961,1182281.0,2012
0,23,1,16,0,0,0.0,2012
0,24,1,57,0,0,0.0,2012
0,25,5,79,0,0,0.0,2012
0,26,6,65,7294,336357,3250456.0,2012
0,1,5858,6766,341699,14193775,83628483.0,2012
0,2,1473,1474,2769,140790,775419.0,2012
0,3,1015,1016,6874,253293,1256018.0,2012
0,4,564,565,6617,249634,1206665.0,2012
0,5,391,392,6521,244199,1101694.0,2012
0,6,3443,3447,22781,887916,4339796.0,2012
0,7,243,246,5357,212270,945640.0,2012
0,8,200,203,5345,225824,998606.0,2012
0,9,163,166,5036,207296,928206.0,2012
0,10,133,136,4831,190388,866726.0,2012
0,11,213,222,9183,366276,1581438.0,2012
0,12,333,352,19107,751752,3787040.0,2012
0,13,191,220,15243,603814,2981305.0,2012
0,14,229,263,23601,929763,4697339.0,2012
0,15,126,173,17344,709068,3593972.0,2012
0,16,153,240,29063,1166765,6072002.0,2012
0,17,68,114,15408,629552,3796305.0,2012
0,18,44,81,11773,492867,2832357.0,2012
0,19,5539,5863,184072,7373551,37420732.0,2012
0,20,79,135,22198,924728,6406835.0,2012
0,21,44,104,16247,687493,4584770.0,2012
0,22,45,139,22917,1047069,6134688.0,2012
0,23,24,77,12384,484477,3638417.0,2012
0,24,16,38,6425,308087,1814415.0,2012
0,25,41,126,16812,686513,4746023.0,2012
0,26,70,284,60644,2681857,18882603.0,2012
0,1,368,398,14013,531376,2998270.0,2012
0,2,96,96,198,6620,39613.0,2012
0,3,73,73,501,18234,81090.0,2012
0,4,37,37,414,13046,52117.0,2012
0,5,29,30,471,15105,52953.0,2012
0,6,235,236,1584,53005,225773.0,2012
0,7,12,13,237,8541,33914.0,2012
0,8,12,12,318,19724,63269.0,2012
0,9,9,9,295,12289,59964.0,2012
0,10,6,6,198,7058,36003.0,2012
0,11,20,21,862,28683,124282.0,2012
0,12,20,21,1239,47347,266610.0,2012
0,13,7,8,632,23390,107130.0,2012
0,14,11,13,1029,40275,207499.0,2012
0,15,12,13,1446,48379,285300.0,2012
0,16,6,6,1076,34958,163639.0,2012
0,17,6,11,960,33497,200172.0,2012
0,19,356,369,9876,357146,1773555.0,2012
0,20,4,5,486,13280,76174.0,2012
0,22,3,8,0,0,0.0,2012
0,25,2,2,0,0,0.0,2012
0,26,3,14,0,0,0.0,2012
0,1,5498,6368,327686,13662399,80630213.0,2012
0,2,1377,1378,2571,134170,735806.0,2012
0,3,942,943,6373,235059,1174928.0,2012
0,4,527,528,6203,236588,1154548.0,2012
0,5,362,362,6050,229094,1048741.0,2012
0,6,3208,3211,21197,834911,4114023.0,2012
0,7,231,233,5120,203729,911726.0,2012
0,8,188,191,5027,206100,935337.0,2012
0,9,154,157,4741,195007,868242.0,2012
0,10,127,130,4633,183330,830723.0,2012
0,11,193,201,8321,337593,1457156.0,2012
0,12,313,331,17868,704405,3520430.0,2012
0,13,184,212,14611,580424,2874175.0,2012
0,14,218,250,22572,889488,4489840.0,2012
0,15,116,160,15898,660689,3308672.0,2012
0,16,149,234,27987,1131807,5908363.0,2012
0,17,64,103,14448,596055,3596133.0,2012
0,18,44,81,11773,492867,2832357.0,2012
0,19,5189,5494,174196,7016405,35647177.0,2012
0,20,75,130,21712,911448,6330661.0,2012
0,21,44,104,16247,687493,4584770.0,2012
0,22,42,131,21476,985502,5714157.0,2012
0,23,24,77,12384,484477,3638417.0,2012
0,24,16,38,6425,308087,1814415.0,2012
0,25,40,124,16638,680265,4690644.0,2012
0,26,68,270,58608,2588722,18209972.0,2012
0,1,1523,1930,125633,6092560,44347322.0,2012
0,2,388,388,787,30216,158565.0,2012
0,3,228,228,1520,56016,268519.0,2012
0,4,139,139,1614,61815,309791.0,2012
0,5,81,81,1369,59523,279006.0,2012
0,6,836,836,5290,207570,1015881.0,2012
0,7,55,56,1109,40885,208026.0,2012
0,8,59,61,1498,66227,274563.0,2012
0,9,44,45,1231,54753,260154.0,2012
0,10,40,44,1419,62495,306179.0,2012
0,11,44,46,1791,71980,316366.0,2012
0,12,96,108,5047,227835,1119250.0,2012
0,13,51,68,3762,167579,917043.0,2012
0,14,57,73,5280,200279,1135420.0,2012
0,15,46,65,5500,235233,1742523.0,2012
0,16,55,89,6780,291492,2304222.0,2012
0,17,20,45,4354,197389,1450225.0,2012
0,18,15,27,2392,102400,596238.0,2012
0,19,1418,1563,45453,1926117,11646090.0,2012
0,20,17,38,3566,137355,864833.0,2012
0,21,17,42,4419,196485,1664089.0,2012
0,22,12,47,3936,193995,1543939.0,2012
0,23,6,12,0,0,0.0,2012
0,24,6,11,2920,145897,1057800.0,2012
0,25,19,60,12867,561531,4740591.0,2012
0,26,28,157,50109,2834210,22227878.0,2012
0,1,387,529,50480,2775507,21744359.0,2012
0,2,117,117,245,5982,37122.0,2012
0,3,59,59,403,11402,69744.0,2012
0,4,38,38,425,14808,91795.0,2012
0,5,18,18,0,11296,70492.0,2012
0,6,232,232,1400,43488,269153.0,2012
0,7,14,14,254,8601,54409.0,2012
0,8,12,12,266,10949,71916.0,2012
0,9,8,8,170,7825,0.0,2012
0,10,8,8,238,9119,55953.0,2012
0,11,8,8,282,10903,68416.0,2012
0,12,18,23,670,27218,182174.0,2012
0,13,13,15,633,27210,176374.0,2012
0,14,15,19,764,27171,134986.0,2012
0,15,9,14,324,11486,345022.0,2012
0,16,21,31,996,47559,1024092.0,2012
0,17,2,2,0,0,0.0,2012
0,18,4,10,526,21047,104365.0,2012
0,19,364,396,6596,254924,2604367.0,2012
0,20,3,7,0,0,0.0,2012
0,21,7,16,0,0,0.0,2012
0,22,1,17,0,0,0.0,2012
0,23,1,2,0,0,0.0,2012
0,24,1,1,0,0,0.0,2012
0,25,2,4,0,0,0.0,2012
0,26,8,86,38782,2277936,16495547.0,2012
0,1,79,111,43806,2530451,20236688.0,2012
0,2,20,20,0,1290,8541.0,2012
0,3,13,13,88,2542,16641.0,2012
0,4,4,4,46,1937,12540.0,2012
0,5,1,1,0,0,0.0,2012
0,6,38,38,195,6249,40826.0,2012
0,8,1,1,0,0,0.0,2012
0,9,1,1,0,0,0.0,2012
0,10,2,2,0,0,0.0,2012
0,11,3,3,126,4510,29192.0,2012
0,12,4,4,0,5302,63760.0,2012
0,13,4,5,0,0,0.0,2012
0,14,3,3,239,9901,44710.0,2012
0,15,3,3,111,3977,297033.0,2012
0,16,5,5,543,32265,0.0,2012
0,17,1,1,0,0,0.0,2012
0,18,1,1,0,0,0.0,2012
0,19,66,67,2213,100008,1642902.0,2012
0,21,3,4,0,0,0.0,2012
0,24,1,1,0,0,0.0,2012
0,25,2,4,0,0,0.0,2012
0,26,7,35,37569,2227242,16196927.0,2012
0,1,312,418,6674,245056,1507671.0,2012
0,2,97,97,201,4692,28581.0,2012
0,3,46,46,315,8860,53103.0,2012
0,4,34,34,379,12871,79255.0,2012
0,5,17,17,0,10816,67388.0,2012
0,6,194,194,1205,37239,228327.0,2012
0,7,14,14,254,8601,54409.0,2012
0,8,11,11,236,10030,65974.0,2012
0,9,7,7,159,7086,0.0,2012
0,10,6,6,155,5619,33308.0,2012
0,11,5,5,156,6393,39224.0,2012
0,12,14,19,467,21916,118414.0,2012
0,13,9,10,246,8593,48595.0,2012
0,14,12,16,525,17270,90276.0,2012
0,15,7,11,0,0,0.0,2012
0,16,16,26,453,15294,116040.0,2012
0,17,1,1,0,0,0.0,2012
0,18,3,9,0,0,0.0,2012
0,19,299,329,4383,154916,961465.0,2012
0,20,3,7,0,0,0.0,2012
0,21,4,12,0,0,0.0,2012
0,22,1,17,0,0,0.0,2012
0,23,1,2,0,0,0.0,2012
0,26,4,51,0,50694,298620.0,2012
0,1,182,253,17494,797341,4994913.0,2012
0,2,40,40,64,2852,15623.0,2012
0,3,29,29,198,9515,48855.0,2012
0,4,17,17,187,10385,57342.0,2012
0,5,9,9,154,6792,30196.0,2012
0,6,95,95,603,29544,152016.0,2012
0,7,4,4,90,4833,0.0,2012
0,8,4,4,0,0,0.0,2012
0,9,2,3,0,0,0.0,2012
0,10,5,7,0,8604,51538.0,2012
0,11,3,3,137,6710,18973.0,2012
0,12,15,16,793,35906,222611.0,2012
0,13,9,16,665,33658,187865.0,2012
0,14,2,3,0,0,0.0,2012
0,15,7,7,897,40086,214318.0,2012
0,16,6,8,720,24622,129807.0,2012
0,17,4,5,902,42859,306487.0,2012
0,18,1,1,0,0,0.0,2012
0,19,157,172,5429,245198,1498724.0,2012
0,20,1,2,0,0,0.0,2012
0,21,3,9,0,0,0.0,2012
0,22,5,23,2715,142683,778470.0,2012
0,23,1,2,0,0,0.0,2012
0,24,1,1,0,0,0.0,2012
0,25,5,19,5004,206167,1310622.0,2012
0,26,9,25,3367,153654,1122477.0,2012
0,1,182,253,17494,797341,4994913.0,2012
0,2,40,40,64,2852,15623.0,2012
0,3,29,29,198,9515,48855.0,2012
0,4,17,17,187,10385,57342.0,2012
0,5,9,9,154,6792,30196.0,2012
0,6,95,95,603,29544,152016.0,2012
0,7,4,4,90,4833,0.0,2012
0,8,4,4,0,0,0.0,2012
0,9,2,3,0,0,0.0,2012
0,10,5,7,0,8604,51538.0,2012
0,11,3,3,137,6710,18973.0,2012
0,12,15,16,793,35906,222611.0,2012
0,13,9,16,665,33658,187865.0,2012
0,14,2,3,0,0,0.0,2012
0,15,7,7,897,40086,214318.0,2012
0,16,6,8,720,24622,129807.0,2012
0,17,4,5,902,42859,306487.0,2012
0,18,1,1,0,0,0.0,2012
0,19,157,172,5429,245198,1498724.0,2012
0,20,1,2,0,0,0.0,2012
0,21,3,9,0,0,0.0,2012
0,22,5,23,2715,142683,778470.0,2012
0,23,1,2,0,0,0.0,2012
0,24,1,1,0,0,0.0,2012
0,25,5,19,5004,206167,1310622.0,2012
0,26,9,25,3367,153654,1122477.0,2012
0,1,977,1148,57659,2519712,17608050.0,2012
0,2,231,231,478,21382,105820.0,2012
0,3,140,140,919,35099,149920.0,2012
0,4,84,84,1002,36622,160654.0,2012
0,5,54,54,888,41435,178318.0,2012
0,6,509,509,3287,134538,594712.0,2012
0,7,37,38,765,27451,122014.0,2012
0,8,43,45,1116,51045,180995.0,2012
0,9,34,34,998,44873,182464.0,2012
0,10,27,29,1019,44772,198688.0,2012
0,11,33,35,1372,54367,228977.0,2012
0,12,64,69,3584,164711,714465.0,2012
0,13,31,37,2464,106711,552804.0,2012
0,14,40,51,4286,162973,863430.0,2012
0,15,31,44,4279,183661,1183183.0,2012
0,16,30,50,5064,219311,1150323.0,2012
0,17,15,38,3379,152182,1085248.0,2012
0,18,10,16,1815,79400,485696.0,2012
0,19,904,995,33428,1425995,7542999.0,2012
0,20,13,29,3039,110846,711524.0,2012
0,21,8,17,2185,102459,894824.0,2012
0,22,6,7,916,40085,0.0,2012
0,23,4,8,0,0,0.0,2012
0,24,5,9,1942,95418,731363.0,2012
0,25,17,37,6003,251433,1847559.0,2012
0,26,20,46,7960,402620,4609854.0,2012
0,1,395,455,27809,1160803,7080242.0,2012
0,2,78,78,184,7306,31760.0,2012
0,3,47,47,317,12246,47630.0,2012
0,4,39,39,457,17447,85231.0,2012
0,5,19,19,319,14652,50854.0,2012
0,6,183,183,1277,51651,215475.0,2012
0,7,19,20,384,12828,49341.0,2012
0,8,21,21,540,27229,87604.0,2012
0,9,15,15,455,21009,71790.0,2012
0,10,11,11,423,20757,76039.0,2012
0,11,12,13,471,16924,66950.0,2012
0,12,33,35,1898,76311,332684.0,2012
0,13,12,14,1046,43707,189553.0,2012
0,14,16,21,1860,67621,297942.0,2012
0,15,11,13,1456,55458,242474.0,2012
0,16,17,19,2609,107585,520792.0,2012
0,17,8,16,1945,84197,751805.0,2012
0,18,5,7,1357,57135,264133.0,2012
0,19,363,388,15721,642412,3166582.0,2012
0,20,5,9,0,0,0.0,2012
0,21,4,6,0,52259,320524.0,2012
0,22,1,1,0,0,0.0,2012
0,23,3,6,0,0,0.0,2012
0,24,3,6,1472,73076,546817.0,2012
0,25,10,20,0,0,0.0,2012
0,26,6,19,2285,102532,755464.0,2012
0,1,597,693,29850,1358909,10527808.0,2012
0,2,153,153,294,14076,74060.0,2012
0,3,93,93,602,22853,102290.0,2012
0,4,45,45,545,19175,75423.0,2012
0,5,35,35,569,26783,127464.0,2012
0,6,326,326,2010,82887,379237.0,2012
0,7,18,18,381,14623,72673.0,2012
0,8,22,24,576,23816,93391.0,2012
0,9,19,19,543,23864,110674.0,2012
0,10,16,18,596,24015,122649.0,2012
0,11,21,22,901,37443,162027.0,2012
0,12,31,34,1686,88400,381781.0,2012
0,13,19,23,1418,63004,363251.0,2012
0,14,25,30,2426,95352,565488.0,2012
0,15,20,31,2823,128203,940709.0,2012
0,16,17,31,2455,111726,629531.0,2012
0,17,8,22,1434,67985,333443.0,2012
0,18,7,9,458,22265,221563.0,2012
0,19,549,607,17707,783583,4376417.0,2012
0,20,9,20,1317,60429,470884.0,2012
0,21,4,11,0,0,0.0,2012
0,22,5,6,423,18632,144151.0,2012
0,23,1,2,0,0,0.0,2012
0,24,2,3,0,0,0.0,2012
0,25,10,17,2811,104336,798123.0,2012
0,26,17,27,5675,300088,3854390.0,2012
0,1,9717,15242,344902,16423614,98546953.0,2012
0,2,3485,3487,6535,260295,1292895.0,2012
0,3,1839,1851,12355,453439,2168797.0,2012
0,4,1003,1027,11727,449981,2083961.0,2012
0,5,637,684,10498,430197,1929971.0,2012
0,6,6964,7049,41115,1593912,7475624.0,2012
0,7,445,504,9539,410172,1879450.0,2012
0,8,300,346,7826,320152,1504377.0,2012
0,9,257,327,7826,345330,1736146.0,2012
0,10,229,298,7786,352401,1714829.0,2012
0,11,260,378,10771,467556,2097783.0,2012
0,12,346,563,18217,832214,3967505.0,2012
0,13,189,419,13793,623001,3117843.0,2012
0,14,200,495,18912,866179,4440082.0,2012
0,15,109,352,12709,565789,2743521.0,2012
0,16,88,424,12964,637818,3938241.0,2012
0,17,49,193,8705,401197,2325911.0,2012
0,18,40,202,8187,438530,2238525.0,2012
0,19,9476,11550,178350,7854251,39179837.0,2012
0,20,51,439,16325,761079,5117757.0,2012
0,21,25,380,6622,318572,2272006.0,2012
0,22,40,321,15118,733892,4727635.0,2012
0,23,20,257,13622,755653,6147800.0,2012
0,24,16,302,11431,567792,2940537.0,2012
0,25,38,393,33344,1705752,10320082.0,2012
0,26,51,1600,70090,3726623,27841299.0,2012
0,1,1052,1241,34081,1453712,7241635.0,2012
0,2,495,495,854,19877,81953.0,2012
0,3,138,138,954,30051,129167.0,2012
0,4,70,71,860,27980,112820.0,2012
0,5,40,40,640,26464,98494.0,2012
0,6,743,744,3308,104372,422434.0,2012
0,7,33,34,689,27023,133043.0,2012
0,8,28,29,736,27204,144986.0,2012
0,9,27,27,860,36350,128935.0,2012
0,10,20,22,666,30032,135743.0,2012
0,11,29,31,1220,46865,173508.0,2012
0,12,33,36,1664,69181,252970.0,2012
0,13,25,35,1798,72968,371899.0,2012
0,14,30,39,2904,134918,562541.0,2012
0,15,15,18,1550,56879,228793.0,2012
0,16,6,8,1002,49792,315138.0,2012
0,17,10,19,1531,66361,285604.0,2012
0,18,4,12,0,0,0.0,2012
0,19,1003,1054,18822,770722,3531972.0,2012
0,20,9,35,2384,102148,586000.0,2012
0,21,2,2,0,0,0.0,2012
0,22,10,29,2993,114603,670959.0,2012
0,23,3,6,929,47441,317571.0,2012
0,24,5,28,0,0,0.0,2012
0,25,6,17,837,42212,268374.0,2012
0,26,14,70,5850,241600,1318851.0,2012
0,1,636,655,13096,512091,2131885.0,2012
0,2,390,390,665,13080,50909.0,2012
0,3,78,78,542,12928,62213.0,2012
0,4,37,38,473,12526,48745.0,2012
0,5,21,21,338,12472,35087.0,2012
0,6,526,527,2018,51006,196954.0,2012
0,7,12,12,254,7793,21870.0,2012
0,8,13,13,340,9122,32720.0,2012
0,9,9,9,298,12547,34821.0,2012
0,10,9,9,301,8956,26240.0,2012
0,11,12,12,503,16396,52176.0,2012
0,12,8,8,328,12889,43952.0,2012
0,13,9,10,676,26791,94823.0,2012
0,14,12,13,1204,54043,178532.0,2012
0,15,3,4,0,0,0.0,2012
0,16,2,2,0,0,0.0,2012
0,17,1,1,0,0,0.0,2012
0,18,1,1,0,0,0.0,2012
0,19,617,621,6745,225589,759060.0,2012
0,20,2,3,0,0,0.0,2012
0,21,1,1,0,0,0.0,2012
0,22,5,5,1566,53901,216470.0,2012
0,23,1,1,0,0,0.0,2012
0,24,2,9,0,0,0.0,2012
0,25,3,8,0,25233,110983.0,2012
0,26,5,7,0,0,0.0,2012
0,1,636,655,13096,512091,2131885.0,2012
0,2,390,390,665,13080,50909.0,2012
0,3,78,78,542,12928,62213.0,2012
0,4,37,38,473,12526,48745.0,2012
0,5,21,21,338,12472,35087.0,2012
0,6,526,527,2018,51006,196954.0,2012
0,7,12,12,254,7793,21870.0,2012
0,8,13,13,340,9122,32720.0,2012
0,9,9,9,298,12547,34821.0,2012
0,10,9,9,301,8956,26240.0,2012
0,11,12,12,503,16396,52176.0,2012
0,12,8,8,328,12889,43952.0,2012
0,13,9,10,676,26791,94823.0,2012
0,14,12,13,1204,54043,178532.0,2012
0,15,3,4,0,0,0.0,2012
0,16,2,2,0,0,0.0,2012
0,17,1,1,0,0,0.0,2012
0,18,1,1,0,0,0.0,2012
0,19,617,621,6745,225589,759060.0,2012
0,20,2,3,0,0,0.0,2012
0,21,1,1,0,0,0.0,2012
0,22,5,5,1566,53901,216470.0,2012
0,23,1,1,0,0,0.0,2012
0,24,2,9,0,0,0.0,2012
0,25,3,8,0,25233,110983.0,2012
0,26,5,7,0,0,0.0,2012
0,1,417,586,20985,941621,5109750.0,2012
0,2,105,105,189,6797,31044.0,2012
0,3,60,60,412,17123,66954.0,2012
0,4,33,33,387,15454,64075.0,2012
0,5,19,19,302,13992,63407.0,2012
0,6,217,217,1290,53366,225480.0,2012
0,7,21,22,435,19230,111173.0,2012
0,8,15,16,396,18082,112266.0,2012
0,9,18,18,562,23803,94114.0,2012
0,10,11,13,365,21076,109503.0,2012
0,11,17,19,717,30469,121332.0,2012
0,12,25,28,1336,56292,209018.0,2012
0,13,16,25,1122,46177,277076.0,2012
0,14,18,26,1700,80875,384009.0,2012
0,15,12,14,1180,44951,198903.0,2012
0,16,4,6,735,41387,283208.0,2012
0,17,9,18,1414,62099,276653.0,2012
0,18,3,11,0,0,0.0,2012
0,19,386,433,12077,545133,2772912.0,2012
0,20,7,32,1399,59694,263070.0,2012
0,21,1,1,0,0,0.0,2012
0,22,5,24,0,0,0.0,2012
0,23,2,5,0,0,0.0,2012
0,24,3,19,0,0,0.0,2012
0,25,4,9,363,16979,157391.0,2012
0,26,9,63,3918,167388,950809.0,2012
0,1,417,586,20985,941621,5109750.0,2012
0,2,105,105,189,6797,31044.0,2012
0,3,60,60,412,17123,66954.0,2012
0,4,33,33,387,15454,64075.0,2012
0,5,19,19,302,13992,63407.0,2012
0,6,217,217,1290,53366,225480.0,2012
0,7,21,22,435,19230,111173.0,2012
0,8,15,16,396,18082,112266.0,2012
0,9,18,18,562,23803,94114.0,2012
0,10,11,13,365,21076,109503.0,2012
0,11,17,19,717,30469,121332.0,2012
0,12,25,28,1336,56292,209018.0,2012
0,13,16,25,1122,46177,277076.0,2012
0,14,18,26,1700,80875,384009.0,2012
0,15,12,14,1180,44951,198903.0,2012
0,16,4,6,735,41387,283208.0,2012
0,17,9,18,1414,62099,276653.0,2012
0,18,3,11,0,0,0.0,2012
0,19,386,433,12077,545133,2772912.0,2012
0,20,7,32,1399,59694,263070.0,2012
0,21,1,1,0,0,0.0,2012
0,22,5,24,0,0,0.0,2012
0,23,2,5,0,0,0.0,2012
0,24,3,19,0,0,0.0,2012
0,25,4,9,363,16979,157391.0,2012
0,26,9,63,3918,167388,950809.0,2012
0,1,1535,1808,82764,4105815,23181486.0,2012
0,2,753,753,1315,45852,213847.0,2012
0,3,245,247,1560,55184,217162.0,2012
0,4,108,108,1271,45540,169509.0,2012
0,5,66,69,1087,44706,145196.0,2012
0,6,1172,1177,5233,191282,745714.0,2012
0,7,47,48,1007,43312,180290.0,2012
0,8,28,28,756,28300,112765.0,2012
0,9,21,21,680,30026,108050.0,2012
0,10,22,22,771,36572,119680.0,2012
0,11,35,36,1538,75544,271374.0,2012
0,12,39,44,2128,91376,427612.0,2012
0,13,28,28,2126,93649,507561.0,2012
0,14,30,38,3185,132492,564132.0,2012
0,15,19,29,2673,120679,502249.0,2012
0,16,10,17,1943,84021,357516.0,2012
0,17,8,12,698,36305,205349.0,2012
0,18,8,13,0,0,0.0,2012
0,19,1467,1513,24079,1030496,4354511.0,2012
0,20,8,19,2805,131792,644730.0,2012
0,21,5,14,1496,78383,402564.0,2012
0,22,10,20,3355,174109,1228511.0,2012
0,23,5,13,3024,137066,696776.0,2012
0,24,3,15,0,0,0.0,2012
0,25,17,99,23879,1239879,7513936.0,2012
0,26,20,115,21509,1197873,7836379.0,2012
0,1,1535,1808,82764,4105815,23181486.0,2012
0,2,753,753,1315,45852,213847.0,2012
0,3,245,247,1560,55184,217162.0,2012
0,4,108,108,1271,45540,169509.0,2012
0,5,66,69,1087,44706,145196.0,2012
0,6,1172,1177,5233,191282,745714.0,2012
0,7,47,48,1007,43312,180290.0,2012
0,8,28,28,756,28300,112765.0,2012
0,9,21,21,680,30026,108050.0,2012
0,10,22,22,771,36572,119680.0,2012
0,11,35,36,1538,75544,271374.0,2012
0,12,39,44,2128,91376,427612.0,2012
0,13,28,28,2126,93649,507561.0,2012
0,14,30,38,3185,132492,564132.0,2012
0,15,19,29,2673,120679,502249.0,2012
0,16,10,17,1943,84021,357516.0,2012
0,17,8,12,698,36305,205349.0,2012
0,18,8,13,0,0,0.0,2012
0,19,1467,1513,24079,1030496,4354511.0,2012
0,20,8,19,2805,131792,644730.0,2012
0,21,5,14,1496,78383,402564.0,2012
0,22,10,20,3355,174109,1228511.0,2012
0,23,5,13,3024,137066,696776.0,2012
0,24,3,15,0,0,0.0,2012
0,25,17,99,23879,1239879,7513936.0,2012
0,26,20,115,21509,1197873,7836379.0,2012
0,1,63,85,8990,455845,3168243.0,2012
0,2,22,22,0,0,0.0,2012
0,3,2,2,0,0,0.0,2012
0,4,6,6,0,2755,12586.0,2012
0,6,30,30,116,5062,22194.0,2012
0,7,3,3,0,0,0.0,2012
0,8,2,2,0,0,0.0,2012
0,9,3,3,98,2877,12065.0,2012
0,10,1,1,0,0,0.0,2012
0,11,4,4,158,14963,57180.0,2012
0,12,2,2,0,0,0.0,2012
0,13,2,2,0,0,0.0,2012
0,14,2,2,0,0,0.0,2012
0,15,2,2,0,0,0.0,2012
0,17,1,1,0,0,0.0,2012
0,19,52,52,1254,68482,304331.0,2012
0,20,1,1,0,0,0.0,2012
0,22,1,1,0,0,0.0,2012
0,24,1,1,0,0,0.0,2012
0,25,4,16,3429,163005,1102857.0,2012
0,26,4,14,3478,184202,1530868.0,2012
0,1,407,442,13434,646838,3337290.0,2012
0,2,215,215,359,13005,59349.0,2012
0,3,76,76,486,16334,80150.0,2012
0,4,32,32,375,13796,48869.0,2012
0,5,12,14,185,8583,34091.0,2012
0,6,335,337,1405,51718,222459.0,2012
0,7,7,7,155,7025,38196.0,2012
0,8,7,7,0,8540,22917.0,2012
0,9,3,3,95,5761,25499.0,2012
0,10,5,5,189,11229,46900.0,2012
0,11,7,7,311,11288,53615.0,2012
0,12,4,4,0,0,0.0,2012
0,13,3,3,0,4812,14196.0,2012
0,14,5,8,563,21377,76782.0,2012
0,15,1,2,0,0,0.0,2012
0,16,3,4,188,7153,26002.0,2012
0,17,1,2,0,0,0.0,2012
0,18,2,5,0,0,0.0,2012
0,19,383,394,4186,165896,755207.0,2012
0,20,1,1,0,0,0.0,2012
0,21,4,6,0,0,0.0,2012
0,22,1,1,0,0,0.0,2012
0,23,2,3,0,0,0.0,2012
0,24,2,3,0,0,0.0,2012
0,25,5,6,0,0,0.0,2012
0,26,9,28,4753,268023,1673091.0,2012
0,1,33,74,0,0,0.0,2012
0,2,7,7,0,406,2087.0,2012
0,3,4,4,0,0,0.0,2012
0,4,2,2,0,0,0.0,2012
0,5,2,2,0,0,0.0,2012
0,6,15,15,0,3290,12870.0,2012
0,7,2,2,0,0,0.0,2012
0,10,1,1,0,0,0.0,2012
0,12,1,1,0,0,0.0,2012
0,14,1,1,0,0,0.0,2012
0,15,1,1,0,0,0.0,2012
0,16,2,3,0,0,0.0,2012
0,17,1,1,0,0,0.0,2012
0,18,1,3,0,0,0.0,2012
0,19,25,28,1605,82651,351418.0,2012
0,20,1,1,0,0,0.0,2012
0,23,1,2,0,0,0.0,2012
0,25,2,22,0,0,0.0,2012
0,26,4,21,0,0,0.0,2012
0,1,1057,1207,45335,2120586,11414507.0,2012
0,2,509,509,904,30449,143982.0,2012
0,3,163,165,1045,37421,131235.0,2012
0,4,68,68,804,27690,103516.0,2012
0,5,53,53,867,35652,109458.0,2012
0,6,793,795,3620,131212,488191.0,2012
0,7,35,36,750,31027,118230.0,2012
0,8,19,19,505,17502,80639.0,2012
0,9,15,15,487,21388,70486.0,2012
0,10,15,15,509,22861,64355.0,2012
0,11,25,25,1069,49293,160579.0,2012
0,12,32,37,1783,76062,311319.0,2012
0,13,23,23,1809,81287,451234.0,2012
0,14,23,27,2355,102638,451457.0,2012
0,15,15,24,2185,93638,387747.0,2012
0,16,8,10,1276,52126,231708.0,2012
0,17,5,8,0,0,0.0,2012
0,18,5,5,0,0,0.0,2012
0,19,1013,1039,17034,713467,2943555.0,2012
0,20,6,16,2014,99723,537197.0,2012
0,21,2,8,0,0,0.0,2012
0,22,9,18,2768,143519,1021985.0,2012
0,23,4,8,0,0,0.0,2012
0,24,1,11,0,0,0.0,2012
0,25,11,55,12628,594421,3689939.0,2012
0,26,11,52,7331,408573,2410467.0,2012
0,1,4392,8759,147222,6921107,40892329.0,2012
0,2,1193,1195,2251,119911,654799.0,2012
0,3,878,888,5955,227740,1180186.0,2012
0,4,520,542,6117,250618,1261885.0,2012
0,5,344,384,5724,242136,1171758.0,2012
0,6,2935,3009,20047,840405,4268628.0,2012
0,7,247,299,5288,232830,1101252.0,2012
0,8,161,202,4177,175660,844059.0,2012
0,9,144,211,4343,188326,984656.0,2012
0,10,133,194,4539,212195,1040856.0,2012
0,11,143,252,5731,253049,1239180.0,2012
0,12,191,381,9972,476036,2369465.0,2012
0,13,99,310,7000,336550,1750550.0,2012
0,14,102,356,9443,440141,2362426.0,2012
0,15,54,269,5827,269979,1416621.0,2012
0,16,54,349,7457,368377,2402914.0,2012
0,17,22,139,4339,201473,1124351.0,2012
0,18,16,152,3538,164068,939817.0,2012
0,19,4301,6123,91701,4159089,21844775.0,2012
0,20,25,293,7543,338295,1947758.0,2012
0,21,10,343,3403,157188,1463834.0,2012
0,22,13,249,7281,374037,2242474.0,2012
0,23,8,158,4839,275624,2288314.0,2012
0,24,8,233,5878,293407,1681036.0,2012
0,25,11,162,4626,249689,1340886.0,2012
0,26,16,1198,21951,1073778,8083252.0,2012
0,1,122,240,12617,792859,5986837.0,2012
0,2,30,30,48,2588,15483.0,2012
0,3,17,18,115,4023,26143.0,2012
0,4,12,14,140,5460,34445.0,2012
0,5,8,8,132,5250,31306.0,2012
0,6,67,70,435,17321,107377.0,2012
0,7,4,4,0,0,0.0,2012
0,8,1,1,0,0,0.0,2012
0,9,1,1,0,0,0.0,2012
0,10,6,11,187,8728,39596.0,2012
0,11,1,1,0,0,0.0,2012
0,12,3,9,0,0,0.0,2012
0,13,2,2,0,0,0.0,2012
0,14,3,4,0,11384,0.0,2012
0,16,7,12,0,0,0.0,2012
0,17,1,1,0,0,0.0,2012
0,18,1,1,0,0,0.0,2012
0,19,97,117,1880,91097,783625.0,2012
0,20,4,7,593,36188,229985.0,2012
0,21,4,6,0,0,0.0,2012
0,22,5,19,1912,113337,874141.0,2012
0,23,2,10,0,0,0.0,2012
0,24,3,16,1725,115261,661205.0,2012
0,25,1,8,0,0,0.0,2012
0,26,6,57,3722,232730,1982807.0,2012
0,1,122,240,12617,792859,5986837.0,2012
0,2,30,30,48,2588,15483.0,2012
0,3,17,18,115,4023,26143.0,2012
0,4,12,14,140,5460,34445.0,2012
0,5,8,8,132,5250,31306.0,2012
0,6,67,70,435,17321,107377.0,2012
0,7,4,4,0,0,0.0,2012
0,8,1,1,0,0,0.0,2012
0,9,1,1,0,0,0.0,2012
0,10,6,11,187,8728,39596.0,2012
0,11,1,1,0,0,0.0,2012
0,12,3,9,0,0,0.0,2012
0,13,2,2,0,0,0.0,2012
0,14,3,4,0,11384,0.0,2012
0,16,7,12,0,0,0.0,2012
0,17,1,1,0,0,0.0,2012
0,18,1,1,0,0,0.0,2012
0,19,97,117,1880,91097,783625.0,2012
0,20,4,7,593,36188,229985.0,2012
0,21,4,6,0,0,0.0,2012
0,22,5,19,1912,113337,874141.0,2012
0,23,2,10,0,0,0.0,2012
0,24,3,16,1725,115261,661205.0,2012
0,25,1,8,0,0,0.0,2012
0,26,6,57,3722,232730,1982807.0,2012
0,1,2115,5377,66196,3162252,20360217.0,2012
0,2,487,489,893,54263,356335.0,2012
0,3,386,394,2639,107361,643329.0,2012
0,4,267,284,3174,134649,786427.0,2012
0,5,169,194,2823,129792,681373.0,2012
0,6,1309,1361,9529,426065,2467464.0,2012
0,7,134,174,2853,127564,660242.0,2012
0,8,91,126,2325,97309,536164.0,2012
0,9,79,138,2320,103332,601472.0,2012
0,10,71,119,2319,120400,657047.0,2012
0,11,87,183,3371,162923,876150.0,2012
0,12,99,241,4975,246329,1323732.0,2012
0,13,59,234,3754,188786,1090506.0,2012
0,14,52,247,4269,222352,1210842.0,2012
0,15,30,192,2098,103910,710514.0,2012
0,16,31,255,3837,182690,1099981.0,2012
0,17,10,94,1654,82028,517831.0,2012
0,18,10,113,1372,78690,544456.0,2012
0,19,2062,3477,44676,2142378,12296401.0,2012
0,20,14,202,2495,123209,728970.0,2012
0,21,8,324,2486,101414,1051282.0,2012
0,22,7,209,3469,166462,973329.0,2012
0,23,4,104,1590,86854,668788.0,2012
0,24,6,176,0,99473,632502.0,2012
0,25,5,113,0,0,0.0,2012
0,26,9,772,7680,362199,3499333.0,2012
0,1,2115,5377,66196,3162252,20360217.0,2012
0,2,487,489,893,54263,356335.0,2012
0,3,386,394,2639,107361,643329.0,2012
0,4,267,284,3174,134649,786427.0,2012
0,5,169,194,2823,129792,681373.0,2012
0,6,1309,1361,9529,426065,2467464.0,2012
0,7,134,174,2853,127564,660242.0,2012
0,8,91,126,2325,97309,536164.0,2012
0,9,79,138,2320,103332,601472.0,2012
0,10,71,119,2319,120400,657047.0,2012
0,11,87,183,3371,162923,876150.0,2012
0,12,99,241,4975,246329,1323732.0,2012
0,13,59,234,3754,188786,1090506.0,2012
0,14,52,247,4269,222352,1210842.0,2012
0,15,30,192,2098,103910,710514.0,2012
0,16,31,255,3837,182690,1099981.0,2012
0,17,10,94,1654,82028,517831.0,2012
0,18,10,113,1372,78690,544456.0,2012
0,19,2062,3477,44676,2142378,12296401.0,2012
0,20,14,202,2495,123209,728970.0,2012
0,21,8,324,2486,101414,1051282.0,2012
0,22,7,209,3469,166462,973329.0,2012
0,23,4,104,1590,86854,668788.0,2012
0,24,6,176,0,99473,632502.0,2012
0,25,5,113,0,0,0.0,2012
0,26,9,772,7680,362199,3499333.0,2012
0,1,657,1169,23125,1068420,5904785.0,2012
0,2,139,139,241,11880,70398.0,2012
0,3,133,134,893,36271,191542.0,2012
0,4,66,69,742,30491,147419.0,2012
0,5,53,64,884,37807,192306.0,2012
0,6,391,406,2760,116449,601665.0,2012
0,7,43,45,884,41241,198855.0,2012
0,8,22,24,545,26511,117825.0,2012
0,9,20,20,624,26601,135635.0,2012
0,10,20,20,640,26609,127679.0,2012
0,11,22,23,824,34089,148841.0,2012
0,12,36,55,1628,80411,412933.0,2012
0,13,16,34,850,38505,211192.0,2012
0,14,19,38,1234,54653,374456.0,2012
0,15,13,41,1169,60415,264087.0,2012
0,16,11,53,1471,73537,474542.0,2012
0,17,6,15,324,15904,93675.0,2012
0,18,5,19,656,28373,136623.0,2012
0,19,624,793,13609,623298,3298008.0,2012
0,20,8,15,599,26678,165634.0,2012
0,21,2,7,0,0,0.0,2012
0,22,2,2,0,0,0.0,2012
0,23,3,22,0,0,0.0,2012
0,24,5,26,0,43128,254249.0,2012
0,25,4,19,0,0,0.0,2012
0,26,9,285,6259,308966,1820964.0,2012
0,1,511,817,14896,682736,3891212.0,2012
0,2,118,118,197,10172,63135.0,2012
0,3,107,108,726,28573,155200.0,2012
0,4,51,54,575,22191,113128.0,2012
0,5,44,53,721,30752,163765.0,2012
0,6,320,333,2219,91688,495228.0,2012
0,7,30,32,607,28311,137843.0,2012
0,8,21,23,522,25975,116231.0,2012
0,9,15,15,475,20382,99220.0,2012
0,10,14,14,415,18309,92374.0,2012
0,11,11,12,0,18027,80318.0,2012
0,12,24,40,1030,46829,260213.0,2012
0,13,11,25,509,21192,137643.0,2012
0,14,13,27,815,34834,282186.0,2012
0,15,8,28,929,49302,199178.0,2012
0,16,10,46,1192,62506,419746.0,2012
0,17,5,9,120,5602,36065.0,2012
0,18,4,10,427,15774,69335.0,2012
0,19,486,614,9655,438731,2425580.0,2012
0,20,6,13,453,20441,133480.0,2012
0,22,2,2,0,0,0.0,2012
0,23,2,4,0,0,0.0,2012
0,24,5,26,0,43128,254249.0,2012
0,25,3,18,0,0,0.0,2012
0,26,7,140,0,0,0.0,2012
0,1,157,352,8229,385684,2013573.0,2012
0,2,21,21,44,1708,7263.0,2012
0,3,26,26,167,7698,36342.0,2012
0,4,15,15,167,8300,34291.0,2012
0,5,11,11,163,7055,28541.0,2012
0,6,73,73,541,24761,106437.0,2012
0,7,13,13,277,12930,61012.0,2012
0,8,1,1,0,0,0.0,2012
0,9,5,5,149,6219,36415.0,2012
0,10,6,6,225,8300,35305.0,2012
0,11,11,11,429,16062,68523.0,2012
0,12,12,15,598,33582,152720.0,2012
0,13,5,9,0,0,0.0,2012
0,14,7,11,419,19819,92270.0,2012
0,15,7,13,240,11113,64909.0,2012
0,16,1,7,0,0,0.0,2012
0,17,1,6,0,0,0.0,2012
0,18,3,9,0,12599,67288.0,2012
0,19,145,179,3954,184567,872428.0,2012
0,20,2,2,0,0,0.0,2012
0,21,2,7,0,0,0.0,2012
0,23,1,18,0,0,0.0,2012
0,25,1,1,0,0,0.0,2012
0,26,6,145,3581,163989,916776.0,2012
0,1,1633,1973,45284,1897576,8640490.0,2012
0,2,537,537,1069,51180,212583.0,2012
0,3,342,342,2308,80085,319172.0,2012
0,4,175,175,2061,80018,293594.0,2012
0,5,114,118,1885,69287,266773.0,2012
0,6,1168,1172,7323,280570,1092122.0,2012
0,7,70,76,1480,60120,208963.0,2012
0,8,48,51,1283,51415,187379.0,2012
0,9,45,52,1368,57177,240822.0,2012
0,10,41,44,1393,56458,216534.0,2012
0,11,37,45,1532,55796,212232.0,2012
0,12,61,76,3309,148126,626297.0,2012
0,13,32,40,2312,104343,420157.0,2012
0,14,37,67,3698,151752,707600.0,2012
0,15,20,36,2560,105654,442020.0,2012
0,16,14,29,0,0,0.0,2012
0,17,12,29,2303,101087,489870.0,2012
0,18,6,19,1313,51283,224695.0,2012
0,19,1591,1736,31536,1302316,5466741.0,2012
0,20,12,69,3856,152220,823169.0,2012
0,21,2,6,0,0,0.0,2012
0,22,4,19,0,0,0.0,2012
0,23,5,22,1594,83070,0.0,2012
0,24,2,15,0,0,0.0,2012
0,25,8,22,0,57930,278791.0,2012
0,26,9,84,4290,169883,780148.0,2012
0,1,1633,1973,45284,1897576,8640490.0,2012
0,2,537,537,1069,51180,212583.0,2012
0,3,342,342,2308,80085,319172.0,2012
0,4,175,175,2061,80018,293594.0,2012
0,5,114,118,1885,69287,266773.0,2012
0,6,1168,1172,7323,280570,1092122.0,2012
0,7,70,76,1480,60120,208963.0,2012
0,8,48,51,1283,51415,187379.0,2012
0,9,45,52,1368,57177,240822.0,2012
0,10,41,44,1393,56458,216534.0,2012
0,11,37,45,1532,55796,212232.0,2012
0,12,61,76,3309,148126,626297.0,2012
0,13,32,40,2312,104343,420157.0,2012
0,14,37,67,3698,151752,707600.0,2012
0,15,20,36,2560,105654,442020.0,2012
0,16,14,29,0,0,0.0,2012
0,17,12,29,2303,101087,489870.0,2012
0,18,6,19,1313,51283,224695.0,2012
0,19,1591,1736,31536,1302316,5466741.0,2012
0,20,12,69,3856,152220,823169.0,2012
0,21,2,6,0,0,0.0,2012
0,22,4,19,0,0,0.0,2012
0,23,5,22,1594,83070,0.0,2012
0,24,2,15,0,0,0.0,2012
0,25,8,22,0,57930,278791.0,2012
0,26,9,84,4290,169883,780148.0,2012
0,1,177,306,12151,680247,6076068.0,2012
0,2,61,61,101,3586,31530.0,2012
0,3,34,34,213,7677,71061.0,2012
0,4,17,17,200,5887,41138.0,2012
0,5,11,12,169,5638,28825.0,2012
0,6,123,124,683,22788,172554.0,2012
0,7,3,3,60,2775,0.0,2012
0,8,9,9,241,11424,54953.0,2012
0,9,2,2,0,0,0.0,2012
0,10,2,2,0,0,0.0,2012
0,11,1,1,0,0,0.0,2012
0,12,6,6,267,11609,104002.0,2012
0,14,3,3,0,0,0.0,2012
0,15,2,2,0,0,0.0,2012
0,16,1,5,0,0,0.0,2012
0,17,1,1,0,0,0.0,2012
0,18,1,1,0,0,0.0,2012
0,19,154,159,2156,89535,684268.0,2012
0,20,3,19,1290,75841,726820.0,2012
0,21,1,1,0,0,0.0,2012
0,22,1,1,0,0,0.0,2012
0,23,7,68,4110,240076,2383761.0,2012
0,24,2,2,0,0,0.0,2012
0,25,1,2,0,0,0.0,2012
0,26,8,54,4410,261425,2176761.0,2012
0,1,33,91,4316,253893,2324150.0,2012
0,2,8,8,11,576,6490.0,2012
0,4,1,1,0,0,0.0,2012
0,5,2,3,0,0,0.0,2012
0,6,11,12,45,1832,18760.0,2012
0,8,3,3,81,3532,27598.0,2012
0,9,1,1,0,0,0.0,2012
0,12,2,2,0,0,0.0,2012
0,14,2,2,0,0,0.0,2012
0,15,1,1,0,0,0.0,2012
0,16,1,5,0,0,0.0,2012
0,17,1,1,0,0,0.0,2012
0,18,1,1,0,0,0.0,2012
0,19,23,28,848,41695,379831.0,2012
0,20,3,19,1290,75841,726820.0,2012
0,23,4,40,2017,123366,1119659.0,2012
0,25,1,2,0,0,0.0,2012
0,26,2,2,0,0,0.0,2012
0,1,33,91,4316,253893,2324150.0,2012
0,2,8,8,11,576,6490.0,2012
0,4,1,1,0,0,0.0,2012
0,5,2,3,0,0,0.0,2012
0,6,11,12,45,1832,18760.0,2012
0,8,3,3,81,3532,27598.0,2012
0,9,1,1,0,0,0.0,2012
0,12,2,2,0,0,0.0,2012
0,14,2,2,0,0,0.0,2012
0,15,1,1,0,0,0.0,2012
0,16,1,5,0,0,0.0,2012
0,17,1,1,0,0,0.0,2012
0,18,1,1,0,0,0.0,2012
0,19,23,28,848,41695,379831.0,2012
0,20,3,19,1290,75841,726820.0,2012
0,23,4,40,2017,123366,1119659.0,2012
0,25,1,2,0,0,0.0,2012
0,26,2,2,0,0,0.0,2012
0,1,144,215,7835,426354,3751918.0,2012
0,2,53,53,90,3010,25040.0,2012
0,3,34,34,213,7677,71061.0,2012
0,4,16,16,185,5225,35065.0,2012
0,5,9,9,150,5044,22628.0,2012
0,6,112,112,638,20956,153794.0,2012
0,7,3,3,60,2775,0.0,2012
0,8,6,6,160,7892,27355.0,2012
0,9,1,1,0,0,0.0,2012
0,10,2,2,0,0,0.0,2012
0,11,1,1,0,0,0.0,2012
0,12,4,4,173,5120,39505.0,2012
0,14,1,1,0,0,0.0,2012
0,15,1,1,0,0,0.0,2012
0,19,131,131,1308,47840,304437.0,2012
0,21,1,1,0,0,0.0,2012
0,22,1,1,0,0,0.0,2012
0,23,3,28,0,0,0.0,2012
0,24,2,2,0,0,0.0,2012
0,26,6,52,4265,251313,2099031.0,2012
0,1,144,215,7835,426354,3751918.0,2012
0,2,53,53,90,3010,25040.0,2012
0,3,34,34,213,7677,71061.0,2012
0,4,16,16,185,5225,35065.0,2012
0,5,9,9,150,5044,22628.0,2012
0,6,112,112,638,20956,153794.0,2012
0,7,3,3,60,2775,0.0,2012
0,8,6,6,160,7892,27355.0,2012
0,9,1,1,0,0,0.0,2012
0,10,2,2,0,0,0.0,2012
0,11,1,1,0,0,0.0,2012
0,12,4,4,173,5120,39505.0,2012
0,14,1,1,0,0,0.0,2012
0,15,1,1,0,0,0.0,2012
0,19,131,131,1308,47840,304437.0,2012
0,21,1,1,0,0,0.0,2012
0,22,1,1,0,0,0.0,2012
0,23,3,28,0,0,0.0,2012
0,24,2,2,0,0,0.0,2012
0,26,6,52,4265,251313,2099031.0,2012
0,1,2665,3128,68684,3262733,21155435.0,2012
0,2,983,983,2014,71069,310766.0,2012
0,3,544,544,3673,132787,571221.0,2012
0,4,288,289,3279,119956,498609.0,2012
0,5,177,179,2878,111253,485698.0,2012
0,6,1992,1995,11844,435065,1866294.0,2012
0,7,115,120,2495,104232,445511.0,2012
0,8,74,78,1916,77564,347614.0,2012
0,9,63,66,1878,87336,472310.0,2012
0,10,54,58,1738,71066,409511.0,2012
0,11,55,58,2245,90859,403311.0,2012
0,12,81,96,4186,184012,813456.0,2012
0,13,39,46,2869,119834,487833.0,2012
0,14,42,59,3127,148487,900086.0,2012
0,15,21,34,2488,109644,558277.0,2012
0,16,20,45,2332,124246,725432.0,2012
0,17,10,22,2132,96805,707277.0,2012
0,18,15,24,2342,155259,627399.0,2012
0,19,2581,2701,41592,1804409,8764311.0,2012
0,20,14,73,0,113003,1212449.0,2012
0,21,11,20,1262,61741,278322.0,2012
0,22,9,22,0,0,0.0,2012
0,23,5,12,720,55446,461378.0,2012
0,24,9,24,986,34519,254453.0,2012
0,25,11,113,0,171093,1176776.0,2012
0,26,25,163,16370,951947,8426056.0,2012
0,1,255,299,12975,724573,5516306.0,2012
0,2,57,57,115,5846,32219.0,2012
0,3,39,39,269,13959,77490.0,2012
0,4,34,34,405,16331,72948.0,2012
0,5,24,24,404,19239,86249.0,2012
0,6,154,154,1193,55375,268906.0,2012
0,7,18,18,376,20670,103396.0,2012
0,8,10,10,0,0,0.0,2012
0,9,11,11,298,18276,148891.0,2012
0,10,5,8,140,7994,0.0,2012
0,11,5,7,0,0,0.0,2012
0,12,22,24,1156,51608,245992.0,2012
0,13,5,6,0,0,0.0,2012
0,14,4,5,361,21921,120259.0,2012
0,15,5,5,609,29451,126282.0,2012
0,16,3,6,603,41541,244606.0,2012
0,17,3,7,0,0,0.0,2012
0,18,1,1,0,0,0.0,2012
0,19,246,262,7127,399924,2001709.0,2012
0,20,1,3,0,0,0.0,2012
0,21,2,2,0,0,0.0,2012
0,23,1,2,0,0,0.0,2012
0,26,5,30,0,0,0.0,2012
0,1,255,299,12975,724573,5516306.0,2012
0,2,57,57,115,5846,32219.0,2012
0,3,39,39,269,13959,77490.0,2012
0,4,34,34,405,16331,72948.0,2012
0,5,24,24,404,19239,86249.0,2012
0,6,154,154,1193,55375,268906.0,2012
0,7,18,18,376,20670,103396.0,2012
0,8,10,10,0,0,0.0,2012
0,9,11,11,298,18276,148891.0,2012
0,10,5,8,140,7994,0.0,2012
0,11,5,7,0,0,0.0,2012
0,12,22,24,1156,51608,245992.0,2012
0,13,5,6,0,0,0.0,2012
0,14,4,5,361,21921,120259.0,2012
0,15,5,5,609,29451,126282.0,2012
0,16,3,6,603,41541,244606.0,2012
0,17,3,7,0,0,0.0,2012
0,18,1,1,0,0,0.0,2012
0,19,246,262,7127,399924,2001709.0,2012
0,20,1,3,0,0,0.0,2012
0,21,2,2,0,0,0.0,2012
0,23,1,2,0,0,0.0,2012
0,26,5,30,0,0,0.0,2012
0,1,2414,2829,55709,2538160,15639129.0,2012
0,2,926,926,1899,65223,278547.0,2012
0,3,505,505,3404,118828,493731.0,2012
0,4,254,255,2874,103625,425661.0,2012
0,5,153,155,2474,92014,399449.0,2012
0,6,1838,1841,10651,379690,1597388.0,2012
0,7,98,102,2119,83562,342115.0,2012
0,8,64,68,1682,69240,302962.0,2012
0,9,52,55,1580,69060,323419.0,2012
0,10,49,50,1598,63072,319459.0,2012
0,11,50,51,2006,81262,339876.0,2012
0,12,60,72,3030,132404,567464.0,2012
0,13,34,40,2448,104762,434383.0,2012
0,14,38,54,2766,126566,779827.0,2012
0,15,16,29,1879,80193,431995.0,2012
0,16,17,39,1729,82705,480826.0,2012
0,17,7,15,1064,39132,351137.0,2012
0,18,14,23,1913,92837,491751.0,2012
0,19,2337,2439,34465,1404485,6762602.0,2012
0,20,13,70,1794,89653,1103037.0,2012
0,21,9,18,1174,56166,243877.0,2012
0,22,9,22,0,0,0.0,2012
0,23,4,10,697,54617,448581.0,2012
0,24,9,24,986,34519,254453.0,2012
0,25,11,113,0,171093,1176776.0,2012
0,26,22,133,11142,657052,5068113.0,2012
0,1,1801,1859,24537,936598,3513346.0,2012
0,2,753,753,1558,50576,187908.0,2012
0,3,400,400,2688,90043,323443.0,2012
0,4,203,204,2287,79012,262805.0,2012
0,5,121,123,1971,72736,275005.0,2012
0,6,1477,1480,8504,292367,1049161.0,2012
0,7,69,72,1492,59089,218826.0,2012
0,8,46,49,1226,44604,158080.0,2012
0,9,31,31,959,38472,127798.0,2012
0,10,32,32,1121,42009,160854.0,2012
0,11,36,36,1482,57268,187312.0,2012
0,12,39,42,2009,86905,329158.0,2012
0,13,21,24,1543,57712,180632.0,2012
0,14,19,27,1382,59464,229544.0,2012
0,15,6,9,773,29521,93125.0,2012
0,16,5,8,718,30675,112421.0,2012
0,18,4,5,710,30292,181056.0,2012
0,19,1785,1815,21919,828378,3027967.0,2012
0,20,2,8,0,0,0.0,2012
0,21,3,8,1029,49082,0.0,2012
0,22,3,6,0,0,0.0,2012
0,24,3,7,0,0,0.0,2012
0,25,1,1,0,0,0.0,2012
0,26,4,14,501,21368,64276.0,2012
0,1,153,249,7129,405488,3326599.0,2012
0,2,27,27,0,3195,22368.0,2012
0,3,20,20,0,5494,32258.0,2012
0,4,7,7,82,4271,0.0,2012
0,5,10,10,152,6448,41780.0,2012
0,6,64,64,428,19408,149184.0,2012
0,7,5,6,0,7017,28487.0,2012
0,8,6,6,139,8242,68050.0,2012
0,9,2,2,0,0,0.0,2012
0,10,6,6,0,0,0.0,2012
0,11,4,4,96,4990,34288.0,2012
0,12,7,10,241,9738,53311.0,2012
0,13,6,9,0,24213,121378.0,2012
0,14,6,9,467,18941,119319.0,2012
0,15,4,10,364,14429,147896.0,2012
0,16,7,16,524,27267,215313.0,2012
0,17,2,10,0,0,0.0,2012
0,18,4,4,109,7687,29204.0,2012
0,19,123,156,3451,163361,1233679.0,2012
0,20,4,19,0,0,0.0,2012
0,21,3,7,0,0,0.0,2012
0,22,4,9,198,9708,236948.0,2012
0,23,4,7,662,53143,413379.0,2012
0,24,2,5,0,0,0.0,2012
0,25,5,34,899,54402,293052.0,2012
0,26,8,12,1602,110599,1053452.0,2012
0,1,175,269,13925,738101,4753466.0,2012
0,2,41,41,94,3763,19491.0,2012
0,3,33,33,225,9764,44946.0,2012
0,4,16,16,185,6965,36971.0,2012
0,5,8,8,122,4161,25920.0,2012
0,6,98,98,626,24653,127328.0,2012
0,7,11,11,238,8862,38456.0,2012
0,8,6,6,161,9160,0.0,2012
0,9,7,7,227,11135,47360.0,2012
0,10,3,3,85,3114,14769.0,2012
0,11,7,8,306,13475,91035.0,2012
0,12,6,8,307,14277,57705.0,2012
0,13,3,3,254,14025,98850.0,2012
0,14,6,9,502,22069,113030.0,2012
0,15,2,3,0,0,0.0,2012
0,16,3,5,0,3650,24902.0,2012
0,17,2,2,0,0,0.0,2012
0,18,3,3,0,0,0.0,2012
0,19,157,166,3972,176282,897905.0,2012
0,20,3,27,0,0,0.0,2012
0,21,1,1,0,0,0.0,2012
0,22,2,7,0,0,0.0,2012
0,24,1,2,0,0,0.0,2012
0,25,4,4,0,0,0.0,2012
0,26,7,62,7589,439730,3069601.0,2012
0,1,302,452,10118,457973,4045718.0,2012
0,2,105,105,0,7689,48780.0,2012
0,3,52,52,352,13527,93084.0,2012
0,4,28,28,320,13377,73107.0,2012
0,5,14,14,229,8669,56744.0,2012
0,6,199,199,1093,43262,271715.0,2012
0,7,13,13,271,8594,56346.0,2012
0,8,6,7,156,7234,33485.0,2012
0,9,12,15,339,17696,135776.0,2012
0,10,8,9,263,11670,73875.0,2012
0,11,3,3,122,5529,27241.0,2012
0,12,9,12,0,0,0.0,2012
0,13,4,4,190,8812,33523.0,2012
0,14,7,9,415,26092,317934.0,2012
0,15,5,7,0,0,0.0,2012
0,16,4,10,0,0,0.0,2012
0,17,3,3,0,0,0.0,2012
0,18,4,11,0,0,0.0,2012
0,19,277,302,5123,236464,1603051.0,2012
0,20,5,16,0,0,0.0,2012
0,21,2,2,0,0,0.0,2012
0,23,1,3,0,0,0.0,2012
0,24,4,10,225,11279,109584.0,2012
0,25,4,74,0,0,0.0,2012
0,26,9,45,1450,85355,880784.0,2012
0,1,3801,4716,396045,23536133,269039413.0,2012
0,2,938,941,1748,99764,767168.0,2012
0,3,515,515,3480,157868,1295186.0,2012
0,4,323,323,3794,161345,1039801.0,2012
0,5,205,205,3384,149762,923407.0,2012
0,6,1981,1984,12406,568739,4025562.0,2012
0,7,160,163,3520,149477,1116949.0,2012
0,8,138,139,3590,188390,1616279.0,2012
0,9,86,93,2626,145052,967936.0,2012
0,10,90,90,3218,150107,1356496.0,2012
0,11,144,145,6318,291633,1985421.0,2012
0,12,235,253,13785,648776,5267350.0,2012
0,13,162,184,12666,589143,6080299.0,2012
0,14,181,224,18665,929026,8784241.0,2012
0,15,89,116,13260,628634,9094280.0,2012
0,16,108,145,21311,1065316,8213767.0,2012
0,17,72,101,15745,767612,6518142.0,2012
0,18,43,70,15019,732284,6646550.0,2012
0,19,3489,3707,142129,6854189,61673272.0,2012
0,20,52,121,20327,1021923,9526298.0,2012
0,21,39,76,18222,1062494,12297558.0,2012
0,22,40,123,21153,1198599,15346264.0,2012
0,23,33,93,17405,1059324,12118084.0,2012
0,24,27,103,22460,1482187,19517563.0,2012
0,25,55,155,33827,1922402,25407739.0,2012
0,26,66,338,120522,8935015,113152635.0,2012
0,1,414,562,105309,7983346,113226448.0,2012
0,2,75,75,116,7384,64124.0,2012
0,3,32,32,221,9220,72708.0,2012
0,4,45,45,531,26090,164832.0,2012
0,5,27,27,428,28834,157455.0,2012
0,6,179,179,1296,71528,459119.0,2012
0,7,18,18,410,20606,119908.0,2012
0,8,13,13,346,18733,113221.0,2012
0,9,9,9,288,17460,69475.0,2012
0,10,7,7,256,11165,45136.0,2012
0,11,11,11,493,27125,136142.0,2012
0,12,31,32,1811,100320,1285222.0,2012
0,13,8,8,605,36433,377181.0,2012
0,14,19,26,1742,93412,1087698.0,2012
0,15,12,14,1179,70435,615982.0,2012
0,16,15,16,2643,149864,1698810.0,2012
0,17,14,16,1743,109241,1487670.0,2012
0,18,3,4,0,0,0.0,2012
0,19,339,353,13574,785444,8650791.0,2012
0,20,6,11,1722,125093,1213244.0,2012
0,21,9,15,3363,222612,4009729.0,2012
0,22,12,23,5174,355920,6854676.0,2012
0,23,10,19,5650,378564,4492938.0,2012
0,24,6,13,5128,392305,0.0,2012
0,25,11,16,1986,134127,0.0,2012
0,26,21,112,68712,5589281,79800743.0,2012
0,1,414,562,105309,7983346,113226448.0,2012
0,2,75,75,116,7384,64124.0,2012
0,3,32,32,221,9220,72708.0,2012
0,4,45,45,531,26090,164832.0,2012
0,5,27,27,428,28834,157455.0,2012
0,6,179,179,1296,71528,459119.0,2012
0,7,18,18,410,20606,119908.0,2012
0,8,13,13,346,18733,113221.0,2012
0,9,9,9,288,17460,69475.0,2012
0,10,7,7,256,11165,45136.0,2012
0,11,11,11,493,27125,136142.0,2012
0,12,31,32,1811,100320,1285222.0,2012
0,13,8,8,605,36433,377181.0,2012
0,14,19,26,1742,93412,1087698.0,2012
0,15,12,14,1179,70435,615982.0,2012
0,16,15,16,2643,149864,1698810.0,2012
0,17,14,16,1743,109241,1487670.0,2012
0,18,3,4,0,0,0.0,2012
0,19,339,353,13574,785444,8650791.0,2012
0,20,6,11,1722,125093,1213244.0,2012
0,21,9,15,3363,222612,4009729.0,2012
0,22,12,23,5174,355920,6854676.0,2012
0,23,10,19,5650,378564,4492938.0,2012
0,24,6,13,5128,392305,0.0,2012
0,25,11,16,1986,134127,0.0,2012
0,26,21,112,68712,5589281,79800743.0,2012
0,1,414,562,105309,7983346,113226448.0,2012
0,2,75,75,116,7384,64124.0,2012
0,3,32,32,221,9220,72708.0,2012
0,4,45,45,531,26090,164832.0,2012
0,5,27,27,428,28834,157455.0,2012
0,6,179,179,1296,71528,459119.0,2012
0,7,18,18,410,20606,119908.0,2012
0,8,13,13,346,18733,113221.0,2012
0,9,9,9,288,17460,69475.0,2012
0,10,7,7,256,11165,45136.0,2012
0,11,11,11,493,27125,136142.0,2012
0,12,31,32,1811,100320,1285222.0,2012
0,13,8,8,605,36433,377181.0,2012
0,14,19,26,1742,93412,1087698.0,2012
0,15,12,14,1179,70435,615982.0,2012
0,16,15,16,2643,149864,1698810.0,2012
0,17,14,16,1743,109241,1487670.0,2012
0,18,3,4,0,0,0.0,2012
0,19,339,353,13574,785444,8650791.0,2012
0,20,6,11,1722,125093,1213244.0,2012
0,21,9,15,3363,222612,4009729.0,2012
0,22,12,23,5174,355920,6854676.0,2012
0,23,10,19,5650,378564,4492938.0,2012
0,24,6,13,5128,392305,0.0,2012
0,25,11,16,1986,134127,0.0,2012
0,26,21,112,68712,5589281,79800743.0,2012
0,1,598,723,47669,2662531,26017504.0,2012
0,2,169,169,298,13020,120595.0,2012
0,3,63,63,408,26909,240638.0,2012
0,4,36,36,436,17950,132653.0,2012
0,5,28,28,461,17687,114392.0,2012
0,6,296,296,1603,75566,608278.0,2012
0,7,10,10,220,12412,80452.0,2012
0,8,15,16,363,18446,140233.0,2012
0,9,17,17,498,33149,259857.0,2012
0,10,11,11,398,18100,181435.0,2012
0,11,19,19,843,40238,387528.0,2012
0,12,35,41,1899,103212,756177.0,2012
0,13,31,34,2071,102983,913204.0,2012
0,14,33,40,3398,179638,2059464.0,2012
0,15,16,17,2207,116521,1265927.0,2012
0,16,15,17,2948,156026,1117303.0,2012
0,17,18,22,4278,193859,1702151.0,2012
0,18,5,6,966,39763,204817.0,2012
0,19,521,546,21692,1089913,9676826.0,2012
0,20,16,46,5628,307223,2715465.0,2012
0,21,7,9,1706,121051,1434711.0,2012
0,22,9,28,3258,164274,1722646.0,2012
0,23,11,18,0,0,0.0,2012
0,24,2,2,0,0,0.0,2012
0,25,12,22,6028,407184,3676799.0,2012
0,26,20,52,7037,416049,5199609.0,2012
0,1,212,262,25592,1587715,14371958.0,2012
0,2,39,39,79,4367,25485.0,2012
0,3,20,20,125,4611,19505.0,2012
0,4,14,14,177,7594,39655.0,2012
0,5,14,14,236,10373,43836.0,2012
0,6,87,87,617,26945,128481.0,2012
0,7,3,3,62,4784,19021.0,2012
0,8,5,5,127,7681,39560.0,2012
0,9,3,3,91,9876,69564.0,2012
0,10,5,5,185,11178,125305.0,2012
0,11,6,6,258,11030,62278.0,2012
0,12,13,16,732,45199,274430.0,2012
0,13,10,11,664,33714,273324.0,2012
0,14,14,17,1573,94229,692786.0,2012
0,15,8,8,1295,72148,719683.0,2012
0,16,9,9,1925,110726,781884.0,2012
0,17,7,9,1868,84160,671242.0,2012
0,19,170,179,9397,511670,3857558.0,2012
0,20,8,21,2834,165793,1706836.0,2012
0,21,5,5,902,61347,702505.0,2012
0,22,5,19,0,0,0.0,2012
0,23,6,9,0,0,0.0,2012
0,24,2,2,0,0,0.0,2012
0,25,8,14,4970,343815,2907947.0,2012
0,26,8,13,3988,289602,3045301.0,2012
0,1,212,262,25592,1587715,14371958.0,2012
0,2,39,39,79,4367,25485.0,2012
0,3,20,20,125,4611,19505.0,2012
0,4,14,14,177,7594,39655.0,2012
0,5,14,14,236,10373,43836.0,2012
0,6,87,87,617,26945,128481.0,2012
0,7,3,3,62,4784,19021.0,2012
0,8,5,5,127,7681,39560.0,2012
0,9,3,3,91,9876,69564.0,2012
0,10,5,5,185,11178,125305.0,2012
0,11,6,6,258,11030,62278.0,2012
0,12,13,16,732,45199,274430.0,2012
0,13,10,11,664,33714,273324.0,2012
0,14,14,17,1573,94229,692786.0,2012
0,15,8,8,1295,72148,719683.0,2012
0,16,9,9,1925,110726,781884.0,2012
0,17,7,9,1868,84160,671242.0,2012
0,19,170,179,9397,511670,3857558.0,2012
0,20,8,21,2834,165793,1706836.0,2012
0,21,5,5,902,61347,702505.0,2012
0,22,5,19,0,0,0.0,2012
0,23,6,9,0,0,0.0,2012
0,24,2,2,0,0,0.0,2012
0,25,8,14,4970,343815,2907947.0,2012
0,26,8,13,3988,289602,3045301.0,2012
0,1,396,461,22077,1074816,11645546.0,2012
0,2,130,130,219,8653,95110.0,2012
0,3,43,43,283,22298,221133.0,2012
0,4,22,22,259,10356,92998.0,2012
0,5,14,14,225,7314,70556.0,2012
0,6,209,209,986,48621,479797.0,2012
0,7,7,7,158,7628,61431.0,2012
0,8,10,11,236,10765,100673.0,2012
0,9,14,14,407,23273,190293.0,2012
0,10,6,6,213,6922,56130.0,2012
0,11,13,13,585,29208,0.0,2012
0,12,22,25,1167,58013,481747.0,2012
0,13,21,23,1407,69269,639880.0,2012
0,14,19,23,1825,85409,1366678.0,2012
0,15,8,9,912,44373,546244.0,2012
0,16,7,8,1023,45300,335419.0,2012
0,17,11,13,2410,109699,1030909.0,2012
0,18,5,6,966,39763,204817.0,2012
0,19,352,367,12295,578243,5819268.0,2012
0,20,9,25,2794,141430,0.0,2012
0,21,3,4,0,0,0.0,2012
0,22,5,9,0,0,0.0,2012
0,23,6,9,774,43864,539985.0,2012
0,25,5,8,1058,63369,768852.0,2012
0,26,16,39,3049,126447,2154308.0,2012
0,1,150,167,7836,429874,5991188.0,2012
0,2,39,39,81,3100,44359.0,2012
0,3,14,14,0,0,0.0,2012
0,4,9,9,99,4482,34251.0,2012
0,5,4,4,0,0,0.0,2012
0,6,66,66,338,24155,257456.0,2012
0,7,2,2,0,0,0.0,2012
0,8,4,5,90,3368,47525.0,2012
0,9,4,4,101,8018,80602.0,2012
0,10,1,1,0,0,0.0,2012
0,11,5,5,0,0,0.0,2012
0,12,14,15,737,37897,375710.0,2012
0,13,11,13,780,39057,0.0,2012
0,14,10,11,760,35978,964019.0,2012
0,15,3,3,426,21568,338190.0,2012
0,16,2,2,0,0,0.0,2012
0,17,3,4,0,0,0.0,2012
0,18,3,3,0,0,0.0,2012
0,19,128,134,4314,230006,3262056.0,2012
0,20,5,5,0,0,0.0,2012
0,21,3,4,0,0,0.0,2012
0,22,1,1,0,0,0.0,2012
0,23,4,5,332,19457,263206.0,2012
0,25,1,3,0,0,0.0,2012
0,26,8,15,0,0,0.0,2012
0,1,251,294,14241,644942,5654358.0,2012
0,2,91,91,138,5553,50751.0,2012
0,3,29,29,186,8227,76532.0,2012
0,4,13,13,160,5874,58747.0,2012
0,5,10,10,164,4812,36311.0,2012
0,6,143,143,648,24466,222341.0,2012
0,7,5,5,114,4882,26924.0,2012
0,8,6,6,146,7397,53148.0,2012
0,9,10,10,306,15255,109691.0,2012
0,10,5,5,0,0,0.0,2012
0,11,8,8,339,17399,165730.0,2012
0,12,8,10,430,20116,106037.0,2012
0,13,10,10,627,30212,221548.0,2012
0,14,10,12,0,0,0.0,2012
0,15,5,6,486,22805,208054.0,2012
0,16,5,6,777,34692,255633.0,2012
0,17,8,9,2114,86535,626721.0,2012
0,18,2,3,0,0,0.0,2012
0,19,225,233,7981,348237,2557212.0,2012
0,20,6,20,2387,110529,0.0,2012
0,22,4,8,0,0,0.0,2012
0,23,2,4,0,0,0.0,2012
0,25,4,5,636,32949,0.0,2012
0,26,10,24,1533,68582,1070038.0,2012
0,1,419,546,53797,3019654,36282940.0,2012
0,2,109,109,191,15544,155687.0,2012
0,3,44,44,279,12429,137626.0,2012
0,4,26,26,313,13500,129970.0,2012
0,5,11,11,177,6602,61632.0,2012
0,6,190,190,960,48075,484915.0,2012
0,7,14,14,314,13663,118994.0,2012
0,8,6,6,158,6120,36035.0,2012
0,9,7,8,222,12772,58911.0,2012
0,10,12,12,410,16883,138995.0,2012
0,11,17,17,714,34169,371226.0,2012
0,12,25,27,1432,68364,785789.0,2012
0,13,21,22,1620,73495,695145.0,2012
0,14,23,27,2404,113618,1160065.0,2012
0,15,7,9,1118,61001,777812.0,2012
0,16,16,21,2915,138397,1137662.0,2012
0,17,13,15,2101,87154,1004454.0,2012
0,18,9,15,2221,91812,653146.0,2012
0,19,360,383,16589,765523,7423149.0,2012
0,20,7,11,1966,113107,968325.0,2012
0,21,8,17,4324,242512,2177100.0,2012
0,22,7,11,3505,190786,2500331.0,2012
0,23,8,20,2290,111403,1920482.0,2012
0,24,9,46,8225,537930,0.0,2012
0,25,8,27,5688,278671,3055737.0,2012
0,26,12,31,0,0,0.0,2012
0,1,419,546,53797,3019654,36282940.0,2012
0,2,109,109,191,15544,155687.0,2012
0,3,44,44,279,12429,137626.0,2012
0,4,26,26,313,13500,129970.0,2012
0,5,11,11,177,6602,61632.0,2012
0,6,190,190,960,48075,484915.0,2012
0,7,14,14,314,13663,118994.0,2012
0,8,6,6,158,6120,36035.0,2012
0,9,7,8,222,12772,58911.0,2012
0,10,12,12,410,16883,138995.0,2012
0,11,17,17,714,34169,371226.0,2012
0,12,25,27,1432,68364,785789.0,2012
0,13,21,22,1620,73495,695145.0,2012
0,14,23,27,2404,113618,1160065.0,2012
0,15,7,9,1118,61001,777812.0,2012
0,16,16,21,2915,138397,1137662.0,2012
0,17,13,15,2101,87154,1004454.0,2012
0,18,9,15,2221,91812,653146.0,2012
0,19,360,383,16589,765523,7423149.0,2012
0,20,7,11,1966,113107,968325.0,2012
0,21,8,17,4324,242512,2177100.0,2012
0,22,7,11,3505,190786,2500331.0,2012
0,23,8,20,2290,111403,1920482.0,2012
0,24,9,46,8225,537930,0.0,2012
0,25,8,27,5688,278671,3055737.0,2012
0,26,12,31,0,0,0.0,2012
0,1,53,62,8584,582374,6277200.0,2012
0,2,16,16,28,924,9629.0,2012
0,3,8,8,0,0,0.0,2012
0,4,1,1,0,0,0.0,2012
0,6,25,25,0,3836,37999.0,2012
0,9,1,1,0,0,0.0,2012
0,10,2,2,0,0,0.0,2012
0,11,1,1,0,0,0.0,2012
0,12,5,5,0,11650,0.0,2012
0,13,1,1,0,0,0.0,2012
0,14,2,2,0,0,0.0,2012
0,17,2,2,0,0,0.0,2012
0,18,1,1,0,0,0.0,2012
0,19,40,40,727,37880,398019.0,2012
0,20,1,1,0,0,0.0,2012
0,21,2,2,0,0,0.0,2012
0,22,1,2,0,0,0.0,2012
0,23,2,4,0,0,0.0,2012
0,24,2,3,0,0,0.0,2012
0,26,5,10,0,0,0.0,2012
0,1,92,114,5415,292146,5623100.0,2012
0,2,18,18,0,0,0.0,2012
0,3,7,7,0,1509,26312.0,2012
0,4,6,6,69,3247,36526.0,2012
0,5,3,3,0,2023,30703.0,2012
0,6,34,34,181,9076,124282.0,2012
0,7,3,3,0,0,0.0,2012
0,8,1,1,0,0,0.0,2012
0,9,1,1,0,0,0.0,2012
0,10,3,3,95,3231,55261.0,2012
0,11,8,8,321,13488,163005.0,2012
0,12,9,10,544,24384,424034.0,2012
0,13,6,7,448,29353,362898.0,2012
0,14,3,3,241,14262,333500.0,2012
0,16,6,9,0,0,0.0,2012
0,17,3,4,194,8881,0.0,2012
0,19,77,83,3004,149533,2184402.0,2012
0,22,2,3,0,0,0.0,2012
0,23,5,7,613,29448,1026096.0,2012
0,24,3,15,0,0,0.0,2012
0,25,2,3,0,0,0.0,2012
0,26,3,3,0,0,0.0,2012
0,1,79,103,16122,1056993,15125521.0,2012
0,2,22,22,36,1943,20884.0,2012
0,3,12,12,79,2467,26949.0,2012
0,4,6,6,72,3648,37950.0,2012
0,5,3,3,49,1394,14492.0,2012
0,6,43,43,236,9452,100275.0,2012
0,7,4,4,0,0,0.0,2012
0,8,1,1,0,0,0.0,2012
0,10,2,2,0,0,0.0,2012
0,11,1,1,0,0,0.0,2012
0,12,2,2,0,0,0.0,2012
0,13,1,1,0,0,0.0,2012
0,14,2,2,0,0,0.0,2012
0,15,5,7,760,45145,652862.0,2012
0,16,2,2,0,0,0.0,2012
0,17,2,3,0,0,0.0,2012
0,18,1,1,0,0,0.0,2012
0,19,66,69,2512,136895,1466891.0,2012
0,21,3,7,2494,149049,1267103.0,2012
0,22,1,1,0,0,0.0,2012
0,24,5,16,4235,287763,0.0,2012
0,26,4,10,0,0,0.0,2012
0,1,209,267,23676,1088141,9257119.0,2012
0,2,53,53,0,10380,94433.0,2012
0,3,17,17,113,6423,63425.0,2012
0,4,13,13,157,5723,48064.0,2012
0,5,5,5,0,3185,16437.0,2012
0,6,88,88,452,25711,222359.0,2012
0,7,7,7,156,7012,37505.0,2012
0,8,4,4,110,3890,19748.0,2012
0,9,5,6,166,7550,36224.0,2012
0,10,5,5,0,8999,57192.0,2012
0,11,7,7,307,13222,106029.0,2012
0,12,9,10,539,26099,194832.0,2012
0,13,13,13,1129,41651,312833.0,2012
0,14,17,20,1870,81594,659765.0,2012
0,15,2,2,0,0,0.0,2012
0,16,8,10,1496,67841,469926.0,2012
0,17,6,6,1374,51608,502272.0,2012
0,18,8,13,2191,90182,630202.0,2012
0,19,179,191,10346,441215,3373837.0,2012
0,20,6,10,1459,74979,468766.0,2012
0,21,3,8,0,0,0.0,2012
0,22,3,5,0,0,0.0,2012
0,23,4,9,1376,69024,595142.0,2012
0,24,4,12,0,76956,0.0,2012
0,25,6,24,5149,247196,2830023.0,2012
0,26,4,8,0,0,0.0,2012
0,1,806,1002,61580,3726927,61349445.0,2012
0,2,215,217,421,27704,269821.0,2012
0,3,131,131,880,42020,554888.0,2012
0,4,58,58,680,32977,332357.0,2012
0,5,39,39,635,31027,312898.0,2012
0,6,443,445,2616,133728,1469964.0,2012
0,7,40,41,884,40119,536197.0,2012
0,8,34,34,915,67612,1051090.0,2012
0,9,17,18,499,36920,0.0,2012
0,10,15,15,535,37504,727017.0,2012
0,11,16,16,687,44489,536726.0,2012
0,12,40,43,2294,116812,1213904.0,2012
0,13,30,41,2187,119226,3008252.0,2012
0,14,32,38,3167,179208,2871294.0,2012
0,15,14,19,1620,75484,0.0,2012
0,16,23,36,4005,206953,2266743.0,2012
0,17,9,11,1522,98252,1118785.0,2012
0,18,7,11,2494,155511,2482290.0,2012
0,19,720,768,23425,1311818,22881324.0,2012
0,20,15,25,0,0,0.0,2012
0,21,9,21,3906,236768,3065108.0,2012
0,22,9,34,4452,246051,2889570.0,2012
0,23,8,18,2952,220255,3381149.0,2012
0,24,5,15,0,119591,0.0,2012
0,25,15,38,6597,404256,11939722.0,2012
0,26,25,83,14861,1021941,12774371.0,2012
0,1,163,186,10773,689541,15194517.0,2012
0,2,52,54,98,7964,55934.0,2012
0,3,27,27,174,9667,125719.0,2012
0,4,12,12,138,7568,94772.0,2012
0,5,6,6,92,6465,119816.0,2012
0,6,97,99,502,31664,396241.0,2012
0,7,5,5,105,5473,0.0,2012
0,8,8,8,218,12912,199519.0,2012
0,9,3,3,96,5465,0.0,2012
0,10,2,2,0,0,0.0,2012
0,11,2,2,0,0,0.0,2012
0,12,4,4,222,12268,0.0,2012
0,13,5,5,277,16457,0.0,2012
0,14,8,12,933,48131,0.0,2012
0,15,1,1,0,0,0.0,2012
0,16,4,7,823,44004,1011589.0,2012
0,17,1,1,0,0,0.0,2012
0,18,2,2,0,0,0.0,2012
0,19,142,151,3917,235815,5018344.0,2012
0,20,2,4,0,0,0.0,2012
0,21,2,5,0,0,0.0,2012
0,22,3,4,806,55065,459310.0,2012
0,23,3,3,0,0,0.0,2012
0,24,1,2,0,0,0.0,2012
0,25,3,5,1610,97707,4717970.0,2012
0,26,7,12,2371,154704,0.0,2012
0,1,163,186,10773,689541,15194517.0,2012
0,2,52,54,98,7964,55934.0,2012
0,3,27,27,174,9667,125719.0,2012
0,4,12,12,138,7568,94772.0,2012
0,5,6,6,92,6465,119816.0,2012
0,6,97,99,502,31664,396241.0,2012
0,7,5,5,105,5473,0.0,2012
0,8,8,8,218,12912,199519.0,2012
0,9,3,3,96,5465,0.0,2012
0,10,2,2,0,0,0.0,2012
0,11,2,2,0,0,0.0,2012
0,12,4,4,222,12268,0.0,2012
0,13,5,5,277,16457,0.0,2012
0,14,8,12,933,48131,0.0,2012
0,15,1,1,0,0,0.0,2012
0,16,4,7,823,44004,1011589.0,2012
0,17,1,1,0,0,0.0,2012
0,18,2,2,0,0,0.0,2012
0,19,142,151,3917,235815,5018344.0,2012
0,20,2,4,0,0,0.0,2012
0,21,2,5,0,0,0.0,2012
0,22,3,4,806,55065,459310.0,2012
0,23,3,3,0,0,0.0,2012
0,24,1,2,0,0,0.0,2012
0,25,3,5,1610,97707,4717970.0,2012
0,26,7,12,2371,154704,0.0,2012
0,1,179,249,21408,1206271,23357388.0,2012
0,2,27,27,49,3142,40749.0,2012
0,3,22,22,150,6665,82120.0,2012
0,4,12,12,142,6841,66234.0,2012
0,5,6,6,91,4371,33099.0,2012
0,6,67,67,432,21019,222202.0,2012
0,7,12,12,255,11728,122554.0,2012
0,8,8,8,208,14533,171236.0,2012
0,9,1,1,0,0,0.0,2012
0,10,3,3,0,0,0.0,2012
0,11,6,6,258,10738,107105.0,2012
0,12,9,10,513,22276,141950.0,2012
0,13,10,14,687,39623,492689.0,2012
0,14,13,14,1385,75162,1386677.0,2012
0,15,6,6,660,35346,664154.0,2012
0,16,9,12,1226,66404,551229.0,2012
0,17,3,3,811,48474,839261.0,2012
0,18,4,7,1484,93319,2001676.0,2012
0,19,151,163,8067,447094,6807991.0,2012
0,20,4,8,0,0,0.0,2012
0,21,4,8,1181,56522,913919.0,2012
0,22,2,18,0,0,0.0,2012
0,23,3,10,0,0,0.0,2012
0,24,2,7,0,0,0.0,2012
0,25,6,17,3474,213070,5822587.0,2012
0,26,7,18,2085,121665,3229826.0,2012
0,1,179,249,21408,1206271,23357388.0,2012
0,2,27,27,49,3142,40749.0,2012
0,3,22,22,150,6665,82120.0,2012
0,4,12,12,142,6841,66234.0,2012
0,5,6,6,91,4371,33099.0,2012
0,6,67,67,432,21019,222202.0,2012
0,7,12,12,255,11728,122554.0,2012
0,8,8,8,208,14533,171236.0,2012
0,9,1,1,0,0,0.0,2012
0,10,3,3,0,0,0.0,2012
0,11,6,6,258,10738,107105.0,2012
0,12,9,10,513,22276,141950.0,2012
0,13,10,14,687,39623,492689.0,2012
0,14,13,14,1385,75162,1386677.0,2012
0,15,6,6,660,35346,664154.0,2012
0,16,9,12,1226,66404,551229.0,2012
0,17,3,3,811,48474,839261.0,2012
0,18,4,7,1484,93319,2001676.0,2012
0,19,151,163,8067,447094,6807991.0,2012
0,20,4,8,0,0,0.0,2012
0,21,4,8,1181,56522,913919.0,2012
0,22,2,18,0,0,0.0,2012
0,23,3,10,0,0,0.0,2012
0,24,2,7,0,0,0.0,2012
0,25,6,17,3474,213070,5822587.0,2012
0,26,7,18,2085,121665,3229826.0,2012
0,1,487,567,29399,1831115,22797540.0,2012
0,2,136,136,274,16598,173138.0,2012
0,3,82,82,556,25688,347049.0,2012
0,4,34,34,400,18568,171351.0,2012
0,5,27,27,452,20191,159983.0,2012
0,6,279,279,1682,81045,851521.0,2012
0,7,24,24,524,22918,348000.0,2012
0,8,18,18,489,40167,680335.0,2012
0,9,13,14,373,29484,265914.0,2012
0,10,10,10,343,22175,0.0,2012
0,11,8,8,362,30725,0.0,2012
0,12,27,29,1559,82268,848484.0,2012
0,13,17,22,1223,63146,982030.0,2012
0,14,11,12,849,55915,513389.0,2012
0,15,7,12,784,31326,0.0,2012
0,16,11,17,1956,96545,703925.0,2012
0,17,5,7,595,37807,187180.0,2012
0,18,2,2,0,0,0.0,2012
0,19,432,454,11441,628909,11054989.0,2012
0,20,10,13,0,0,0.0,2012
0,21,5,8,0,0,0.0,2012
0,22,6,12,1658,106871,761534.0,2012
0,23,4,5,765,51419,1240298.0,2012
0,24,4,6,781,49134,314465.0,2012
0,25,8,16,1513,93479,1399165.0,2012
0,26,18,53,0,745572,6001564.0,2012
0,1,267,306,18486,1164275,8244611.0,2012
0,2,73,73,138,9170,71135.0,2012
0,3,45,45,296,11131,68867.0,2012
0,4,21,21,256,11819,77521.0,2012
0,5,17,17,276,10038,69424.0,2012
0,6,156,156,966,42158,286947.0,2012
0,7,12,12,263,10734,77320.0,2012
0,8,9,9,230,10895,71503.0,2012
0,9,7,8,214,11238,59074.0,2012
0,10,4,4,0,0,0.0,2012
0,11,5,5,222,23721,0.0,2012
0,12,10,10,523,25058,144829.0,2012
0,13,8,9,598,31913,283347.0,2012
0,14,8,9,512,23697,167719.0,2012
0,15,5,9,602,22225,187689.0,2012
0,16,8,10,1533,77072,398341.0,2012
0,17,2,2,0,0,0.0,2012
0,19,234,243,5875,289667,1863125.0,2012
0,20,6,6,0,0,0.0,2012
0,21,1,1,0,0,0.0,2012
0,22,3,3,1232,85374,443279.0,2012
0,23,1,1,0,0,0.0,2012
0,24,3,4,709,43684,280464.0,2012
0,25,4,6,0,0,0.0,2012
0,26,15,42,0,0,0.0,2012
0,1,228,261,10913,666840,14552929.0,2012
0,2,63,63,136,7428,102003.0,2012
0,3,37,37,260,14557,278182.0,2012
0,4,13,13,144,6749,93830.0,2012
0,5,10,10,176,10153,90559.0,2012
0,6,123,123,716,38887,564574.0,2012
0,7,12,12,261,12184,270680.0,2012
0,8,9,9,0,0,0.0,2012
0,9,6,6,0,0,0.0,2012
0,10,6,6,220,16492,0.0,2012
0,11,3,3,0,0,0.0,2012
0,12,18,19,1036,57210,703655.0,2012
0,13,9,13,625,31233,698683.0,2012
0,14,3,3,337,32218,345670.0,2012
0,15,2,3,0,0,0.0,2012
0,16,4,7,423,19473,305584.0,2012
0,17,3,5,0,0,0.0,2012
0,18,2,2,0,0,0.0,2012
0,19,200,211,5566,339242,9191864.0,2012
0,20,5,7,251,13700,243801.0,2012
0,21,4,7,0,0,0.0,2012
0,22,3,9,0,0,0.0,2012
0,23,3,4,669,45959,1178953.0,2012
0,24,1,2,0,0,0.0,2012
0,25,5,10,863,41700,912908.0,2012
0,26,7,11,1413,95141,1239629.0,2012
0,1,1683,1883,127690,6143675,32163076.0,2012
0,2,371,371,722,36112,156941.0,2012
0,3,245,245,1692,67290,289326.0,2012
0,4,158,158,1834,70828,279989.0,2012
0,5,100,100,1683,65612,277030.0,2012
0,6,874,874,5931,239842,1003286.0,2012
0,7,79,80,1692,62677,261398.0,2012
0,8,70,70,1808,77479,275700.0,2012
0,9,37,41,1119,44751,181296.0,2012
0,10,45,45,1619,66455,263913.0,2012
0,11,81,82,3581,145612,553799.0,2012
0,12,106,110,6349,260068,1226258.0,2012
0,13,74,79,6183,257006,1086517.0,2012
0,14,81,93,7954,363150,1605720.0,2012
0,15,43,57,7136,305193,1233894.0,2012
0,16,42,55,8800,414076,1993249.0,2012
0,17,25,37,6101,279106,1205082.0,2012
0,18,22,34,8576,386076,2151070.0,2012
0,19,1579,1657,66849,2901491,13041182.0,2012
0,20,16,28,7421,310253,1632557.0,2012
0,21,10,14,4923,239551,1610910.0,2012
0,22,12,27,4764,241568,1379041.0,2012
0,23,9,18,0,0,0.0,2012
0,24,10,27,7212,427623,2037612.0,2012
0,25,19,52,13528,698164,4831865.0,2012
0,26,28,60,18702,1128022,6822658.0,2012
0,1,652,743,71712,3602586,19081512.0,2012
0,2,125,125,209,15067,69779.0,2012
0,3,67,67,454,24447,114650.0,2012
0,4,48,48,550,24325,101385.0,2012
0,5,32,32,543,20416,90329.0,2012
0,6,272,272,1756,84255,376143.0,2012
0,7,28,28,625,24613,104326.0,2012
0,8,23,23,593,27738,94705.0,2012
0,9,13,13,418,16770,70904.0,2012
0,10,16,16,582,25168,103762.0,2012
0,11,40,41,1784,74494,281399.0,2012
0,12,45,47,2740,116055,518057.0,2012
0,13,34,35,2941,127497,529775.0,2012
0,14,33,38,3316,148430,641855.0,2012
0,15,30,34,4776,201019,830866.0,2012
0,16,29,36,6017,287572,1398343.0,2012
0,17,16,21,4186,185637,836752.0,2012
0,18,11,14,3203,146928,877187.0,2012
0,19,590,618,32937,1466176,6664074.0,2012
0,20,7,12,3461,163326,812289.0,2012
0,21,5,8,0,0,0.0,2012
0,22,6,10,2072,126960,653993.0,2012
0,23,4,7,0,0,0.0,2012
0,24,7,16,5266,333860,1391495.0,2012
0,25,16,38,12151,637578,4420534.0,2012
0,26,17,34,11280,658806,4037032.0,2012
0,1,361,407,38286,1902796,10816325.0,2012
0,2,69,69,120,7905,45953.0,2012
0,3,43,43,291,15529,80432.0,2012
0,4,28,28,318,14133,60116.0,2012
0,5,13,13,212,8507,34931.0,2012
0,6,153,153,941,46074,221432.0,2012
0,7,16,16,346,14197,59279.0,2012
0,8,10,10,243,10005,36153.0,2012
0,9,8,8,247,10175,40101.0,2012
0,10,8,8,277,12313,53777.0,2012
0,11,22,22,996,42482,168886.0,2012
0,12,22,22,1337,54569,205544.0,2012
0,13,15,15,1308,60235,265761.0,2012
0,14,21,23,2060,99227,423540.0,2012
0,15,13,15,1933,79223,350055.0,2012
0,16,21,26,4282,208680,1017888.0,2012
0,17,5,8,1437,65219,271796.0,2012
0,18,9,12,2772,129425,807773.0,2012
0,19,323,338,18179,831824,3921985.0,2012
0,20,2,2,0,0,0.0,2012
0,21,2,3,0,0,0.0,2012
0,22,5,6,1135,64194,398689.0,2012
0,23,2,2,0,0,0.0,2012
0,24,5,10,3274,155012,856071.0,2012
0,25,10,32,10622,546523,3940834.0,2012
0,26,12,14,0,0,0.0,2012
0,1,109,128,15190,751487,3728493.0,2012
0,2,10,10,0,2417,10016.0,2012
0,3,4,4,0,0,0.0,2012
0,4,8,8,0,0,0.0,2012
0,5,8,8,141,5520,24198.0,2012
0,6,30,30,271,12289,50082.0,2012
0,7,5,5,0,3938,0.0,2012
0,8,8,8,218,8274,31193.0,2012
0,9,2,2,0,0,0.0,2012
0,10,3,3,110,5216,22039.0,2012
0,11,9,9,412,16165,56436.0,2012
0,12,12,12,694,28742,159699.0,2012
0,13,8,8,711,26194,85056.0,2012
0,14,6,6,523,19960,0.0,2012
0,15,8,9,1354,51652,175632.0,2012
0,16,1,3,0,0,0.0,2012
0,17,5,5,1170,42140,192272.0,2012
0,19,97,100,5886,226547,928940.0,2012
0,20,2,5,0,0,0.0,2012
0,21,1,1,0,0,0.0,2012
0,22,1,2,0,0,0.0,2012
0,23,2,4,0,0,0.0,2012
0,24,1,2,0,0,0.0,2012
0,25,2,2,0,0,0.0,2012
0,26,3,12,0,0,0.0,2012
0,1,194,208,18236,948303,4536694.0,2012
0,2,46,46,0,4745,13810.0,2012
0,3,20,20,138,7726,30294.0,2012
0,4,12,12,142,7032,29325.0,2012
0,5,11,11,190,6389,31200.0,2012
0,6,89,89,544,25892,104629.0,2012
0,7,7,7,160,6478,31167.0,2012
0,8,5,5,132,9459,27359.0,2012
0,9,3,3,97,4680,21287.0,2012
0,10,5,5,0,7639,27946.0,2012
0,11,9,10,376,15847,56077.0,2012
0,12,12,13,709,32744,152814.0,2012
0,13,12,12,922,41068,178958.0,2012
0,14,8,9,0,0,0.0,2012
0,15,10,10,1489,70144,305179.0,2012
0,16,7,7,1505,68830,329038.0,2012
0,17,6,8,0,0,0.0,2012
0,18,2,2,0,0,0.0,2012
0,19,175,180,8872,407805,1813149.0,2012
0,20,4,5,1449,69082,346783.0,2012
0,21,3,4,0,0,0.0,2012
0,22,1,2,0,0,0.0,2012
0,23,1,1,0,0,0.0,2012
0,24,2,4,0,0,0.0,2012
0,25,4,4,1331,81772,439469.0,2012
0,26,4,8,0,0,0.0,2012
0,1,1053,1140,55978,2541089,13081564.0,2012
0,2,246,246,513,21045,87162.0,2012
0,3,178,178,1238,42843,174676.0,2012
0,4,110,110,1284,46503,178604.0,2012
0,5,68,68,1140,45196,186701.0,2012
0,6,602,602,4175,155587,627143.0,2012
0,7,51,52,1067,38064,157072.0,2012
0,8,47,47,1215,49741,180995.0,2012
0,9,24,28,701,27981,110392.0,2012
0,10,29,29,1037,41287,160151.0,2012
0,11,41,41,1797,71118,272400.0,2012
0,12,61,63,3609,144013,708201.0,2012
0,13,40,44,3242,129509,556742.0,2012
0,14,48,55,4638,214720,963865.0,2012
0,15,16,23,2360,104174,403028.0,2012
0,16,15,19,2783,126504,594906.0,2012
0,17,11,16,1915,93469,368330.0,2012
0,18,12,20,5373,239148,1273883.0,2012
0,19,997,1039,33912,1435315,6377108.0,2012
0,20,9,16,3960,146927,820268.0,2012
0,21,5,6,2287,116520,863366.0,2012
0,22,9,17,2692,114608,725048.0,2012
0,23,5,11,0,0,0.0,2012
0,24,5,11,1946,93763,646117.0,2012
0,25,7,14,0,60586,411331.0,2012
0,26,16,26,7422,469216,2785626.0,2012
0,1,396,434,31010,1431159,7838073.0,2012
0,2,75,75,164,7457,33095.0,2012
0,3,61,61,453,16983,81692.0,2012
0,4,43,43,492,17423,71135.0,2012
0,5,21,21,337,12609,56884.0,2012
0,6,200,200,1446,54472,242806.0,2012
0,7,12,13,248,10163,43835.0,2012
0,8,19,19,510,20673,75723.0,2012
0,9,5,6,0,4140,14856.0,2012
0,10,12,12,452,18589,73373.0,2012
0,11,16,16,699,25435,91378.0,2012
0,12,23,23,1320,50820,219075.0,2012
0,13,23,23,1832,74320,336343.0,2012
0,14,20,21,1962,81599,347640.0,2012
0,15,8,12,0,46904,0.0,2012
0,16,8,9,1428,65473,305353.0,2012
0,17,4,7,0,34486,159810.0,2012
0,18,10,14,4101,184318,1057601.0,2012
0,19,360,375,15994,671392,3152691.0,2012
0,20,8,15,3449,124951,766165.0,2012
0,21,3,3,1562,81969,662364.0,2012
0,22,4,6,0,0,0.0,2012
0,23,4,10,0,0,0.0,2012
0,24,2,6,0,0,0.0,2012
0,25,3,4,0,0,0.0,2012
0,26,12,15,4750,319664,1767754.0,2012
0,1,383,406,15446,656887,2830636.0,2012
0,2,103,103,200,8022,29955.0,2012
0,3,66,66,441,15501,48857.0,2012
0,4,34,34,406,14272,48078.0,2012
0,5,20,20,337,12605,44223.0,2012
0,6,223,223,1384,50400,171113.0,2012
0,7,19,19,424,13822,57035.0,2012
0,8,11,11,0,13762,38129.0,2012
0,9,10,12,0,0,0.0,2012
0,10,12,12,409,15707,55446.0,2012
0,11,14,14,605,26786,91009.0,2012
0,12,27,27,1520,57958,228755.0,2012
0,13,14,14,1026,41311,151196.0,2012
0,14,18,21,1563,70565,231702.0,2012
0,15,7,8,895,41886,142788.0,2012
0,16,5,6,893,37417,132157.0,2012
0,17,7,9,1198,58983,208520.0,2012
0,18,4,6,1272,54830,216282.0,2012
0,19,371,382,11733,494855,1768873.0,2012
0,21,1,1,0,0,0.0,2012
0,22,3,8,1113,35897,157704.0,2012
0,23,1,1,0,0,0.0,2012
0,24,1,1,0,0,0.0,2012
0,25,3,7,0,0,0.0,2012
0,26,3,6,0,0,0.0,2012
0,1,293,300,9522,453043,2412855.0,2012
0,2,68,68,149,5566,24112.0,2012
0,3,51,51,344,10359,44127.0,2012
0,4,33,33,386,14808,59391.0,2012
0,5,27,27,466,19982,85594.0,2012
0,6,179,179,1345,50715,213224.0,2012
0,7,20,20,395,14079,56202.0,2012
0,8,17,17,426,15306,67143.0,2012
0,9,10,10,274,12413,50795.0,2012
0,10,5,5,176,6991,31332.0,2012
0,11,11,11,493,18897,90013.0,2012
0,12,13,13,769,35235,260371.0,2012
0,13,7,7,384,13878,69203.0,2012
0,14,11,13,1113,62556,384523.0,2012
0,15,2,3,0,0,0.0,2012
0,16,3,4,462,23614,157396.0,2012
0,19,278,282,6185,269068,1455544.0,2012
0,20,1,1,0,0,0.0,2012
0,21,2,2,0,0,0.0,2012
0,22,3,3,0,0,0.0,2012
0,24,3,4,0,0,0.0,2012
0,25,3,3,95,11979,106071.0,2012
0,26,3,5,1222,73521,445959.0,2012
0,1,51469,55377,1379271,68022645,341737211.0,2012
0,2,18922,18934,37169,1560925,5895055.0,2012
0,3,10229,10233,68664,2709137,9405657.0,2012
0,4,5405,5422,63615,2754568,9555090.0,2012
0,5,3394,3408,57116,2571354,9056258.0,2012
0,6,37950,37997,226564,9595984,33912060.0,2012
0,7,2312,2333,50239,2330180,8555737.0,2012
0,8,1679,1708,44827,2088132,7472215.0,2012
0,9,1313,1337,41197,1996082,6966841.0,2012
0,10,997,1029,36231,1754264,6601236.0,2012
0,11,1440,1504,62297,3008112,11531905.0,2012
0,12,1900,2063,110426,5356179,21256114.0,2012
0,13,1006,1182,79671,3849523,16231411.0,2012
0,14,977,1267,104187,5046107,21873849.0,2012
0,15,435,632,62296,3046047,13783819.0,2012
0,16,439,697,79630,3888773,18891825.0,2012
0,17,208,377,45457,2246617,14397388.0,2012
0,18,109,234,29059,1491365,8280550.0,2012
0,19,50765,52360,972081,45697365,189754950.0,2012
0,20,165,428,54305,2700358,15378016.0,2012
0,21,86,228,32122,1526894,9803215.0,2012
0,22,95,309,33410,1752196,12373069.0,2012
0,23,67,349,31009,1614199,10749399.0,2012
0,24,41,146,19187,949862,5667293.0,2012
0,25,117,521,82199,4586048,32452576.0,2012
0,26,133,1036,154958,9195723,65558693.0,2012
0,1,2328,2548,113278,5741932,35342710.0,2012
0,2,461,461,932,48509,268789.0,2012
0,3,371,371,2511,104641,443536.0,2012
0,4,254,254,3034,134755,552770.0,2012
0,5,178,178,2997,141346,593629.0,2012
0,6,1264,1264,9474,429251,1858724.0,2012
0,7,111,113,2409,118953,561864.0,2012
0,8,91,91,2366,114244,447647.0,2012
0,9,86,87,2704,137903,541301.0,2012
0,10,67,72,2395,127675,541110.0,2012
0,11,97,99,4063,199731,844090.0,2012
0,12,154,162,8828,431351,1935416.0,2012
0,13,97,105,7617,356019,1681849.0,2012
0,14,94,107,9574,454549,2291855.0,2012
0,15,38,48,4684,225529,1370953.0,2012
0,16,56,83,10993,533209,3051374.0,2012
0,17,18,24,4219,230202,2161562.0,2012
0,18,14,16,2559,131970,745192.0,2012
0,19,2187,2271,71885,3490586,18032937.0,2012
0,20,34,56,9699,515634,3002520.0,2012
0,21,13,22,3472,181773,1257181.0,2012
0,22,16,27,4198,229434,1886159.0,2012
0,23,18,47,5065,247545,1712088.0,2012
0,24,9,16,2295,132344,1072780.0,2012
0,25,22,34,5740,285320,2769318.0,2012
0,26,29,75,10924,659296,5609727.0,2012
0,1,2328,2548,113278,5741932,35342710.0,2012
0,2,461,461,932,48509,268789.0,2012
0,3,371,371,2511,104641,443536.0,2012
0,4,254,254,3034,134755,552770.0,2012
0,5,178,178,2997,141346,593629.0,2012
0,6,1264,1264,9474,429251,1858724.0,2012
0,7,111,113,2409,118953,561864.0,2012
0,8,91,91,2366,114244,447647.0,2012
0,9,86,87,2704,137903,541301.0,2012
0,10,67,72,2395,127675,541110.0,2012
0,11,97,99,4063,199731,844090.0,2012
0,12,154,162,8828,431351,1935416.0,2012
0,13,97,105,7617,356019,1681849.0,2012
0,14,94,107,9574,454549,2291855.0,2012
0,15,38,48,4684,225529,1370953.0,2012
0,16,56,83,10993,533209,3051374.0,2012
0,17,18,24,4219,230202,2161562.0,2012
0,18,14,16,2559,131970,745192.0,2012
0,19,2187,2271,71885,3490586,18032937.0,2012
0,20,34,56,9699,515634,3002520.0,2012
0,21,13,22,3472,181773,1257181.0,2012
0,22,16,27,4198,229434,1886159.0,2012
0,23,18,47,5065,247545,1712088.0,2012
0,24,9,16,2295,132344,1072780.0,2012
0,25,22,34,5740,285320,2769318.0,2012
0,26,29,75,10924,659296,5609727.0,2012
0,1,315,356,24030,1357573,10673965.0,2012
0,2,111,111,189,8267,59847.0,2012
0,3,37,37,255,8277,56946.0,2012
0,4,18,18,220,9969,66253.0,2012
0,5,10,10,168,8489,64001.0,2012
0,6,176,176,832,35002,247047.0,2012
0,7,12,12,265,12795,79711.0,2012
0,8,7,7,173,9071,54581.0,2012
0,9,4,4,0,0,0.0,2012
0,10,4,4,149,8189,52924.0,2012
0,11,10,11,439,21481,135375.0,2012
0,12,12,12,677,43911,294303.0,2012
0,13,17,17,1271,72724,430483.0,2012
0,14,10,10,1231,59498,394123.0,2012
0,15,6,7,0,0,0.0,2012
0,16,10,13,2131,112712,967052.0,2012
0,17,3,3,350,18327,88154.0,2012
0,18,4,5,814,41229,306976.0,2012
0,19,275,281,9341,487875,3385435.0,2012
0,20,7,15,3047,184599,1228636.0,2012
0,21,7,8,1441,82247,696435.0,2012
0,22,3,5,1279,80139,432559.0,2012
0,23,4,8,955,46244,327466.0,2012
0,24,3,10,0,0,0.0,2012
0,25,8,13,2557,124868,1245113.0,2012
0,26,8,16,0,0,0.0,2012
0,1,54,62,6182,374274,2388185.0,2012
0,2,9,9,0,1299,7889.0,2012
0,3,5,5,0,1331,8387.0,2012
0,4,3,3,32,848,4158.0,2012
0,5,1,1,0,0,0.0,2012
0,6,18,18,101,3948,23569.0,2012
0,7,3,3,65,3795,18364.0,2012
0,10,5,6,154,9463,0.0,2012
0,11,3,3,0,0,0.0,2012
0,12,3,3,170,10672,55896.0,2012
0,13,1,1,0,0,0.0,2012
0,14,3,3,363,21181,63418.0,2012
0,17,1,1,0,0,0.0,2012
0,18,1,1,0,0,0.0,2012
0,19,38,39,1813,112721,568242.0,2012
0,20,1,1,0,0,0.0,2012
0,21,2,5,0,0,0.0,2012
0,22,2,3,0,0,0.0,2012
0,23,2,4,0,0,0.0,2012
0,24,1,1,0,0,0.0,2012
0,25,3,3,0,32413,207883.0,2012
0,26,5,6,1258,89329,684859.0,2012
0,1,442,498,21888,1108842,8439906.0,2012
0,2,56,56,0,5920,31596.0,2012
0,3,69,69,499,23378,109894.0,2012
0,4,46,46,562,27981,105141.0,2012
0,5,48,48,820,39254,162165.0,2012
0,6,219,219,2007,96533,408796.0,2012
0,7,24,24,525,27059,108936.0,2012
0,8,14,14,385,18602,87500.0,2012
0,9,16,16,497,23198,93328.0,2012
0,10,21,23,760,38859,141151.0,2012
0,11,19,19,745,42030,193567.0,2012
0,12,25,28,1404,75947,432288.0,2012
0,13,15,18,1300,59346,277348.0,2012
0,14,21,24,1904,81508,458143.0,2012
0,15,7,11,908,44065,0.0,2012
0,16,12,18,2308,120666,643351.0,2012
0,17,6,8,1355,86694,0.0,2012
0,18,6,6,561,25195,118573.0,2012
0,19,405,428,14659,739702,4871096.0,2012
0,20,9,11,1394,63372,364752.0,2012
0,22,7,12,1976,97078,1093977.0,2012
0,23,7,24,1225,56976,0.0,2012
0,24,3,3,307,20135,141140.0,2012
0,25,4,7,0,0,0.0,2012
0,26,7,13,1566,83231,808414.0,2012
0,1,121,133,8160,375574,2023839.0,2012
0,2,12,12,0,1202,3956.0,2012
0,3,11,11,0,2941,13463.0,2012
0,4,19,19,238,10516,46473.0,2012
0,5,8,8,134,7298,36911.0,2012
0,6,50,50,458,21957,100803.0,2012
0,7,6,6,127,4697,24875.0,2012
0,8,8,8,0,8278,0.0,2012
0,9,7,7,224,8193,31615.0,2012
0,10,2,2,0,0,0.0,2012
0,11,4,4,178,7657,26267.0,2012
0,12,7,7,384,14948,65412.0,2012
0,13,2,2,0,0,0.0,2012
0,14,6,6,617,31486,171652.0,2012
0,15,2,2,0,0,0.0,2012
0,16,6,6,0,0,0.0,2012
0,17,2,3,0,0,0.0,2012
0,18,2,3,0,0,0.0,2012
0,19,104,106,4605,198471,922537.0,2012
0,20,4,6,0,0,0.0,2012
0,22,2,4,0,0,0.0,2012
0,23,3,4,918,41496,162605.0,2012
0,25,1,1,0,0,0.0,2012
0,26,7,12,0,0,0.0,2012
0,1,1417,1499,53018,2525669,11816815.0,2012
0,2,273,273,582,31821,165501.0,2012
0,3,249,249,1653,68714,254846.0,2012
0,4,168,168,1982,85441,330745.0,2012
0,5,111,111,1859,85835,327417.0,2012
0,6,801,801,6076,271811,1078509.0,2012
0,7,66,68,1427,70607,329978.0,2012
0,8,62,62,1626,78293,265358.0,2012
0,9,59,60,1868,101191,391912.0,2012
0,10,35,37,1251,67618,286655.0,2012
0,11,61,62,2552,121492,451668.0,2012
0,12,107,112,6193,285873,1087517.0,2012
0,13,62,67,4808,214584,933146.0,2012
0,14,55,64,5459,260876,1204519.0,2012
0,15,23,28,2771,129032,621367.0,2012
0,16,29,46,5272,246659,1183792.0,2012
0,17,8,9,1912,87923,385029.0,2012
0,18,1,1,0,0,0.0,2012
0,19,1369,1417,41467,1951817,8285627.0,2012
0,20,13,23,4267,215713,1056881.0,2012
0,21,5,9,0,39866,0.0,2012
0,22,3,3,0,23914,154863.0,2012
0,23,5,7,980,47864,266224.0,2012
0,24,2,2,0,0,0.0,2012
0,25,6,10,1670,77830,0.0,2012
0,26,14,28,2958,158612,1140085.0,2012
0,1,1108,1200,35226,1714873,10494251.0,2012
0,2,441,441,826,29815,116752.0,2012
0,3,211,211,1377,49268,170859.0,2012
0,4,88,90,1023,43344,133148.0,2012
0,5,59,59,1011,40366,160165.0,2012
0,6,799,801,4237,162793,580924.0,2012
0,7,43,43,937,43652,161460.0,2012
0,8,39,40,1075,51034,160902.0,2012
0,9,28,29,899,37506,132370.0,2012
0,10,7,8,0,12941,0.0,2012
0,11,32,33,1409,66649,239098.0,2012
0,12,39,46,2237,111479,554452.0,2012
0,13,29,34,2206,98214,420515.0,2012
0,14,18,22,1815,79222,359940.0,2012
0,15,15,28,1928,87779,392546.0,2012
0,16,11,15,2121,93572,400666.0,2012
0,17,10,25,2185,104491,571574.0,2012
0,18,3,3,0,0,0.0,2012
0,19,1073,1127,22128,999068,4219079.0,2012
0,20,4,5,550,25220,210694.0,2012
0,21,5,12,2093,100389,386040.0,2012
0,22,3,7,0,0,0.0,2012
0,23,3,6,0,0,0.0,2012
0,24,2,2,0,0,0.0,2012
0,25,4,13,3413,173234,1831990.0,2012
0,26,14,28,5534,323848,3417542.0,2012
0,1,1108,1200,35226,1714873,10494251.0,2012
0,2,441,441,826,29815,116752.0,2012
0,3,211,211,1377,49268,170859.0,2012
0,4,88,90,1023,43344,133148.0,2012
0,5,59,59,1011,40366,160165.0,2012
0,6,799,801,4237,162793,580924.0,2012
0,7,43,43,937,43652,161460.0,2012
0,8,39,40,1075,51034,160902.0,2012
0,9,28,29,899,37506,132370.0,2012
0,10,7,8,0,12941,0.0,2012
0,11,32,33,1409,66649,239098.0,2012
0,12,39,46,2237,111479,554452.0,2012
0,13,29,34,2206,98214,420515.0,2012
0,14,18,22,1815,79222,359940.0,2012
0,15,15,28,1928,87779,392546.0,2012
0,16,11,15,2121,93572,400666.0,2012
0,17,10,25,2185,104491,571574.0,2012
0,18,3,3,0,0,0.0,2012
0,19,1073,1127,22128,999068,4219079.0,2012
0,20,4,5,550,25220,210694.0,2012
0,21,5,12,2093,100389,386040.0,2012
0,22,3,7,0,0,0.0,2012
0,23,3,6,0,0,0.0,2012
0,24,2,2,0,0,0.0,2012
0,25,4,13,3413,173234,1831990.0,2012
0,26,14,28,5534,323848,3417542.0,2012
0,1,178,188,7374,376365,3743875.0,2012
0,2,82,82,136,4531,23094.0,2012
0,3,23,23,159,4280,18857.0,2012
0,4,14,14,166,6293,20766.0,2012
0,5,8,8,118,4365,35547.0,2012
0,6,127,127,579,19469,98264.0,2012
0,7,6,6,0,3102,0.0,2012
0,8,5,5,0,0,0.0,2012
0,9,4,4,0,0,0.0,2012
0,10,1,1,0,0,0.0,2012
0,11,5,5,221,7941,46491.0,2012
0,12,2,2,0,0,0.0,2012
0,13,3,4,204,8574,33906.0,2012
0,14,1,1,0,0,0.0,2012
0,15,2,3,0,0,0.0,2012
0,16,6,8,1182,47920,232876.0,2012
0,17,2,2,0,0,0.0,2012
0,18,1,1,0,0,0.0,2012
0,19,165,169,3898,159928,939842.0,2012
0,20,2,2,0,0,0.0,2012
0,21,4,4,806,40715,141352.0,2012
0,22,1,3,0,0,0.0,2012
0,23,1,4,0,0,0.0,2012
0,25,1,2,0,0,0.0,2012
0,26,4,4,0,0,0.0,2012
0,1,935,1012,27852,1338508,6750376.0,2012
0,2,359,359,690,25284,93658.0,2012
0,3,188,188,1218,44988,152002.0,2012
0,4,74,76,857,37051,112382.0,2012
0,5,51,51,893,36001,124618.0,2012
0,6,672,674,3658,143324,482660.0,2012
0,7,37,37,812,40550,145941.0,2012
0,8,34,35,930,45131,136569.0,2012
0,9,24,25,760,31534,103047.0,2012
0,10,6,7,222,10694,0.0,2012
0,11,27,28,1188,58708,192607.0,2012
0,12,37,44,2160,106322,419192.0,2012
0,13,27,30,2002,89640,386609.0,2012
0,14,17,21,1723,75976,341071.0,2012
0,15,13,25,1575,76131,307987.0,2012
0,16,5,7,0,0,0.0,2012
0,17,8,23,1821,92080,479969.0,2012
0,18,2,2,0,0,0.0,2012
0,19,909,958,18230,839140,3279237.0,2012
0,20,3,3,0,0,0.0,2012
0,21,2,8,0,0,0.0,2012
0,22,2,4,0,0,0.0,2012
0,23,2,2,0,0,0.0,2012
0,24,2,2,0,0,0.0,2012
0,25,4,11,2516,103660,841954.0,2012
0,26,11,24,4716,275521,2074650.0,2012
0,1,11457,12383,316592,14751904,75619877.0,2012
0,2,3829,3831,7523,299709,1296467.0,2012
0,3,2203,2203,14828,568036,2368667.0,2012
0,4,1211,1216,14180,599932,2457787.0,2012
0,5,807,812,13598,598319,2462264.0,2012
0,6,8050,8062,50129,2065996,8585185.0,2012
0,7,565,574,12247,562193,2410109.0,2012
0,8,418,425,11140,488765,1983621.0,2012
0,9,307,311,9617,461341,1844966.0,2012
0,10,255,268,9161,425286,1809011.0,2012
0,11,351,358,15024,717297,3184344.0,2012
0,12,483,521,28085,1319653,5896468.0,2012
0,13,253,289,19694,911638,4254911.0,2012
0,14,250,298,25450,1214931,5497848.0,2012
0,15,99,123,13659,603031,2820120.0,2012
0,16,112,181,18152,865220,4391146.0,2012
0,17,53,95,10449,492639,3012418.0,2012
0,18,32,58,7148,319403,2097564.0,2012
0,19,11228,11563,229955,10447393,47787711.0,2012
0,20,44,118,10456,478211,3169264.0,2012
0,21,37,95,12264,552758,3591318.0,2012
0,22,26,108,7937,431241,2532490.0,2012
0,23,21,66,5752,274072,2023198.0,2012
0,24,14,49,6731,315263,1587280.0,2012
0,25,33,105,13448,652589,4654579.0,2012
0,26,54,279,30049,1600377,10274037.0,2012
0,1,4568,4984,143897,7226462,40029714.0,2012
0,2,1331,1332,2583,110675,553796.0,2012
0,3,854,854,5784,218446,1046512.0,2012
0,4,499,502,5817,251288,1165530.0,2012
0,5,336,337,5565,259359,1185501.0,2012
0,6,3020,3025,19749,839768,3951339.0,2012
0,7,235,237,5147,239181,1199100.0,2012
0,8,198,201,5293,231697,1041202.0,2012
0,9,138,140,4311,222132,1021710.0,2012
0,10,108,111,3949,184737,903687.0,2012
0,11,180,183,7670,371033,1843689.0,2012
0,12,227,249,13152,637698,3219860.0,2012
0,13,109,122,8549,428227,2117789.0,2012
0,14,115,132,11586,562784,2716224.0,2012
0,15,38,46,5054,224226,1274061.0,2012
0,16,48,67,7926,428200,2204130.0,2012
0,17,22,39,4559,228784,1638172.0,2012
0,18,18,29,3536,178315,1323663.0,2012
0,19,4456,4581,100481,4776782,24454626.0,2012
0,20,18,41,3776,202547,1297970.0,2012
0,21,18,52,7059,350949,2292894.0,2012
0,22,18,47,5073,297718,1781708.0,2012
0,23,11,21,2104,101614,764854.0,2012
0,24,7,10,1738,80193,529714.0,2012
0,25,12,55,0,0,0.0,2012
0,26,28,177,17722,1077354,6859743.0,2012
0,1,555,640,21950,1104360,6195922.0,2012
0,2,205,206,395,25308,154843.0,2012
0,3,98,98,648,20083,96653.0,2012
0,4,45,45,499,19466,115521.0,2012
0,5,30,31,472,22107,108254.0,2012
0,6,378,380,2014,86964,475271.0,2012
0,7,17,17,359,12635,58996.0,2012
0,8,20,20,530,21628,93700.0,2012
0,9,12,13,373,16520,75921.0,2012
0,10,12,12,418,15175,70765.0,2012
0,11,12,13,487,24417,131851.0,2012
0,12,29,34,1710,74497,366446.0,2012
0,13,22,24,1614,73868,391374.0,2012
0,14,13,16,1327,58037,301596.0,2012
0,15,6,9,893,38899,267252.0,2012
0,16,10,15,1525,86773,503858.0,2012
0,17,6,11,1506,78175,564340.0,2012
0,18,2,4,0,0,0.0,2012
0,19,539,568,13090,602283,3404478.0,2012
0,20,7,17,941,50967,336659.0,2012
0,21,2,6,0,0,0.0,2012
0,22,1,4,0,0,0.0,2012
0,23,1,6,0,0,0.0,2012
0,25,3,27,0,0,0.0,2012
0,26,2,12,0,0,0.0,2012
0,1,2823,3099,87722,4500399,26682616.0,2012
0,2,843,843,1572,60951,311549.0,2012
0,3,546,546,3710,146128,758401.0,2012
0,4,296,299,3484,152288,752394.0,2012
0,5,211,211,3488,161996,821367.0,2012
0,6,1896,1899,12254,521363,2643711.0,2012
0,7,156,157,3388,160908,901181.0,2012
0,8,116,119,3126,137643,672626.0,2012
0,9,82,83,2544,131335,697690.0,2012
0,10,63,65,2285,109206,609272.0,2012
0,11,114,116,4822,229763,1248071.0,2012
0,12,132,144,7762,379296,2095164.0,2012
0,13,56,65,4474,234824,1219695.0,2012
0,14,62,70,6277,306930,1585853.0,2012
0,15,21,25,2612,118739,658535.0,2012
0,16,26,37,4354,242613,1360503.0,2012
0,17,9,18,1876,100409,794197.0,2012
0,18,12,21,2784,141314,1103363.0,2012
0,19,2745,2819,58558,2814343,15589861.0,2012
0,20,9,17,1805,102985,699467.0,2012
0,21,12,40,5355,275480,1873700.0,2012
0,22,11,26,3326,211486,1296090.0,2012
0,23,8,12,1082,53592,349913.0,2012
0,24,5,7,0,0,0.0,2012
0,25,9,23,0,0,0.0,2012
0,26,24,155,14204,872749,5639935.0,2012
0,1,1211,1245,34225,1621703,7151176.0,2012
0,2,283,283,616,24416,87404.0,2012
0,3,210,210,1426,52235,191458.0,2012
0,4,158,158,1834,79534,297615.0,2012
0,5,95,95,1605,75256,255880.0,2012
0,6,746,746,5481,231441,832357.0,2012
0,7,63,63,1400,65638,238923.0,2012
0,8,62,62,1637,72426,274876.0,2012
0,9,44,44,1394,74277,248099.0,2012
0,10,33,34,1246,60356,223650.0,2012
0,11,54,54,2361,116853,463767.0,2012
0,12,67,71,3680,183905,758250.0,2012
0,13,32,33,2461,119535,506720.0,2012
0,14,41,46,3982,197817,828775.0,2012
0,15,11,12,1549,66588,348274.0,2012
0,16,14,15,2047,98814,339769.0,2012
0,17,7,10,0,0,0.0,2012
0,18,4,4,0,0,0.0,2012
0,19,1178,1194,28833,1360156,5460287.0,2012
0,20,6,7,0,0,0.0,2012
0,21,5,6,808,33253,112667.0,2012
0,22,8,17,1074,51381,270592.0,2012
0,23,3,3,372,13894,68996.0,2012
0,24,3,3,370,16679,0.0,2012
0,25,3,5,652,36147,198281.0,2012
0,26,5,10,0,0,0.0,2012
0,1,6938,7399,172695,7525442,35590163.0,2012
0,2,2498,2499,4940,189034,742671.0,2012
0,3,1349,1349,9044,349590,1322155.0,2012
0,4,712,714,8363,348644,1292257.0,2012
0,5,473,475,8033,338960,1276763.0,2012
0,6,5032,5037,30380,1226228,4633846.0,2012
0,7,331,337,7100,323012,1211009.0,2012
0,8,220,224,5847,257068,942419.0,2012
0,9,169,171,5306,239209,823256.0,2012
0,10,147,157,5212,240549,905324.0,2012
0,11,172,175,7354,346264,1340655.0,2012
0,12,257,272,14933,681955,2676608.0,2012
0,13,146,167,11145,483411,2137122.0,2012
0,14,139,166,13864,652147,2781624.0,2012
0,15,65,77,8605,378805,1546059.0,2012
0,16,67,114,10226,437020,2187016.0,2012
0,17,32,56,5890,263855,1374246.0,2012
0,18,18,29,3612,141088,773901.0,2012
0,19,6795,6982,129474,5670611,23333085.0,2012
0,20,30,77,6680,275664,1871294.0,2012
0,21,21,43,5205,201809,1298424.0,2012
0,22,12,61,2864,133523,750782.0,2012
0,23,13,45,3648,172458,1258344.0,2012
0,24,10,39,4993,235070,1057566.0,2012
0,25,23,50,7504,313284,2606374.0,2012
0,26,34,102,12327,523023,3414294.0,2012
0,1,956,1086,44800,1843277,9758826.0,2012
0,2,291,291,622,19574,85344.0,2012
0,3,162,162,1058,36475,146701.0,2012
0,4,98,99,1135,42884,173833.0,2012
0,5,60,60,1029,44106,178923.0,2012
0,6,611,612,3844,143039,584801.0,2012
0,7,32,32,709,30997,126007.0,2012
0,8,28,29,749,28728,121747.0,2012
0,9,24,25,763,31400,106792.0,2012
0,10,25,26,787,29826,120862.0,2012
0,11,31,31,1428,59943,254662.0,2012
0,12,44,46,2607,99893,412005.0,2012
0,13,34,37,2538,104259,462121.0,2012
0,14,26,31,2568,117078,485030.0,2012
0,15,16,19,2237,113873,463157.0,2012
0,16,24,41,3567,136762,743453.0,2012
0,17,6,15,1621,66418,326331.0,2012
0,18,7,8,1955,84217,461582.0,2012
0,19,908,952,25373,1046433,4668550.0,2012
0,20,9,21,2009,81198,368933.0,2012
0,21,10,20,2934,115346,748690.0,2012
0,22,2,2,0,0,0.0,2012
0,23,1,1,0,0,0.0,2012
0,24,5,21,0,0,0.0,2012
0,25,9,26,0,0,0.0,2012
0,26,12,43,7160,312940,1758651.0,2012
0,1,3830,4099,98201,4394878,20024485.0,2012
0,2,1123,1124,2323,105545,392805.0,2012
0,3,754,754,5088,205066,761569.0,2012
0,4,420,421,4949,217275,787076.0,2012
0,5,311,313,5305,229671,857366.0,2012
0,6,2608,2612,17665,757557,2798816.0,2012
0,7,211,214,4560,209554,775126.0,2012
0,8,148,149,3925,172054,611521.0,2012
0,9,116,117,3630,164982,572460.0,2012
0,10,94,102,3380,164239,607554.0,2012
0,11,121,123,5019,242610,921930.0,2012
0,12,158,165,9175,426349,1612382.0,2012
0,13,87,102,6745,298788,1315472.0,2012
0,14,90,109,9285,433209,1909091.0,2012
0,15,44,53,5919,238211,977050.0,2012
0,16,37,64,5549,245402,1196145.0,2012
0,17,20,30,3350,149937,646754.0,2012
0,18,10,20,1644,56492,305965.0,2012
0,19,3744,3860,79846,3559384,14250266.0,2012
0,20,18,49,4272,179602,1436832.0,2012
0,21,8,16,0,0,0.0,2012
0,22,8,51,1165,49224,319324.0,2012
0,23,12,40,0,103801,0.0,2012
0,24,7,15,3241,169289,651586.0,2012
0,25,12,18,2807,133522,961987.0,2012
0,26,21,50,0,0,0.0,2012
0,1,2175,2214,29694,1287287,5806852.0,2012
0,2,1084,1084,1995,63915,264522.0,2012
0,3,433,433,2898,108049,413885.0,2012
0,4,194,194,2279,88485,331348.0,2012
0,5,102,102,1699,65183,240474.0,2012
0,6,1813,1813,8871,325632,1250229.0,2012
0,7,88,91,1831,82461,309876.0,2012
0,8,44,46,1173,56286,209151.0,2012
0,9,29,29,913,42827,144004.0,2012
0,10,29,29,1045,46484,176908.0,2012
0,11,20,21,907,43711,164063.0,2012
0,12,55,61,3151,155713,652221.0,2012
0,13,25,28,1862,80364,359529.0,2012
0,14,25,26,2011,101860,387503.0,2012
0,15,5,5,449,26721,105852.0,2012
0,16,9,9,1110,54856,247418.0,2012
0,17,7,11,919,47500,401161.0,2012
0,18,1,1,0,0,0.0,2012
0,19,2150,2170,24255,1064794,4414269.0,2012
0,20,5,7,0,14864,65529.0,2012
0,21,4,7,0,0,0.0,2012
0,22,4,8,729,38332,255890.0,2012
0,23,2,4,0,0,0.0,2012
0,24,2,3,0,0,0.0,2012
0,25,3,6,307,16270,127818.0,2012
0,26,5,9,1353,48689,419182.0,2012
0,1,1222,1531,87445,4934545,35481421.0,2012
0,2,262,262,527,37297,217620.0,2012
0,3,151,151,1025,43899,206975.0,2012
0,4,98,99,1133,54495,265794.0,2012
0,5,73,73,1232,57940,259655.0,2012
0,6,584,585,3917,193631,950044.0,2012
0,7,66,66,1442,73978,340961.0,2012
0,8,59,60,1540,78644,363693.0,2012
0,9,42,44,1321,67722,315236.0,2012
0,10,35,36,1338,79223,323277.0,2012
0,11,68,70,2929,134348,607139.0,2012
0,12,63,68,3581,184503,803902.0,2012
0,13,48,55,3662,179363,931190.0,2012
0,14,61,75,6283,322057,1517704.0,2012
0,15,37,46,5403,302615,1648106.0,2012
0,16,34,42,4839,247289,1156708.0,2012
0,17,14,27,3070,161336,1063080.0,2012
0,18,10,25,3547,202010,922329.0,2012
0,19,1121,1199,42872,2226719,10943369.0,2012
0,20,15,41,4447,213787,1405636.0,2012
0,21,7,8,717,38764,208238.0,2012
0,22,11,24,1803,117166,755979.0,2012
0,23,9,29,3482,190049,1064616.0,2012
0,24,6,12,0,0,0.0,2012
0,25,22,101,12608,719903,8417216.0,2012
0,26,31,117,19589,1344076,12050651.0,2012
0,1,266,328,24298,1507187,7371306.0,2012
0,2,36,36,85,10154,70257.0,2012
0,3,35,35,256,12053,53305.0,2012
0,4,16,17,188,9789,59303.0,2012
0,5,12,12,212,11999,49927.0,2012
0,6,99,100,741,43995,232792.0,2012
0,7,12,12,256,15433,66880.0,2012
0,8,16,16,422,26636,122049.0,2012
0,9,9,9,299,15837,69400.0,2012
0,10,8,8,0,0,0.0,2012
0,11,14,15,599,28281,141987.0,2012
0,12,16,17,838,43687,223217.0,2012
0,13,12,15,859,46763,314227.0,2012
0,14,18,21,1752,110569,483874.0,2012
0,15,10,11,1393,96485,425143.0,2012
0,16,9,9,1277,57926,244071.0,2012
0,17,7,10,0,0,0.0,2012
0,18,4,11,957,63148,218240.0,2012
0,19,234,254,11448,665219,3105480.0,2012
0,20,3,4,969,36690,298654.0,2012
0,21,2,3,0,0,0.0,2012
0,22,4,7,0,0,0.0,2012
0,23,4,20,2073,124836,706485.0,2012
0,24,3,6,0,0,0.0,2012
0,25,6,10,1616,92393,733443.0,2012
0,26,10,24,6310,498623,2029053.0,2012
0,1,266,328,24298,1507187,7371306.0,2012
0,2,36,36,85,10154,70257.0,2012
0,3,35,35,256,12053,53305.0,2012
0,4,16,17,188,9789,59303.0,2012
0,5,12,12,212,11999,49927.0,2012
0,6,99,100,741,43995,232792.0,2012
0,7,12,12,256,15433,66880.0,2012
0,8,16,16,422,26636,122049.0,2012
0,9,9,9,299,15837,69400.0,2012
0,10,8,8,0,0,0.0,2012
0,11,14,15,599,28281,141987.0,2012
0,12,16,17,838,43687,223217.0,2012
0,13,12,15,859,46763,314227.0,2012
0,14,18,21,1752,110569,483874.0,2012
0,15,10,11,1393,96485,425143.0,2012
0,16,9,9,1277,57926,244071.0,2012
0,17,7,10,0,0,0.0,2012
0,18,4,11,957,63148,218240.0,2012
0,19,234,254,11448,665219,3105480.0,2012
0,20,3,4,969,36690,298654.0,2012
0,21,2,3,0,0,0.0,2012
0,22,4,7,0,0,0.0,2012
0,23,4,20,2073,124836,706485.0,2012
0,24,3,6,0,0,0.0,2012
0,25,6,10,1616,92393,733443.0,2012
0,26,10,24,6310,498623,2029053.0,2012
0,1,616,687,33665,1763593,9180354.0,2012
0,2,107,107,196,17465,76248.0,2012
0,3,68,68,466,20133,82372.0,2012
0,4,54,54,625,33325,136664.0,2012
0,5,43,43,733,32871,128301.0,2012
0,6,272,272,2020,103794,423585.0,2012
0,7,36,36,801,42947,191634.0,2012
0,8,32,33,835,41122,180307.0,2012
0,9,19,20,584,30159,124812.0,2012
0,10,24,25,908,52539,214665.0,2012
0,11,38,39,1648,82137,327594.0,2012
0,12,36,37,2095,115246,460927.0,2012
0,13,28,31,2088,100415,430591.0,2012
0,14,31,32,3343,161166,735712.0,2012
0,15,21,28,3173,157669,777155.0,2012
0,16,19,21,2330,126265,579016.0,2012
0,17,6,9,794,35770,187756.0,2012
0,18,6,13,2119,113798,670823.0,2012
0,19,568,596,22738,1163027,5304577.0,2012
0,20,9,21,2549,131448,742806.0,2012
0,21,5,5,421,25991,136411.0,2012
0,22,8,13,1179,85937,595809.0,2012
0,23,3,6,0,0,0.0,2012
0,24,4,6,0,0,0.0,2012
0,25,9,22,3555,195432,1383835.0,2012
0,26,10,18,1520,90769,508181.0,2012
0,1,616,687,33665,1763593,9180354.0,2012
0,2,107,107,196,17465,76248.0,2012
0,3,68,68,466,20133,82372.0,2012
0,4,54,54,625,33325,136664.0,2012
0,5,43,43,733,32871,128301.0,2012
0,6,272,272,2020,103794,423585.0,2012
0,7,36,36,801,42947,191634.0,2012
0,8,32,33,835,41122,180307.0,2012
0,9,19,20,584,30159,124812.0,2012
0,10,24,25,908,52539,214665.0,2012
0,11,38,39,1648,82137,327594.0,2012
0,12,36,37,2095,115246,460927.0,2012
0,13,28,31,2088,100415,430591.0,2012
0,14,31,32,3343,161166,735712.0,2012
0,15,21,28,3173,157669,777155.0,2012
0,16,19,21,2330,126265,579016.0,2012
0,17,6,9,794,35770,187756.0,2012
0,18,6,13,2119,113798,670823.0,2012
0,19,568,596,22738,1163027,5304577.0,2012
0,20,9,21,2549,131448,742806.0,2012
0,21,5,5,421,25991,136411.0,2012
0,22,8,13,1179,85937,595809.0,2012
0,23,3,6,0,0,0.0,2012
0,24,4,6,0,0,0.0,2012
0,25,9,22,3555,195432,1383835.0,2012
0,26,10,18,1520,90769,508181.0,2012
0,1,354,516,29482,1663765,18929761.0,2012
0,2,119,119,246,9678,71115.0,2012
0,3,48,48,303,11713,71298.0,2012
0,4,28,28,320,11381,69827.0,2012
0,5,18,18,287,13070,81427.0,2012
0,6,213,213,1156,45842,293667.0,2012
0,7,18,18,385,15598,82447.0,2012
0,8,11,11,283,10886,61337.0,2012
0,9,14,15,438,21726,121024.0,2012
0,10,3,3,112,6605,26206.0,2012
0,11,16,16,682,23930,137558.0,2012
0,12,13,14,648,25570,119758.0,2012
0,13,9,9,715,32185,186372.0,2012
0,14,13,22,1188,50322,298118.0,2012
0,15,6,7,0,48461,0.0,2012
0,16,6,12,1232,63098,333621.0,2012
0,17,2,8,0,0,0.0,2012
0,18,1,1,0,0,0.0,2012
0,19,325,349,8686,398473,2533312.0,2012
0,20,4,16,929,45649,364176.0,2012
0,22,1,4,0,0,0.0,2012
0,23,2,3,0,0,0.0,2012
0,25,8,69,7437,432078,6299938.0,2012
0,26,14,75,11759,754684,9513417.0,2012
0,1,59,170,17733,1135906,15205499.0,2012
0,2,15,15,32,1433,20456.0,2012
0,3,6,6,0,1032,14389.0,2012
0,4,4,4,0,0,0.0,2012
0,5,4,4,73,2727,37965.0,2012
0,6,29,29,183,6458,89403.0,2012
0,7,1,1,0,0,0.0,2012
0,8,2,2,0,0,0.0,2012
0,9,3,3,91,6935,62570.0,2012
0,13,3,3,208,9826,62784.0,2012
0,14,2,4,0,0,0.0,2012
0,15,3,3,0,0,0.0,2012
0,16,1,1,0,0,0.0,2012
0,17,2,4,0,0,0.0,2012
0,18,1,1,0,0,0.0,2012
0,19,47,51,2137,125224,995434.0,2012
0,20,1,2,0,0,0.0,2012
0,23,1,1,0,0,0.0,2012
0,25,5,51,5866,353968,5512730.0,2012
0,26,5,65,9280,626985,8510820.0,2012
0,1,298,346,11749,527859,3724262.0,2012
0,2,104,104,214,8245,50659.0,2012
0,3,42,42,269,10681,56909.0,2012
0,4,24,24,276,10115,53234.0,2012
0,5,14,14,0,10343,0.0,2012
0,6,184,184,973,39384,204264.0,2012
0,7,17,17,367,15179,76599.0,2012
0,8,9,9,225,9292,46654.0,2012
0,9,11,12,347,14791,58454.0,2012
0,10,3,3,112,6605,26206.0,2012
0,11,16,16,682,23930,137558.0,2012
0,12,13,14,648,25570,119758.0,2012
0,13,6,6,507,22359,123588.0,2012
0,14,11,18,982,32547,216153.0,2012
0,15,3,4,503,25339,131660.0,2012
0,16,6,11,1046,49797,277554.0,2012
0,17,1,4,0,0,0.0,2012
0,19,280,298,6549,273249,1537878.0,2012
0,20,3,14,0,0,0.0,2012
0,22,1,4,0,0,0.0,2012
0,23,1,2,0,0,0.0,2012
0,25,4,18,0,0,0.0,2012
0,26,9,10,2479,127699,1002597.0,2012
0,1,553,607,26540,1222279,7494634.0,2012
0,2,188,188,352,14499,69493.0,2012
0,3,115,115,765,31637,150938.0,2012
0,4,43,43,522,20526,87239.0,2012
0,5,34,34,584,23215,104215.0,2012
0,6,380,380,2223,89877,411885.0,2012
0,7,14,14,287,15121,56297.0,2012
0,8,13,13,346,17230,90292.0,2012
0,9,16,16,503,24728,88140.0,2012
0,10,6,6,228,7802,33537.0,2012
0,11,14,14,617,26348,144677.0,2012
0,12,21,22,1152,49988,176954.0,2012
0,13,16,19,1029,40376,217992.0,2012
0,14,17,22,1527,66532,362669.0,2012
0,15,3,3,0,0,0.0,2012
0,16,9,10,1235,60289,230457.0,2012
0,17,7,10,1608,62463,425934.0,2012
0,18,3,3,722,44266,317239.0,2012
0,19,519,532,11705,512771,2595642.0,2012
0,20,9,13,2493,133970,741637.0,2012
0,21,4,9,0,0,0.0,2012
0,22,5,12,1620,56086,416171.0,2012
0,23,1,4,0,0,0.0,2012
0,25,6,7,786,43232,331119.0,2012
0,26,9,30,0,372444,2668332.0,2012
0,1,553,607,26540,1222279,7494634.0,2012
0,2,188,188,352,14499,69493.0,2012
0,3,115,115,765,31637,150938.0,2012
0,4,43,43,522,20526,87239.0,2012
0,5,34,34,584,23215,104215.0,2012
0,6,380,380,2223,89877,411885.0,2012
0,7,14,14,287,15121,56297.0,2012
0,8,13,13,346,17230,90292.0,2012
0,9,16,16,503,24728,88140.0,2012
0,10,6,6,228,7802,33537.0,2012
0,11,14,14,617,26348,144677.0,2012
0,12,21,22,1152,49988,176954.0,2012
0,13,16,19,1029,40376,217992.0,2012
0,14,17,22,1527,66532,362669.0,2012
0,15,3,3,0,0,0.0,2012
0,16,9,10,1235,60289,230457.0,2012
0,17,7,10,1608,62463,425934.0,2012
0,18,3,3,722,44266,317239.0,2012
0,19,519,532,11705,512771,2595642.0,2012
0,20,9,13,2493,133970,741637.0,2012
0,21,4,9,0,0,0.0,2012
0,22,5,12,1620,56086,416171.0,2012
0,23,1,4,0,0,0.0,2012
0,25,6,7,786,43232,331119.0,2012
0,26,9,30,0,372444,2668332.0,2012
0,1,553,607,26540,1222279,7494634.0,2012
0,2,188,188,352,14499,69493.0,2012
0,3,115,115,765,31637,150938.0,2012
0,4,43,43,522,20526,87239.0,2012
0,5,34,34,584,23215,104215.0,2012
0,6,380,380,2223,89877,411885.0,2012
0,7,14,14,287,15121,56297.0,2012
0,8,13,13,346,17230,90292.0,2012
0,9,16,16,503,24728,88140.0,2012
0,10,6,6,228,7802,33537.0,2012
0,11,14,14,617,26348,144677.0,2012
0,12,21,22,1152,49988,176954.0,2012
0,13,16,19,1029,40376,217992.0,2012
0,14,17,22,1527,66532,362669.0,2012
0,15,3,3,0,0,0.0,2012
0,16,9,10,1235,60289,230457.0,2012
0,17,7,10,1608,62463,425934.0,2012
0,18,3,3,722,44266,317239.0,2012
0,19,519,532,11705,512771,2595642.0,2012
0,20,9,13,2493,133970,741637.0,2012
0,21,4,9,0,0,0.0,2012
0,22,5,12,1620,56086,416171.0,2012
0,23,1,4,0,0,0.0,2012
0,25,6,7,786,43232,331119.0,2012
0,26,9,30,0,372444,2668332.0,2012
0,1,1160,1303,39455,1708510,8988961.0,2012
0,2,321,322,642,32991,178378.0,2012
0,3,217,218,1439,56425,237874.0,2012
0,4,142,142,1689,69999,275301.0,2012
0,5,72,73,1220,50460,189298.0,2012
0,6,752,755,4990,209875,880851.0,2012
0,7,46,46,980,41921,227718.0,2012
0,8,37,38,935,42799,166502.0,2012
0,9,34,36,1063,47384,177273.0,2012
0,10,27,28,1000,49535,216234.0,2012
0,11,39,42,1641,71066,299791.0,2012
0,12,55,63,3104,141800,621215.0,2012
0,13,34,48,2621,123443,679347.0,2012
0,14,40,61,3686,163311,880543.0,2012
0,15,19,35,2105,91977,375998.0,2012
0,16,24,28,4145,194761,902014.0,2012
0,17,7,9,1254,44065,306920.0,2012
0,18,7,11,1881,91003,404085.0,2012
0,19,1121,1200,29405,1312940,6138491.0,2012
0,20,6,25,1922,78243,550619.0,2012
0,21,3,3,142,4856,111512.0,2012
0,22,3,10,0,48882,249737.0,2012
0,23,2,2,0,0,0.0,2012
0,24,3,3,0,0,0.0,2012
0,25,11,25,2081,85262,575602.0,2012
0,26,11,35,3897,151758,1172875.0,2012
0,1,1160,1303,39455,1708510,8988961.0,2012
0,2,321,322,642,32991,178378.0,2012
0,3,217,218,1439,56425,237874.0,2012
0,4,142,142,1689,69999,275301.0,2012
0,5,72,73,1220,50460,189298.0,2012
0,6,752,755,4990,209875,880851.0,2012
0,7,46,46,980,41921,227718.0,2012
0,8,37,38,935,42799,166502.0,2012
0,9,34,36,1063,47384,177273.0,2012
0,10,27,28,1000,49535,216234.0,2012
0,11,39,42,1641,71066,299791.0,2012
0,12,55,63,3104,141800,621215.0,2012
0,13,34,48,2621,123443,679347.0,2012
0,14,40,61,3686,163311,880543.0,2012
0,15,19,35,2105,91977,375998.0,2012
0,16,24,28,4145,194761,902014.0,2012
0,17,7,9,1254,44065,306920.0,2012
0,18,7,11,1881,91003,404085.0,2012
0,19,1121,1200,29405,1312940,6138491.0,2012
0,20,6,25,1922,78243,550619.0,2012
0,21,3,3,142,4856,111512.0,2012
0,22,3,10,0,48882,249737.0,2012
0,23,2,2,0,0,0.0,2012
0,24,3,3,0,0,0.0,2012
0,25,11,25,2081,85262,575602.0,2012
0,26,11,35,3897,151758,1172875.0,2012
0,1,334,392,14829,692590,3595394.0,2012
0,2,69,70,149,6081,23598.0,2012
0,3,57,57,371,15261,56070.0,2012
0,4,49,49,582,27211,86166.0,2012
0,5,23,23,397,19849,62238.0,2012
0,6,198,199,1499,68402,228072.0,2012
0,7,16,16,351,16090,71728.0,2012
0,8,11,11,268,12197,41119.0,2012
0,9,11,12,344,14552,48142.0,2012
0,10,9,9,325,16145,52645.0,2012
0,11,14,14,649,30814,117049.0,2012
0,12,20,21,1165,60257,255188.0,2012
0,13,14,17,1203,53882,229541.0,2012
0,14,14,21,1622,75958,407549.0,2012
0,15,5,16,804,38983,167630.0,2012
0,16,5,5,848,45668,281833.0,2012
0,18,3,7,0,0,0.0,2012
0,19,320,348,9761,472317,2033847.0,2012
0,20,3,7,0,0,0.0,2012
0,22,1,8,0,0,0.0,2012
0,23,1,1,0,0,0.0,2012
0,25,5,14,1323,54827,366855.0,2012
0,26,4,14,0,0,0.0,2012
0,1,829,911,24626,1015920,5393567.0,2012
0,2,252,252,493,26910,154780.0,2012
0,3,160,161,1068,41164,181804.0,2012
0,4,93,93,1107,42788,189135.0,2012
0,5,49,50,823,30611,127060.0,2012
0,6,554,556,3491,141473,652779.0,2012
0,7,30,30,629,25831,155990.0,2012
0,8,26,27,667,30602,125383.0,2012
0,9,23,24,719,32832,129131.0,2012
0,10,18,19,675,33390,163589.0,2012
0,11,25,28,992,40252,182742.0,2012
0,12,35,42,1939,81543,366027.0,2012
0,13,20,31,1418,69561,449806.0,2012
0,14,27,40,2064,87353,472994.0,2012
0,15,14,19,1301,52994,208368.0,2012
0,16,19,23,3297,149093,620181.0,2012
0,17,7,9,1254,44065,306920.0,2012
0,18,4,4,0,0,0.0,2012
0,19,802,852,19644,840623,4104644.0,2012
0,20,3,18,0,0,0.0,2012
0,21,3,3,142,4856,111512.0,2012
0,22,2,2,0,0,0.0,2012
0,23,1,1,0,0,0.0,2012
0,24,3,3,0,0,0.0,2012
0,25,6,11,758,30435,208747.0,2012
0,26,9,21,1599,58778,435383.0,2012
0,1,23311,23785,385217,18888165,66981856.0,2012
0,2,9682,9684,19201,767397,2396577.0,2012
0,3,4919,4921,33025,1330689,4028886.0,2012
0,4,2440,2446,28739,1270512,3811663.0,2012
0,5,1444,1448,24238,1126662,3369994.0,2012
0,6,18485,18499,105203,4495260,13607120.0,2012
0,7,940,944,20402,966966,2982667.0,2012
0,8,670,675,17819,880196,2717123.0,2012
0,9,529,532,16525,813964,2470671.0,2012
0,10,385,385,13918,701829,2292497.0,2012
0,11,527,547,22854,1145878,3628934.0,2012
0,12,654,684,37470,1906311,6349215.0,2012
0,13,320,350,25011,1279489,4527660.0,2012
0,14,293,358,30786,1545295,5709839.0,2012
0,15,133,174,17869,965455,3643530.0,2012
0,16,116,153,19451,979500,3897511.0,2012
0,17,57,79,10019,488726,2526921.0,2012
0,18,20,28,2968,161314,628916.0,2012
0,19,23129,23408,340295,16330183,54982604.0,2012
0,20,33,57,7915,395911,1609517.0,2012
0,21,16,27,3186,159285,633116.0,2012
0,22,29,57,5832,300646,1599259.0,2012
0,23,12,28,2900,156354,878948.0,2012
0,24,10,20,2030,124800,527926.0,2012
0,25,34,63,7412,407752,2148162.0,2012
0,26,48,125,15647,1013234,4602324.0,2012
0,1,19062,19270,245538,11797595,38834064.0,2012
0,2,8981,8982,17488,658170,2026896.0,2012
0,3,3956,3958,26480,1054887,3187346.0,2012
0,4,1857,1862,21878,967381,2860252.0,2012
0,5,1045,1048,17414,813072,2409847.0,2012
0,6,15839,15850,83260,3493510,10484341.0,2012
0,7,682,684,14733,699116,2142714.0,2012
0,8,462,463,12277,615018,1880318.0,2012
0,9,384,387,11947,586643,1765423.0,2012
0,10,261,261,9341,468257,1533501.0,2012
0,11,337,349,14616,745945,2273890.0,2012
0,12,412,431,23273,1204076,3788247.0,2012
0,13,203,219,15461,807908,2745650.0,2012
0,14,172,195,17105,892167,3071890.0,2012
0,15,85,105,10740,580114,2016471.0,2012
0,16,66,84,9762,483248,1811146.0,2012
0,17,28,33,3470,142304,644138.0,2012
0,18,13,14,1329,77619,229173.0,2012
0,19,18944,19075,227314,10795925,34386902.0,2012
0,20,21,33,3991,191154,704261.0,2012
0,21,11,21,1908,97108,336145.0,2012
0,22,20,29,2389,121166,570123.0,2012
0,23,7,10,0,0,0.0,2012
0,24,9,13,0,0,0.0,2012
0,25,19,31,3095,170701,887786.0,2012
0,26,31,58,5132,322771,1510781.0,2012
0,1,19062,19270,245538,11797595,38834064.0,2012
0,2,8981,8982,17488,658170,2026896.0,2012
0,3,3956,3958,26480,1054887,3187346.0,2012
0,4,1857,1862,21878,967381,2860252.0,2012
0,5,1045,1048,17414,813072,2409847.0,2012
0,6,15839,15850,83260,3493510,10484341.0,2012
0,7,682,684,14733,699116,2142714.0,2012
0,8,462,463,12277,615018,1880318.0,2012
0,9,384,387,11947,586643,1765423.0,2012
0,10,261,261,9341,468257,1533501.0,2012
0,11,337,349,14616,745945,2273890.0,2012
0,12,412,431,23273,1204076,3788247.0,2012
0,13,203,219,15461,807908,2745650.0,2012
0,14,172,195,17105,892167,3071890.0,2012
0,15,85,105,10740,580114,2016471.0,2012
0,16,66,84,9762,483248,1811146.0,2012
0,17,28,33,3470,142304,644138.0,2012
0,18,13,14,1329,77619,229173.0,2012
0,19,18944,19075,227314,10795925,34386902.0,2012
0,20,21,33,3991,191154,704261.0,2012
0,21,11,21,1908,97108,336145.0,2012
0,22,20,29,2389,121166,570123.0,2012
0,23,7,10,0,0,0.0,2012
0,24,9,13,0,0,0.0,2012
0,25,19,31,3095,170701,887786.0,2012
0,26,31,58,5132,322771,1510781.0,2012
0,1,4295,4515,139679,7090570,28147792.0,2012
0,2,701,702,1713,109227,369681.0,2012
0,3,963,963,6545,275802,841540.0,2012
0,4,584,584,6861,303131,951411.0,2012
0,5,400,400,6824,313590,960147.0,2012
0,6,2648,2649,21943,1001750,3122779.0,2012
0,7,258,260,5669,267850,839953.0,2012
0,8,208,212,5542,265178,836805.0,2012
0,9,145,145,4578,227321,705248.0,2012
0,10,124,124,4577,233572,758996.0,2012
0,11,191,198,8238,399933,1355044.0,2012
0,12,245,253,14197,702235,2560968.0,2012
0,13,119,131,9550,471581,1782010.0,2012
0,14,129,163,13681,653128,2637949.0,2012
0,15,51,69,7129,385341,1627059.0,2012
0,16,53,69,9689,496252,2086365.0,2012
0,17,31,46,6549,346422,1882783.0,2012
0,18,9,14,1639,83695,399743.0,2012
0,19,4211,4333,112981,5534258,20595702.0,2012
0,20,13,24,3924,204757,905256.0,2012
0,21,6,6,0,0,0.0,2012
0,22,13,28,3443,179480,1029136.0,2012
0,23,6,18,2386,136065,788964.0,2012
0,24,3,7,835,46319,179844.0,2012
0,25,19,32,4317,237051,1260376.0,2012
0,26,24,67,10515,690463,3091543.0,2012
0,1,3601,3688,103546,5134988,18036209.0,2012
0,2,560,561,1385,95005,318991.0,2012
0,3,825,825,5624,238810,709914.0,2012
0,4,508,508,5968,265087,820230.0,2012
0,5,353,353,6013,277394,831425.0,2012
0,6,2246,2247,18990,876296,2680560.0,2012
0,7,217,218,4745,221498,668508.0,2012
0,8,176,177,4686,226237,675865.0,2012
0,9,125,125,3936,193837,575721.0,2012
0,10,106,106,3941,199941,607129.0,2012
0,11,161,168,6926,332920,1065509.0,2012
0,12,201,204,11687,581057,1976816.0,2012
0,13,96,104,7762,382052,1354337.0,2012
0,14,105,125,10967,517075,1965586.0,2012
0,15,43,52,5910,308108,1081295.0,2012
0,16,34,42,5541,282116,1085665.0,2012
0,17,24,33,4701,241836,1200726.0,2012
0,18,5,8,969,53430,261533.0,2012
0,19,3539,3609,90761,4416403,15199250.0,2012
0,20,9,10,2261,103631,406766.0,2012
0,21,5,5,0,0,0.0,2012
0,22,9,11,1516,68749,234202.0,2012
0,23,3,5,0,0,0.0,2012
0,24,3,7,835,46319,179844.0,2012
0,25,15,19,2806,149492,744214.0,2012
0,26,18,22,3237,238047,785160.0,2012
0,1,709,827,36133,1955582,10111583.0,2012
0,2,141,141,328,14222,50690.0,2012
0,3,138,138,921,36992,131626.0,2012
0,4,76,76,893,38044,131181.0,2012
0,5,47,47,811,36196,128722.0,2012
0,6,402,402,2953,125454,442219.0,2012
0,7,42,42,924,46352,171445.0,2012
0,8,32,35,856,38941,160940.0,2012
0,9,20,20,642,33484,129527.0,2012
0,10,18,18,636,33631,151867.0,2012
0,11,30,30,1312,67013,289535.0,2012
0,12,44,49,2510,121178,584152.0,2012
0,13,23,27,1788,89529,427673.0,2012
0,14,26,38,2714,136053,672363.0,2012
0,15,9,17,1219,77233,545764.0,2012
0,16,21,27,4148,214136,1000700.0,2012
0,17,8,13,1848,104586,682057.0,2012
0,18,4,6,670,30265,138210.0,2012
0,19,679,724,22220,1117855,5396452.0,2012
0,20,4,14,0,0,0.0,2012
0,21,1,1,0,0,0.0,2012
0,22,6,17,0,0,0.0,2012
0,23,4,13,0,0,0.0,2012
0,25,6,13,1511,87559,516162.0,2012
0,26,9,45,7278,452416,2306383.0,2012
0,1,5238,5759,123655,5432247,26708019.0,2012
0,2,1643,1650,3421,141955,491179.0,2012
0,3,1090,1090,7363,269366,811807.0,2012
0,4,594,594,6970,279740,868625.0,2012
0,5,382,384,6403,268848,791787.0,2012
0,6,3709,3718,24157,959909,2963398.0,2012
0,7,278,280,6077,244514,767662.0,2012
0,8,186,193,5050,208476,622265.0,2012
0,9,131,136,4149,182479,521805.0,2012
0,10,113,116,4047,165588,514053.0,2012
0,11,165,179,7111,318133,1141834.0,2012
0,12,220,248,12589,529011,1681492.0,2012
0,13,102,129,7726,329826,1160851.0,2012
0,14,117,178,12357,522874,1936444.0,2012
0,15,42,78,5547,256325,1270808.0,2012
0,16,50,97,6928,341209,1944228.0,2012
0,17,16,36,2531,116854,1025441.0,2012
0,18,11,43,2798,125669,461414.0,2012
0,19,5140,5431,101067,4300867,16011695.0,2012
0,20,17,34,2472,111439,613881.0,2012
0,21,12,33,4512,214548,0.0,2012
0,22,10,13,1477,59245,0.0,2012
0,23,14,109,5041,246511,2379342.0,2012
0,24,8,16,922,40077,301534.0,2012
0,25,13,42,0,188924,1889822.0,2012
0,26,24,81,4965,270636,2301382.0,2012
0,1,5238,5759,123655,5432247,26708019.0,2012
0,2,1643,1650,3421,141955,491179.0,2012
0,3,1090,1090,7363,269366,811807.0,2012
0,4,594,594,6970,279740,868625.0,2012
0,5,382,384,6403,268848,791787.0,2012
0,6,3709,3718,24157,959909,2963398.0,2012
0,7,278,280,6077,244514,767662.0,2012
0,8,186,193,5050,208476,622265.0,2012
0,9,131,136,4149,182479,521805.0,2012
0,10,113,116,4047,165588,514053.0,2012
0,11,165,179,7111,318133,1141834.0,2012
0,12,220,248,12589,529011,1681492.0,2012
0,13,102,129,7726,329826,1160851.0,2012
0,14,117,178,12357,522874,1936444.0,2012
0,15,42,78,5547,256325,1270808.0,2012
0,16,50,97,6928,341209,1944228.0,2012
0,17,16,36,2531,116854,1025441.0,2012
0,18,11,43,2798,125669,461414.0,2012
0,19,5140,5431,101067,4300867,16011695.0,2012
0,20,17,34,2472,111439,613881.0,2012
0,21,12,33,4512,214548,0.0,2012
0,22,10,13,1477,59245,0.0,2012
0,23,14,109,5041,246511,2379342.0,2012
0,24,8,16,922,40077,301534.0,2012
0,25,13,42,0,188924,1889822.0,2012
0,26,24,81,4965,270636,2301382.0,2012
0,1,651,807,21123,1094628,6094835.0,2012
0,2,111,111,255,23252,96383.0,2012
0,3,129,129,894,40505,125308.0,2012
0,4,86,86,1031,49776,153027.0,2012
0,5,61,61,1014,50703,163204.0,2012
0,6,387,387,3194,164236,537922.0,2012
0,7,46,46,1043,46302,148007.0,2012
0,8,35,38,924,44145,149570.0,2012
0,9,23,25,747,42040,116187.0,2012
0,10,20,21,674,31914,101512.0,2012
0,11,29,31,1216,66292,246694.0,2012
0,12,31,33,1607,81597,261823.0,2012
0,13,11,22,781,36203,118602.0,2012
0,14,16,28,1253,70316,235711.0,2012
0,15,14,25,1635,78383,276486.0,2012
0,16,10,20,1320,82695,355265.0,2012
0,17,3,7,0,0,0.0,2012
0,18,2,10,0,0,0.0,2012
0,19,627,693,15115,775346,2688519.0,2012
0,20,2,2,0,0,0.0,2012
0,21,5,12,0,0,0.0,2012
0,23,7,65,2980,153376,1961593.0,2012
0,24,3,6,295,13414,184499.0,2012
0,25,2,3,0,0,0.0,2012
0,26,5,26,0,0,0.0,2012
0,1,2314,2518,49911,2178670,13159283.0,2012
0,2,849,855,1751,61082,219161.0,2012
0,3,476,476,3191,107256,341182.0,2012
0,4,248,248,2883,110144,363796.0,2012
0,5,134,135,2226,85630,281881.0,2012
0,6,1707,1714,10051,364112,1206020.0,2012
0,7,111,112,2381,91437,322303.0,2012
0,8,63,65,1709,64514,212172.0,2012
0,9,43,43,1373,59994,181652.0,2012
0,10,45,45,1644,68229,224413.0,2012
0,11,60,65,2448,107112,492178.0,2012
0,12,90,96,4891,198596,702952.0,2012
0,13,42,48,3162,139127,481060.0,2012
0,14,43,59,4437,181138,865812.0,2012
0,15,17,31,1796,86057,720883.0,2012
0,16,27,45,3155,161708,1267543.0,2012
0,17,7,23,1443,73612,514893.0,2012
0,18,5,26,1440,64614,211033.0,2012
0,19,2260,2372,39930,1660250,7402914.0,2012
0,20,10,27,1570,75767,446787.0,2012
0,21,4,6,698,50127,0.0,2012
0,22,5,8,1276,50461,0.0,2012
0,23,6,36,1838,81961,0.0,2012
0,24,2,5,0,0,0.0,2012
0,25,10,21,0,90544,1055019.0,2012
0,26,17,43,2828,161675,1709011.0,2012
0,1,2323,2434,52621,2158949,7453901.0,2012
0,2,683,684,1415,57621,175635.0,2012
0,3,485,485,3278,121605,345317.0,2012
0,4,260,260,3056,119820,351802.0,2012
0,5,187,188,3163,132515,346702.0,2012
0,6,1615,1617,10912,431561,1219456.0,2012
0,7,122,122,2653,106775,297352.0,2012
0,8,88,90,2417,99817,260523.0,2012
0,9,65,68,2029,80445,223966.0,2012
0,10,49,50,1729,65445,188128.0,2012
0,11,79,83,3447,144729,402962.0,2012
0,12,107,119,6091,248818,716717.0,2012
0,13,50,59,3783,154496,561189.0,2012
0,14,65,91,6667,271420,834921.0,2012
0,15,14,22,2116,91885,273439.0,2012
0,16,18,32,2453,96806,321420.0,2012
0,17,6,6,781,27771,440539.0,2012
0,18,5,7,944,45303,179650.0,2012
0,19,2283,2366,46022,1865271,5920262.0,2012
0,20,5,5,782,30385,142673.0,2012
0,21,6,15,2140,69469,282489.0,2012
0,22,5,5,0,8784,0.0,2012
0,23,4,8,0,0,0.0,2012
0,24,4,5,479,18778,0.0,2012
0,25,5,18,0,0,0.0,2012
0,26,11,12,0,0,0.0,2012
0,1,5732,6261,251863,13628190,74625482.0,2012
0,2,2095,2095,3745,188753,859800.0,2012
0,3,953,953,6331,255176,986115.0,2012
0,4,538,538,6325,281265,1102763.0,2012
0,5,347,347,5833,264198,1125251.0,2012
0,6,3933,3933,22234,989392,4073929.0,2012
0,7,252,253,5458,262882,1046999.0,2012
0,8,171,173,4556,206744,920170.0,2012
0,9,145,146,4416,223055,875079.0,2012
0,10,108,110,3883,184385,821271.0,2012
0,11,158,162,6649,328662,1441998.0,2012
0,12,236,249,13380,682083,3237000.0,2012
0,13,139,153,10105,531155,2357096.0,2012
0,14,128,146,12709,677336,3317007.0,2012
0,15,82,97,10873,505585,2222189.0,2012
0,16,70,88,11766,573724,2917721.0,2012
0,17,50,72,10122,545841,3303538.0,2012
0,18,27,47,6618,365994,2509425.0,2012
0,19,5499,5629,122769,6076838,29043422.0,2012
0,20,47,79,14351,747943,4074248.0,2012
0,21,15,19,3723,190315,1032843.0,2012
0,22,26,51,8906,483739,3531616.0,2012
0,23,27,58,7518,423444,2285981.0,2012
0,24,14,28,4226,216025,1360781.0,2012
0,25,45,131,33512,2029832,9834768.0,2012
0,26,59,266,56858,3460054,23461823.0,2012
0,1,999,1252,92147,5354880,31489783.0,2012
0,2,217,217,422,40491,205768.0,2012
0,3,132,132,882,46043,213679.0,2012
0,4,96,96,1104,62524,276861.0,2012
0,5,60,60,1002,51826,244109.0,2012
0,6,505,505,3410,200884,940417.0,2012
0,7,44,44,953,53000,250062.0,2012
0,8,30,30,792,41977,223975.0,2012
0,9,37,38,1132,60130,238530.0,2012
0,10,26,26,922,47921,221400.0,2012
0,11,54,56,2263,115464,498510.0,2012
0,12,55,58,3151,167252,711194.0,2012
0,13,34,37,2486,145848,716564.0,2012
0,14,34,38,3621,242376,1173938.0,2012
0,15,27,35,3795,194388,941048.0,2012
0,16,32,40,5519,282263,1329771.0,2012
0,17,16,24,2791,145657,877064.0,2012
0,18,12,20,2907,171928,1046506.0,2012
0,19,906,951,33742,1869088,9168979.0,2012
0,20,14,27,6366,340516,1691831.0,2012
0,21,8,10,0,0,0.0,2012
0,22,12,28,3912,211568,1753336.0,2012
0,23,8,11,1659,94700,627418.0,2012
0,24,6,12,2605,139026,925729.0,2012
0,25,20,55,13083,799554,4547267.0,2012
0,26,25,158,27939,1744089,11929925.0,2012
0,1,401,517,35657,2081519,12406422.0,2012
0,2,82,82,155,20968,90928.0,2012
0,3,42,42,287,17431,66050.0,2012
0,4,47,47,527,32282,137181.0,2012
0,5,24,24,402,21829,93003.0,2012
0,6,195,195,1371,92510,387162.0,2012
0,7,26,26,550,31241,142125.0,2012
0,8,9,9,245,13837,0.0,2012
0,9,15,15,442,23800,99286.0,2012
0,10,11,11,404,20230,75239.0,2012
0,11,15,15,593,30043,131549.0,2012
0,12,25,26,1415,73520,334572.0,2012
0,13,15,15,987,61423,244850.0,2012
0,14,14,17,0,0,0.0,2012
0,15,10,14,1366,72771,294772.0,2012
0,16,12,14,2453,128135,552955.0,2012
0,17,3,5,303,18676,163054.0,2012
0,18,4,8,1595,90606,529420.0,2012
0,19,354,370,13174,762487,3536076.0,2012
0,20,7,14,2373,147317,746384.0,2012
0,21,3,3,0,0,0.0,2012
0,22,4,8,1047,52102,365064.0,2012
0,23,4,5,756,53192,373561.0,2012
0,24,3,5,0,0,0.0,2012
0,25,12,26,4965,314819,2072333.0,2012
0,26,14,86,10865,635897,4674587.0,2012
0,1,303,371,34663,2119669,10351141.0,2012
0,2,63,63,0,6875,29374.0,2012
0,3,47,47,321,17371,73571.0,2012
0,4,25,25,303,15222,61043.0,2012
0,5,17,17,280,13888,55752.0,2012
0,6,152,152,1023,53356,219740.0,2012
0,7,14,14,311,17301,88981.0,2012
0,8,5,5,140,6974,27329.0,2012
0,9,9,10,280,15672,55953.0,2012
0,10,7,7,256,15276,69784.0,2012
0,11,17,17,664,34659,118902.0,2012
0,12,11,11,589,36112,122617.0,2012
0,13,12,14,806,42985,177636.0,2012
0,14,10,10,1146,63012,217222.0,2012
0,15,8,10,876,40919,183033.0,2012
0,16,12,13,1539,72291,309264.0,2012
0,17,5,7,846,38583,180855.0,2012
0,18,6,8,1057,70483,333735.0,2012
0,19,268,278,9533,507623,2105051.0,2012
0,20,6,12,3630,176844,808513.0,2012
0,21,2,3,0,0,0.0,2012
0,22,6,8,0,53879,0.0,2012
0,23,2,3,0,0,0.0,2012
0,24,2,2,0,0,0.0,2012
0,25,5,10,0,0,0.0,2012
0,26,12,55,13925,980312,5032785.0,2012
0,1,108,121,7567,375997,3879892.0,2012
0,2,29,29,63,2548,22819.0,2012
0,3,19,19,119,4944,39838.0,2012
0,4,5,5,64,2983,22669.0,2012
0,5,4,4,66,2419,16445.0,2012
0,6,57,57,312,12894,101771.0,2012
0,7,2,2,0,0,0.0,2012
0,8,5,5,0,7529,31403.0,2012
0,9,3,3,94,5356,15056.0,2012
0,10,2,2,0,0,0.0,2012
0,11,6,6,238,11377,66088.0,2012
0,12,5,5,244,8157,51127.0,2012
0,13,2,2,0,0,0.0,2012
0,14,4,4,482,43247,310834.0,2012
0,15,1,1,0,0,0.0,2012
0,16,6,8,889,51148,305425.0,2012
0,17,4,5,923,42503,263875.0,2012
0,18,2,2,0,0,0.0,2012
0,19,99,102,4035,213902,1415760.0,2012
0,21,2,3,0,0,0.0,2012
0,22,1,1,0,0,0.0,2012
0,24,1,1,0,0,0.0,2012
0,25,2,4,0,0,0.0,2012
0,26,3,10,2433,96500,1976528.0,2012
0,1,224,243,14260,777695,4852328.0,2012
0,2,43,43,85,10100,62647.0,2012
0,3,24,24,155,6297,34220.0,2012
0,4,19,19,210,12037,55968.0,2012
0,5,15,15,254,13690,78909.0,2012
0,6,101,101,704,42124,231744.0,2012
0,7,2,2,0,0,0.0,2012
0,8,11,11,265,13637,58971.0,2012
0,9,10,10,316,15302,68235.0,2012
0,10,6,6,192,9200,56336.0,2012
0,11,17,18,768,39385,181971.0,2012
0,12,15,16,903,49463,202878.0,2012
0,13,6,6,543,32816,245713.0,2012
0,14,6,7,543,30422,171062.0,2012
0,15,9,10,1341,73945,438827.0,2012
0,16,4,5,0,0,0.0,2012
0,17,5,7,719,45895,269280.0,2012
0,18,1,2,0,0,0.0,2012
0,19,193,201,7000,385076,2112092.0,2012
0,20,1,1,0,0,0.0,2012
0,21,1,1,0,0,0.0,2012
0,22,8,11,1832,105086,833960.0,2012
0,23,3,3,0,0,0.0,2012
0,24,3,4,924,55993,341951.0,2012
0,25,9,15,2891,159674,1037399.0,2012
0,26,6,7,716,31380,246025.0,2012
0,1,4762,5009,159716,8273310,43135699.0,2012
0,2,1878,1878,3323,148262,654032.0,2012
0,3,821,821,5449,209133,772436.0,2012
0,4,442,442,5221,218741,825902.0,2012
0,5,287,287,4831,212372,881142.0,2012
0,6,3428,3428,18824,788508,3133512.0,2012
0,7,208,209,4505,209882,796937.0,2012
0,8,142,143,3764,164767,696195.0,2012
0,9,108,108,3284,162925,636549.0,2012
0,10,82,84,2961,136464,599871.0,2012
0,11,104,106,4386,213198,943488.0,2012
0,12,182,191,10229,514831,2525806.0,2012
0,13,105,116,7619,385307,1640532.0,2012
0,14,96,108,9088,434960,2143069.0,2012
0,15,55,62,7078,311197,1281141.0,2012
0,16,39,48,6247,291461,1587950.0,2012
0,17,37,48,7331,400184,2426474.0,2012
0,18,17,27,3711,194066,1462919.0,2012
0,19,4603,4678,89027,4207750,19874443.0,2012
0,20,36,52,7985,407427,2382417.0,2012
0,21,7,9,882,33976,187545.0,2012
0,22,14,23,4994,272171,1778280.0,2012
0,23,20,47,5859,328744,1658563.0,2012
0,24,10,16,1621,76999,435052.0,2012
0,25,29,76,20429,1230278,5287501.0,2012
0,26,43,108,28919,1715965,11531898.0,2012
0,1,118,176,22522,1153417,6811132.0,2012
0,2,27,27,55,2526,11332.0,2012
0,3,11,11,0,3390,13367.0,2012
0,4,6,6,63,3045,13028.0,2012
0,5,3,3,0,0,0.0,2012
0,6,47,47,235,11429,48024.0,2012
0,7,6,6,126,8149,29790.0,2012
0,8,6,6,0,0,0.0,2012
0,9,4,4,131,5384,20974.0,2012
0,10,3,3,114,5093,13674.0,2012
0,11,7,7,316,18051,57725.0,2012
0,12,6,7,388,16379,73442.0,2012
0,13,4,5,259,10546,42643.0,2012
0,14,4,4,445,23216,134481.0,2012
0,15,1,1,0,0,0.0,2012
0,16,3,4,0,0,0.0,2012
0,17,2,3,0,0,0.0,2012
0,18,1,2,0,0,0.0,2012
0,19,94,99,3413,170381,701821.0,2012
0,20,2,2,0,0,0.0,2012
0,21,1,1,0,0,0.0,2012
0,22,2,7,0,0,0.0,2012
0,23,5,17,3233,188507,906120.0,2012
0,24,1,1,0,0,0.0,2012
0,25,6,22,7165,364124,2072861.0,2012
0,26,7,27,7198,350007,0.0,2012
0,1,110,113,10026,595698,3315141.0,2012
0,2,50,50,83,3001,17743.0,2012
0,3,13,13,0,2783,14159.0,2012
0,4,14,14,154,5803,43577.0,2012
0,5,6,6,0,0,0.0,2012
0,6,83,83,439,16137,102516.0,2012
0,7,6,6,125,5362,34638.0,2012
0,8,2,2,0,0,0.0,2012
0,9,3,3,0,0,0.0,2012
0,10,1,1,0,0,0.0,2012
0,11,2,2,0,0,0.0,2012
0,12,2,2,0,0,0.0,2012
0,14,3,3,345,16285,84264.0,2012
0,16,1,1,0,0,0.0,2012
0,18,1,1,0,0,0.0,2012
0,19,104,104,1873,87461,605537.0,2012
0,22,1,1,0,0,0.0,2012
0,25,2,3,0,0,0.0,2012
0,26,3,5,0,0,0.0,2012
0,1,45,55,11405,845042,3691316.0,2012
0,2,16,16,22,1298,10045.0,2012
0,3,5,5,33,1951,15533.0,2012
0,4,4,4,0,0,0.0,2012
0,5,1,1,0,0,0.0,2012
0,6,26,26,129,6532,53554.0,2012
0,8,1,1,0,0,0.0,2012
0,11,1,1,0,0,0.0,2012
0,12,2,2,0,0,0.0,2012
0,13,1,1,0,0,0.0,2012
0,14,1,1,0,0,0.0,2012
0,15,1,1,0,0,0.0,2012
0,16,1,1,0,0,0.0,2012
0,17,1,2,0,0,0.0,2012
0,19,35,36,1038,43411,314440.0,2012
0,22,1,2,0,0,0.0,2012
0,23,1,1,0,0,0.0,2012
0,25,2,2,0,0,0.0,2012
0,26,6,14,5216,382466,2215027.0,2012
0,1,327,347,15731,970038,6004232.0,2012
0,2,138,138,0,9426,51655.0,2012
0,3,41,41,278,11505,53887.0,2012
0,4,25,25,293,11592,58196.0,2012
0,5,19,19,325,14064,101217.0,2012
0,6,223,223,1121,46587,264955.0,2012
0,7,9,10,197,8152,55115.0,2012
0,8,12,12,327,16706,63772.0,2012
0,9,5,5,141,8437,57654.0,2012
0,10,6,6,215,19018,116208.0,2012
0,11,11,11,463,20907,96641.0,2012
0,12,25,25,1474,77914,600462.0,2012
0,13,5,5,402,23997,110941.0,2012
0,14,5,7,389,14799,0.0,2012
0,15,5,5,535,19668,68266.0,2012
0,16,4,4,0,0,0.0,2012
0,17,5,6,1526,101345,580388.0,2012
0,18,1,3,0,0,0.0,2012
0,19,316,322,8207,442980,2921585.0,2012
0,20,4,5,0,0,0.0,2012
0,22,2,4,0,0,0.0,2012
0,23,1,1,0,0,0.0,2012
0,25,1,6,0,0,0.0,2012
0,26,3,9,2038,182625,858752.0,2012
0,1,700,765,29914,1554661,8539434.0,2012
0,2,181,181,355,25020,106801.0,2012
0,3,119,119,806,29804,115388.0,2012
0,4,69,69,836,37145,143831.0,2012
0,5,52,52,854,38953,150739.0,2012
0,6,421,421,2851,130922,516759.0,2012
0,7,38,38,818,42564,162958.0,2012
0,8,18,18,486,23909,97929.0,2012
0,9,21,21,669,42642,153247.0,2012
0,10,18,18,663,32314,165866.0,2012
0,11,15,16,651,32332,171743.0,2012
0,12,42,44,2374,154043,818844.0,2012
0,13,26,31,2171,122091,520530.0,2012
0,14,27,30,2295,101907,443446.0,2012
0,15,11,11,1396,71672,0.0,2012
0,16,8,10,1504,77760,288036.0,2012
0,17,9,13,1774,93130,696104.0,2012
0,18,4,5,0,0,0.0,2012
0,19,658,676,18064,942425,4574694.0,2012
0,20,9,10,0,98906,572419.0,2012
0,21,3,4,0,0,0.0,2012
0,22,4,4,613,23819,136161.0,2012
0,23,6,18,0,0,0.0,2012
0,24,3,3,396,18923,73872.0,2012
0,25,8,27,2915,136814,642716.0,2012
0,26,9,23,4425,246602,2054592.0,2012
0,1,3483,3553,70118,3154454,14774444.0,2012
0,2,1466,1466,2583,106991,456456.0,2012
0,3,632,632,4173,159700,560102.0,2012
0,4,324,324,3818,158602,545266.0,2012
0,5,206,206,3475,151608,585880.0,2012
0,6,2628,2628,14049,576901,2147704.0,2012
0,7,149,149,3239,145655,514436.0,2012
0,8,103,104,2703,112718,486963.0,2012
0,9,75,75,2259,103732,390779.0,2012
0,10,54,56,1936,78695,296638.0,2012
0,11,68,69,2830,135135,541034.0,2012
0,12,107,111,5779,259780,981848.0,2012
0,13,69,74,4760,227723,958624.0,2012
0,14,58,63,5516,275542,1201987.0,2012
0,15,38,44,4839,205614,876471.0,2012
0,16,22,28,3008,122705,615338.0,2012
0,17,20,24,3377,171078,965979.0,2012
0,18,11,16,2137,105814,778565.0,2012
0,19,3402,3441,56432,2521092,10756366.0,2012
0,20,23,35,4292,181142,1066878.0,2012
0,21,3,4,0,0,0.0,2012
0,22,5,5,314,15973,72739.0,2012
0,23,9,10,0,0,0.0,2012
0,24,6,12,1157,54762,340837.0,2012
0,25,13,16,1942,90382,527885.0,2012
0,26,22,30,4549,229974,1659596.0,2012
0,1,21772,24157,1044231,60446720,408164017.0,2012
0,2,6885,6885,13513,670515,3064842.0,2012
0,3,3915,3921,26325,1222338,4925783.0,2012
0,4,2177,2182,25591,1236929,4879597.0,2012
0,5,1493,1504,24889,1273013,5113080.0,2012
0,6,14470,14492,90318,4402795,17983302.0,2012
0,7,1033,1040,22366,1181989,4742395.0,2012
0,8,772,783,20631,1109155,4520888.0,2012
0,9,585,593,18202,988579,3972503.0,2012
0,10,507,519,18176,1000233,4371006.0,2012
0,11,747,777,32026,1726547,7388856.0,2012
0,12,1031,1099,57912,3177886,13961980.0,2012
0,13,527,595,41258,2236592,10422255.0,2012
0,14,547,646,57946,3182422,15357144.0,2012
0,15,282,359,36911,2060403,10239246.0,2012
0,16,304,448,52103,2998221,15904777.0,2012
0,17,174,276,37497,2163616,11151850.0,2012
0,18,107,179,27374,1732830,8844607.0,2012
0,19,21086,21806,512720,27961268,128860809.0,2012
0,20,153,269,44149,2534203,15511348.0,2012
0,21,85,197,34580,2122632,14804029.0,2012
0,22,89,200,38132,2227811,12910718.0,2012
0,23,72,247,39753,2366860,15555030.0,2012
0,24,32,106,19257,1094129,8781695.0,2012
0,25,107,399,82773,5448861,37266950.0,2012
0,26,148,933,272867,16690956,174473438.0,2012
0,1,2687,3055,210865,11837362,122124332.0,2012
0,2,741,741,1407,73696,478711.0,2012
0,3,455,456,3147,133334,712864.0,2012
0,4,245,246,2863,127324,675328.0,2012
0,5,161,162,2696,125699,610239.0,2012
0,6,1602,1605,10113,460053,2477142.0,2012
0,7,141,141,3011,131114,786306.0,2012
0,8,106,106,2842,133015,665147.0,2012
0,9,77,77,2331,120954,703774.0,2012
0,10,64,64,2295,112775,664493.0,2012
0,11,86,88,3709,197758,1155466.0,2012
0,12,143,160,7885,409444,2218810.0,2012
0,13,80,93,6348,325380,1912609.0,2012
0,14,80,92,7904,416142,2350755.0,2012
0,15,46,55,6549,356579,2183490.0,2012
0,16,64,84,11397,654968,4493156.0,2012
0,17,33,47,7991,398020,2406074.0,2012
0,18,18,24,4303,233638,1475808.0,2012
0,19,2540,2636,76678,3949840,23493030.0,2012
0,20,29,43,8749,470197,4014618.0,2012
0,21,18,24,5840,320840,1943009.0,2012
0,22,12,28,9263,555451,3482543.0,2012
0,23,10,24,4923,242180,1946635.0,2012
0,24,10,29,0,0,0.0,2012
0,25,26,58,15056,861630,8332321.0,2012
0,26,42,213,83936,5045288,75178286.0,2012
0,1,1191,1284,82210,3882512,47754170.0,2012
0,2,365,365,697,26799,182291.0,2012
0,3,229,229,1602,52285,312316.0,2012
0,4,113,114,1330,48350,315947.0,2012
0,5,69,70,1168,45486,225725.0,2012
0,6,776,778,4797,172920,1036279.0,2012
0,7,76,76,1631,61324,395348.0,2012
0,8,36,36,980,37862,199417.0,2012
0,9,38,38,1105,49675,273150.0,2012
0,10,21,21,720,27255,133649.0,2012
0,11,21,21,906,42261,232342.0,2012
0,12,56,62,3205,142582,835446.0,2012
0,13,33,40,2576,115505,696658.0,2012
0,14,28,30,2913,149696,844164.0,2012
0,15,15,18,2393,140829,797194.0,2012
0,16,25,31,4151,186080,1380757.0,2012
0,17,12,19,3070,142097,1179966.0,2012
0,18,7,9,1925,86550,652186.0,2012
0,19,1144,1179,30372,1354636,8656556.0,2012
0,20,10,11,2831,147760,1306895.0,2012
0,21,10,13,3412,159088,1111224.0,2012
0,22,5,13,0,188457,1571994.0,2012
0,23,5,7,2421,108946,1095869.0,2012
0,25,4,7,4983,244114,2081692.0,2012
0,26,13,54,34100,1679511,0.0,2012
0,1,1048,1124,65302,3330154,40326653.0,2012
0,2,313,313,600,23463,133350.0,2012
0,3,199,199,1392,46797,235143.0,2012
0,4,99,100,1170,41815,245037.0,2012
0,5,65,66,1092,42361,189947.0,2012
0,6,676,678,4254,154436,803477.0,2012
0,7,66,66,1433,54660,353958.0,2012
0,8,35,35,948,36170,192051.0,2012
0,9,34,34,1015,44446,250610.0,2012
0,10,21,21,720,27255,133649.0,2012
0,11,19,19,818,39691,219880.0,2012
0,12,51,57,2941,133224,770588.0,2012
0,13,31,38,2387,108663,625740.0,2012
0,14,22,24,2368,129451,760149.0,2012
0,15,14,17,2221,136984,769086.0,2012
0,16,22,28,3678,168412,1272935.0,2012
0,17,10,17,2468,116472,852665.0,2012
0,18,7,9,1925,86550,652186.0,2012
0,19,1008,1043,27176,1236414,7656974.0,2012
0,20,8,8,2383,127264,936460.0,2012
0,21,8,11,3333,155699,1063190.0,2012
0,22,5,11,3055,155488,1117533.0,2012
0,23,4,6,2240,101434,1024276.0,2012
0,25,4,7,4983,244114,2081692.0,2012
0,26,11,38,0,0,0.0,2012
0,1,148,160,16908,552358,7427517.0,2012
0,2,52,52,97,3336,48941.0,2012
0,3,30,30,210,5488,77173.0,2012
0,4,14,14,160,6535,70910.0,2012
0,5,4,4,0,3125,35778.0,2012
0,6,100,100,543,18484,232802.0,2012
0,7,10,10,198,6664,41390.0,2012
0,8,1,1,0,0,0.0,2012
0,9,4,4,0,0,0.0,2012
0,11,2,2,0,0,0.0,2012
0,12,5,5,0,0,0.0,2012
0,13,2,2,0,0,0.0,2012
0,14,6,6,545,20245,84015.0,2012
0,15,1,1,0,0,0.0,2012
0,16,3,3,0,0,0.0,2012
0,17,2,2,0,0,0.0,2012
0,19,136,136,3196,118222,999582.0,2012
0,20,3,3,448,20496,370435.0,2012
0,21,2,2,0,0,0.0,2012
0,22,1,2,0,0,0.0,2012
0,23,1,1,0,0,0.0,2012
0,26,5,16,11968,369770,5483412.0,2012
0,1,689,772,58069,3204261,38046048.0,2012
0,2,166,166,312,17159,100097.0,2012
0,3,96,96,661,28959,137015.0,2012
0,4,72,72,846,40513,187202.0,2012
0,5,39,39,652,28031,155397.0,2012
0,6,373,373,2471,114662,579711.0,2012
0,7,30,30,626,28636,162844.0,2012
0,8,31,31,832,37824,190826.0,2012
0,9,22,22,697,36125,152915.0,2012
0,10,23,23,848,39134,294629.0,2012
0,11,26,27,1131,53890,304340.0,2012
0,12,42,43,2280,117358,592823.0,2012
0,13,24,28,1734,84016,465062.0,2012
0,14,24,29,2383,126334,600851.0,2012
0,15,13,13,1575,84012,640923.0,2012
0,16,15,19,2182,111216,857123.0,2012
0,17,9,10,1306,63513,295655.0,2012
0,18,7,8,1710,85413,407450.0,2012
0,19,639,656,19775,982133,5545152.0,2012
0,20,13,21,3889,181348,1871932.0,2012
0,21,3,3,320,16354,261787.0,2012
0,22,4,7,2779,151109,0.0,2012
0,23,3,10,0,0,0.0,2012
0,24,4,11,0,0,0.0,2012
0,25,9,22,4516,252652,0.0,2012
0,26,14,42,20348,1247503,22982472.0,2012
0,1,689,772,58069,3204261,38046048.0,2012
0,2,166,166,312,17159,100097.0,2012
0,3,96,96,661,28959,137015.0,2012
0,4,72,72,846,40513,187202.0,2012
0,5,39,39,652,28031,155397.0,2012
0,6,373,373,2471,114662,579711.0,2012
0,7,30,30,626,28636,162844.0,2012
0,8,31,31,832,37824,190826.0,2012
0,9,22,22,697,36125,152915.0,2012
0,10,23,23,848,39134,294629.0,2012
0,11,26,27,1131,53890,304340.0,2012
0,12,42,43,2280,117358,592823.0,2012
0,13,24,28,1734,84016,465062.0,2012
0,14,24,29,2383,126334,600851.0,2012
0,15,13,13,1575,84012,640923.0,2012
0,16,15,19,2182,111216,857123.0,2012
0,17,9,10,1306,63513,295655.0,2012
0,18,7,8,1710,85413,407450.0,2012
0,19,639,656,19775,982133,5545152.0,2012
0,20,13,21,3889,181348,1871932.0,2012
0,21,3,3,320,16354,261787.0,2012
0,22,4,7,2779,151109,0.0,2012
0,23,3,10,0,0,0.0,2012
0,24,4,11,0,0,0.0,2012
0,25,9,22,4516,252652,0.0,2012
0,26,14,42,20348,1247503,22982472.0,2012
0,1,832,999,70586,4750589,36324114.0,2012
0,2,210,210,398,29738,196323.0,2012
0,3,130,131,884,52090,263533.0,2012
0,4,60,60,687,38461,172179.0,2012
0,5,53,53,876,52182,229117.0,2012
0,6,453,454,2845,172471,861152.0,2012
0,7,35,35,754,41154,228114.0,2012
0,8,39,39,1030,57329,274904.0,2012
0,9,17,17,529,35154,277709.0,2012
0,10,20,20,727,46386,236215.0,2012
0,11,39,40,1672,101607,618784.0,2012
0,12,45,55,2400,149504,790541.0,2012
0,13,24,25,2038,125859,750889.0,2012
0,14,30,33,2608,140112,905740.0,2012
0,15,19,24,2581,131738,745373.0,2012
0,16,27,34,5064,357672,2255276.0,2012
0,17,13,18,3615,192410,930453.0,2012
0,18,4,7,0,0,0.0,2012
0,19,765,801,26531,1613071,9291322.0,2012
0,20,8,11,2029,141089,835791.0,2012
0,21,6,8,2108,145398,569998.0,2012
0,22,5,8,2393,215885,1282971.0,2012
0,23,4,7,0,0,0.0,2012
0,24,6,18,2103,125117,1035400.0,2012
0,25,17,29,5557,364864,2832169.0,2012
0,26,21,117,29488,2118274,20265874.0,2012
0,1,248,286,19481,1210607,11936377.0,2012
0,2,64,64,120,7993,55710.0,2012
0,3,28,28,181,8096,36308.0,2012
0,4,19,19,213,9822,38813.0,2012
0,5,19,19,299,15531,79907.0,2012
0,6,130,130,813,41442,210738.0,2012
0,7,12,12,255,10774,56993.0,2012
0,8,16,16,431,23750,99145.0,2012
0,9,3,3,76,4092,21509.0,2012
0,10,6,6,0,9861,49761.0,2012
0,11,12,12,511,30171,151457.0,2012
0,12,8,11,454,30008,113141.0,2012
0,13,8,9,656,39139,180991.0,2012
0,14,11,12,735,36764,229205.0,2012
0,15,8,12,1056,54022,266787.0,2012
0,16,7,11,0,0,0.0,2012
0,17,3,6,0,0,0.0,2012
0,18,2,3,0,0,0.0,2012
0,19,226,243,7065,393174,2242894.0,2012
0,20,3,3,690,44024,0.0,2012
0,21,1,1,0,0,0.0,2012
0,23,2,2,0,0,0.0,2012
0,24,2,3,0,0,0.0,2012
0,25,8,11,2101,127200,1205593.0,2012
0,26,6,23,0,0,0.0,2012
0,1,591,713,51105,3539982,24387737.0,2012
0,2,146,146,278,21745,140613.0,2012
0,3,102,103,703,43994,227225.0,2012
0,4,41,41,474,28639,133366.0,2012
0,5,34,34,577,36651,149210.0,2012
0,6,323,324,2032,131029,650414.0,2012
0,7,23,23,499,30380,171121.0,2012
0,8,23,23,599,33579,175759.0,2012
0,9,14,14,453,31062,256200.0,2012
0,10,14,14,514,36525,186454.0,2012
0,11,27,28,1161,71436,467327.0,2012
0,12,37,44,1946,119496,677400.0,2012
0,13,16,16,1382,86720,569898.0,2012
0,14,19,21,1873,103348,676535.0,2012
0,15,11,12,1525,77716,478586.0,2012
0,16,20,23,3693,269479,1525469.0,2012
0,17,10,12,3216,172033,834447.0,2012
0,18,3,4,0,0,0.0,2012
0,19,540,558,19466,1219897,7048428.0,2012
0,20,5,8,1339,97065,498065.0,2012
0,21,5,7,2006,141601,551383.0,2012
0,22,5,8,2393,215885,1282971.0,2012
0,23,2,5,0,0,0.0,2012
0,24,5,15,1623,96622,804217.0,2012
0,25,12,18,3456,237664,1626576.0,2012
0,26,17,94,20602,1515894,12499690.0,2012
0,1,3126,3289,97475,6897913,32848803.0,2012
0,2,1030,1030,1979,95099,418474.0,2012
0,3,553,553,3665,168722,635879.0,2012
0,4,300,300,3499,167184,630027.0,2012
0,5,214,217,3509,177860,664649.0,2012
0,6,2097,2100,12652,608865,2349029.0,2012
0,7,147,149,3193,172562,674543.0,2012
0,8,114,114,2986,153741,623317.0,2012
0,9,82,83,2566,136317,558532.0,2012
0,10,80,84,2771,169145,710486.0,2012
0,11,91,95,3768,205848,831149.0,2012
0,12,140,149,7938,481481,1976745.0,2012
0,13,65,68,4863,273586,1188251.0,2012
0,14,80,90,7919,481396,2340761.0,2012
0,15,34,50,4346,282480,1358041.0,2012
0,16,39,59,6328,432194,2077127.0,2012
0,17,27,37,4270,327260,1303251.0,2012
0,18,19,30,5389,439817,1753624.0,2012
0,19,3015,3108,68989,4164692,17744856.0,2012
0,20,22,31,4641,409658,1735177.0,2012
0,21,5,8,1712,122419,511546.0,2012
0,22,18,24,2787,187541,931119.0,2012
0,23,13,22,0,0,0.0,2012
0,24,7,13,0,0,0.0,2012
0,25,17,32,6401,851991,2518574.0,2012
0,26,29,51,0,0,0.0,2012
0,1,3126,3289,97475,6897913,32848803.0,2012
0,2,1030,1030,1979,95099,418474.0,2012
0,3,553,553,3665,168722,635879.0,2012
0,4,300,300,3499,167184,630027.0,2012
0,5,214,217,3509,177860,664649.0,2012
0,6,2097,2100,12652,608865,2349029.0,2012
0,7,147,149,3193,172562,674543.0,2012
0,8,114,114,2986,153741,623317.0,2012
0,9,82,83,2566,136317,558532.0,2012
0,10,80,84,2771,169145,710486.0,2012
0,11,91,95,3768,205848,831149.0,2012
0,12,140,149,7938,481481,1976745.0,2012
0,13,65,68,4863,273586,1188251.0,2012
0,14,80,90,7919,481396,2340761.0,2012
0,15,34,50,4346,282480,1358041.0,2012
0,16,39,59,6328,432194,2077127.0,2012
0,17,27,37,4270,327260,1303251.0,2012
0,18,19,30,5389,439817,1753624.0,2012
0,19,3015,3108,68989,4164692,17744856.0,2012
0,20,22,31,4641,409658,1735177.0,2012
0,21,5,8,1712,122419,511546.0,2012
0,22,18,24,2787,187541,931119.0,2012
0,23,13,22,0,0,0.0,2012
0,24,7,13,0,0,0.0,2012
0,25,17,32,6401,851991,2518574.0,2012
0,26,29,51,0,0,0.0,2012
0,1,415,449,15469,970980,4618890.0,2012
0,2,107,107,193,12531,49516.0,2012
0,3,65,65,429,19584,83823.0,2012
0,4,40,40,461,25603,86198.0,2012
0,5,27,27,446,22881,76979.0,2012
0,6,239,239,1529,80599,296516.0,2012
0,7,22,22,411,21685,76512.0,2012
0,8,19,19,498,26632,107839.0,2012
0,9,13,14,410,21322,91905.0,2012
0,10,19,20,703,39346,193250.0,2012
0,11,20,22,858,49671,256389.0,2012
0,12,23,24,1333,93952,359213.0,2012
0,13,14,16,982,52657,266672.0,2012
0,14,12,16,1235,70178,321097.0,2012
0,15,4,7,499,29768,125011.0,2012
0,16,9,13,1740,118402,570292.0,2012
0,17,2,2,0,0,0.0,2012
0,18,2,5,0,0,0.0,2012
0,19,398,419,11379,682333,2991514.0,2012
0,20,4,5,687,52953,325921.0,2012
0,22,4,5,427,32731,153395.0,2012
0,23,4,10,1366,103525,419919.0,2012
0,25,1,1,0,0,0.0,2012
0,26,4,9,1485,86956,681349.0,2012
0,1,166,184,14975,1886633,10468506.0,2012
0,2,33,33,0,4194,14792.0,2012
0,3,24,24,161,10314,37475.0,2012
0,4,16,16,174,13484,47017.0,2012
0,5,7,7,112,5754,17439.0,2012
0,6,80,80,510,33746,116723.0,2012
0,7,14,14,298,20571,79932.0,2012
0,8,8,8,223,10687,42722.0,2012
0,9,3,3,96,8541,25977.0,2012
0,10,5,6,0,0,0.0,2012
0,11,6,6,281,20246,52199.0,2012
0,12,8,9,498,33898,246986.0,2012
0,13,4,4,0,0,0.0,2012
0,14,6,7,617,53142,299906.0,2012
0,15,4,5,460,30929,0.0,2012
0,16,3,4,0,0,0.0,2012
0,17,4,5,658,53957,144774.0,2012
0,18,1,1,0,0,0.0,2012
0,19,146,152,4785,385878,1811922.0,2012
0,20,5,7,1521,187481,670683.0,2012
0,21,1,2,0,0,0.0,2012
0,22,2,3,0,0,0.0,2012
0,23,2,3,0,0,0.0,2012
0,24,3,5,0,0,0.0,2012
0,25,3,5,0,0,0.0,2012
0,26,4,7,0,0,0.0,2012
0,1,400,425,11972,724409,3122511.0,2012
0,2,140,140,274,9565,37464.0,2012
0,3,65,65,422,16576,70598.0,2012
0,4,31,31,350,15101,57568.0,2012
0,5,28,29,443,22158,88443.0,2012
0,6,264,265,1489,63400,254073.0,2012
0,7,20,20,469,25334,100414.0,2012
0,8,16,16,405,19669,64456.0,2012
0,9,11,11,323,14736,62901.0,2012
0,10,10,12,314,21672,104394.0,2012
0,11,15,15,623,30856,138090.0,2012
0,12,19,19,1116,66442,253443.0,2012
0,13,10,10,757,44779,186148.0,2012
0,14,9,9,0,0,0.0,2012
0,15,2,2,0,0,0.0,2012
0,16,5,8,655,41594,165531.0,2012
0,17,3,5,0,0,0.0,2012
0,18,4,8,1379,99897,375256.0,2012
0,19,388,400,8899,516849,2082782.0,2012
0,21,1,1,0,0,0.0,2012
0,22,3,6,1028,65469,309622.0,2012
0,24,1,1,0,0,0.0,2012
0,25,3,12,1731,121502,560181.0,2012
0,26,4,5,0,0,0.0,2012
0,1,328,349,8297,461579,1840022.0,2012
0,2,100,100,190,10168,39111.0,2012
0,3,65,65,428,20615,76856.0,2012
0,4,39,39,449,18818,73944.0,2012
0,5,24,25,382,17853,71635.0,2012
0,6,228,229,1449,67454,261546.0,2012
0,7,15,16,333,19180,66263.0,2012
0,8,15,15,393,17595,85152.0,2012
0,9,6,6,193,10299,32965.0,2012
0,10,7,7,223,13491,51654.0,2012
0,11,10,10,404,22115,90447.0,2012
0,12,15,17,764,38229,144094.0,2012
0,13,7,7,470,25409,108609.0,2012
0,14,3,3,0,0,0.0,2012
0,15,3,12,0,0,0.0,2012
0,16,4,5,611,29788,108174.0,2012
0,17,5,9,802,50126,211365.0,2012
0,18,1,1,0,0,0.0,2012
0,19,319,337,6409,333144,1380112.0,2012
0,20,2,3,0,0,0.0,2012
0,21,1,1,0,0,0.0,2012
0,22,1,1,0,0,0.0,2012
0,23,1,2,0,0,0.0,2012
0,24,1,1,0,0,0.0,2012
0,25,1,2,0,0,0.0,2012
0,26,2,2,0,0,0.0,2012
0,1,1835,1882,46762,2854312,12798874.0,2012
0,2,650,650,1259,58641,277591.0,2012
0,3,334,334,2225,101633,367127.0,2012
0,4,174,174,2065,94178,365300.0,2012
0,5,128,129,2126,109214,410153.0,2012
0,6,1286,1287,7675,363666,1420171.0,2012
0,7,76,77,1682,85792,351422.0,2012
0,8,56,56,1467,79158,323148.0,2012
0,9,49,49,1544,81419,344784.0,2012
0,10,39,39,1370,83459,324408.0,2012
0,11,40,42,1602,82960,294024.0,2012
0,12,75,80,4227,248960,973009.0,2012
0,13,31,31,2354,129811,566004.0,2012
0,14,50,55,5156,307249,1522507.0,2012
0,15,21,24,2721,186109,844635.0,2012
0,16,21,29,2721,162643,832606.0,2012
0,17,14,16,1854,147864,616792.0,2012
0,18,13,15,3144,287398,1065016.0,2012
0,19,1771,1800,37517,2246488,9478526.0,2012
0,20,13,16,1675,120568,556699.0,2012
0,21,2,4,0,0,0.0,2012
0,22,8,9,711,39759,255242.0,2012
0,23,7,7,421,27828,150478.0,2012
0,24,3,6,0,0,0.0,2012
0,25,10,12,881,58065,353974.0,2012
0,26,21,28,0,0,0.0,2012
0,1,1891,2027,77445,4702802,24203397.0,2012
0,2,669,669,1215,62725,321557.0,2012
0,3,311,313,2100,114172,463881.0,2012
0,4,177,178,2093,103292,475757.0,2012
0,5,100,102,1643,87540,346910.0,2012
0,6,1257,1262,7051,367729,1608105.0,2012
0,7,80,80,1775,84613,380194.0,2012
0,8,55,57,1485,82454,351693.0,2012
0,9,44,44,1296,66974,287817.0,2012
0,10,30,30,1114,58656,254829.0,2012
0,11,59,62,2484,130511,513625.0,2012
0,12,99,105,5505,296588,1287325.0,2012
0,13,52,53,4155,216741,1067949.0,2012
0,14,34,38,3499,196197,878543.0,2012
0,15,24,27,3276,183238,946148.0,2012
0,16,22,22,2793,164377,787771.0,2012
0,17,14,17,2262,148355,776114.0,2012
0,18,12,15,2163,143637,736129.0,2012
0,19,1782,1812,38858,2140070,9876242.0,2012
0,20,24,34,6067,354560,2371169.0,2012
0,21,10,13,2374,150214,903465.0,2012
0,22,14,25,5171,301307,0.0,2012
0,23,15,32,5706,394224,2112733.0,2012
0,24,6,13,768,43993,209631.0,2012
0,25,8,15,1827,124242,415318.0,2012
0,26,32,83,16674,1194192,6835729.0,2012
0,1,1891,2027,77445,4702802,24203397.0,2012
0,2,669,669,1215,62725,321557.0,2012
0,3,311,313,2100,114172,463881.0,2012
0,4,177,178,2093,103292,475757.0,2012
0,5,100,102,1643,87540,346910.0,2012
0,6,1257,1262,7051,367729,1608105.0,2012
0,7,80,80,1775,84613,380194.0,2012
0,8,55,57,1485,82454,351693.0,2012
0,9,44,44,1296,66974,287817.0,2012
0,10,30,30,1114,58656,254829.0,2012
0,11,59,62,2484,130511,513625.0,2012
0,12,99,105,5505,296588,1287325.0,2012
0,13,52,53,4155,216741,1067949.0,2012
0,14,34,38,3499,196197,878543.0,2012
0,15,24,27,3276,183238,946148.0,2012
0,16,22,22,2793,164377,787771.0,2012
0,17,14,17,2262,148355,776114.0,2012
0,18,12,15,2163,143637,736129.0,2012
0,19,1782,1812,38858,2140070,9876242.0,2012
0,20,24,34,6067,354560,2371169.0,2012
0,21,10,13,2374,150214,903465.0,2012
0,22,14,25,5171,301307,0.0,2012
0,23,15,32,5706,394224,2112733.0,2012
0,24,6,13,768,43993,209631.0,2012
0,25,8,15,1827,124242,415318.0,2012
0,26,32,83,16674,1194192,6835729.0,2012
0,1,392,423,17583,1159792,4711282.0,2012
0,2,126,126,218,11731,42135.0,2012
0,3,63,63,419,28847,87816.0,2012
0,4,42,42,498,27237,94808.0,2012
0,5,19,19,309,18757,57525.0,2012
0,6,250,250,1444,86572,282284.0,2012
0,7,15,15,334,16626,66996.0,2012
0,8,16,18,439,28798,105165.0,2012
0,9,8,8,230,13048,36504.0,2012
0,10,6,6,218,14071,48680.0,2012
0,11,10,10,426,25050,72238.0,2012
0,12,21,22,1154,66872,234576.0,2012
0,13,9,9,722,39411,214289.0,2012
0,14,7,8,653,34218,148814.0,2012
0,15,2,2,0,0,0.0,2012
0,16,8,8,880,56034,176835.0,2012
0,17,4,6,174,15015,51263.0,2012
0,18,2,2,0,0,0.0,2012
0,19,358,364,7303,445205,1699422.0,2012
0,20,4,4,0,0,0.0,2012
0,21,2,2,0,0,0.0,2012
0,22,6,13,2138,128904,519932.0,2012
0,23,3,3,0,0,0.0,2012
0,24,3,4,394,23730,92817.0,2012
0,25,3,8,1177,86435,168490.0,2012
0,26,13,25,0,0,0.0,2012
0,1,221,226,5344,338009,2112712.0,2012
0,2,104,104,189,9694,43959.0,2012
0,3,40,40,272,17285,68790.0,2012
0,4,15,15,187,7917,34924.0,2012
0,5,11,11,185,8599,25196.0,2012
0,6,170,170,833,43495,172869.0,2012
0,7,4,4,0,0,0.0,2012
0,8,4,4,117,6950,35628.0,2012
0,9,6,6,186,11070,41749.0,2012
0,11,7,7,306,17295,64682.0,2012
0,12,7,7,395,31744,105923.0,2012
0,13,6,7,419,24839,153349.0,2012
0,14,1,2,0,0,0.0,2012
0,15,2,2,0,0,0.0,2012
0,17,2,2,0,0,0.0,2012
0,18,1,2,0,0,0.0,2012
0,19,210,213,3557,218716,917329.0,2012
0,20,3,5,0,0,0.0,2012
0,22,1,1,0,0,0.0,2012
0,24,1,1,0,0,0.0,2012
0,25,2,2,0,0,0.0,2012
0,26,4,4,0,0,0.0,2012
0,1,1284,1378,54518,3205001,17379403.0,2012
0,2,439,439,808,41300,235463.0,2012
0,3,208,210,1409,68040,307275.0,2012
0,4,120,121,1408,68138,346025.0,2012
0,5,70,72,1149,60184,264189.0,2012
0,6,837,842,4774,237662,1152952.0,2012
0,7,61,61,1364,62016,284934.0,2012
0,8,35,35,929,46706,210900.0,2012
0,9,30,30,880,42856,209564.0,2012
0,10,24,24,896,44585,206149.0,2012
0,11,42,45,1752,88166,376705.0,2012
0,12,71,76,3956,197972,946826.0,2012
0,13,37,37,3014,152491,700311.0,2012
0,14,26,28,2711,154903,709491.0,2012
0,15,20,23,2633,146833,791225.0,2012
0,16,14,14,1913,108343,610936.0,2012
0,17,8,9,1750,113823,635467.0,2012
0,18,9,11,1426,79793,424031.0,2012
0,19,1214,1235,27998,1476149,7259491.0,2012
0,20,17,25,4306,253091,1855366.0,2012
0,21,8,11,2173,133846,784032.0,2012
0,22,8,11,0,0,0.0,2012
0,23,12,29,5202,351766,1954499.0,2012
0,24,2,8,0,0,0.0,2012
0,25,4,5,572,31053,176678.0,2012
0,26,19,54,10935,771513,4282674.0,2012
0,1,1566,1841,126920,5959677,41852681.0,2012
0,2,399,399,749,45461,234356.0,2012
0,3,264,265,1782,81262,403931.0,2012
0,4,142,142,1673,75972,355477.0,2012
0,5,103,104,1736,92275,462735.0,2012
0,6,908,910,5940,294970,1456499.0,2012
0,7,63,66,1363,83589,352378.0,2012
0,8,40,40,1063,57282,235805.0,2012
0,9,49,49,1514,85585,341684.0,2012
0,10,49,51,1771,92263,409600.0,2012
0,11,67,68,2999,147485,763868.0,2012
0,12,83,83,4463,224213,1201191.0,2012
0,13,63,67,5050,245774,1488063.0,2012
0,14,51,60,5524,253059,1350470.0,2012
0,15,24,29,3266,182132,931439.0,2012
0,16,34,53,6836,326928,1968476.0,2012
0,17,20,29,4595,208506,1099952.0,2012
0,18,15,25,3055,135415,1045809.0,2012
0,19,1466,1530,47439,2337201,12645234.0,2012
0,20,18,37,5219,193873,1114525.0,2012
0,21,9,22,3188,155081,1058709.0,2012
0,22,10,24,4303,188496,1142736.0,2012
0,23,9,21,4635,198196,1116891.0,2012
0,24,7,18,0,0,0.0,2012
0,25,16,57,13985,676796,5915535.0,2012
0,26,31,132,42925,2002655,17814929.0,2012
0,1,1566,1841,126920,5959677,41852681.0,2012
0,2,399,399,749,45461,234356.0,2012
0,3,264,265,1782,81262,403931.0,2012
0,4,142,142,1673,75972,355477.0,2012
0,5,103,104,1736,92275,462735.0,2012
0,6,908,910,5940,294970,1456499.0,2012
0,7,63,66,1363,83589,352378.0,2012
0,8,40,40,1063,57282,235805.0,2012
0,9,49,49,1514,85585,341684.0,2012
0,10,49,51,1771,92263,409600.0,2012
0,11,67,68,2999,147485,763868.0,2012
0,12,83,83,4463,224213,1201191.0,2012
0,13,63,67,5050,245774,1488063.0,2012
0,14,51,60,5524,253059,1350470.0,2012
0,15,24,29,3266,182132,931439.0,2012
0,16,34,53,6836,326928,1968476.0,2012
0,17,20,29,4595,208506,1099952.0,2012
0,18,15,25,3055,135415,1045809.0,2012
0,19,1466,1530,47439,2337201,12645234.0,2012
0,20,18,37,5219,193873,1114525.0,2012
0,21,9,22,3188,155081,1058709.0,2012
0,22,10,24,4303,188496,1142736.0,2012
0,23,9,21,4635,198196,1116891.0,2012
0,24,7,18,0,0,0.0,2012
0,25,16,57,13985,676796,5915535.0,2012
0,26,31,132,42925,2002655,17814929.0,2012
0,1,414,491,24138,1124803,6017917.0,2012
0,2,84,84,162,10983,48939.0,2012
0,3,73,73,497,19821,88074.0,2012
0,4,40,40,467,21835,96835.0,2012
0,5,23,23,391,18198,84383.0,2012
0,6,220,220,1517,70837,318231.0,2012
0,7,22,23,487,35363,132500.0,2012
0,8,11,11,271,12024,52352.0,2012
0,9,15,15,462,23575,87022.0,2012
0,10,18,19,628,30324,128469.0,2012
0,11,22,22,985,45310,209589.0,2012
0,12,25,25,1302,74395,400021.0,2012
0,13,12,15,1011,42376,218081.0,2012
0,14,14,14,1414,56086,258994.0,2012
0,15,4,5,587,22138,139108.0,2012
0,16,7,13,942,46938,203539.0,2012
0,17,5,8,0,49248,0.0,2012
0,18,7,12,0,0,0.0,2012
0,19,382,402,11713,556904,2659363.0,2012
0,20,8,22,2405,90382,478936.0,2012
0,21,3,4,0,0,0.0,2012
0,22,2,8,0,0,0.0,2012
0,23,3,4,483,27192,160822.0,2012
0,24,2,7,0,0,0.0,2012
0,25,7,26,3845,168644,1203809.0,2012
0,26,7,18,2301,169478,909727.0,2012
0,1,441,472,17959,908292,5305649.0,2012
0,2,137,137,260,16652,83544.0,2012
0,3,75,75,498,21412,101590.0,2012
0,4,35,35,404,20134,89994.0,2012
0,5,28,28,471,26858,124158.0,2012
0,6,275,275,1633,85056,399286.0,2012
0,7,16,16,329,20724,103099.0,2012
0,8,11,11,290,16117,73059.0,2012
0,9,12,12,389,28017,96636.0,2012
0,10,10,10,376,22952,84709.0,2012
0,11,19,19,843,40330,228372.0,2012
0,12,23,23,1215,64202,369565.0,2012
0,13,20,20,1457,86403,645993.0,2012
0,14,8,10,872,43276,246929.0,2012
0,15,6,7,738,36586,187347.0,2012
0,16,11,16,2462,118263,489676.0,2012
0,17,5,5,995,53346,226863.0,2012
0,18,2,2,0,0,0.0,2012
0,19,418,426,11777,622084,3203678.0,2012
0,20,4,5,0,0,0.0,2012
0,21,1,4,0,0,0.0,2012
0,22,1,1,0,0,0.0,2012
0,23,2,8,0,0,0.0,2012
0,24,1,2,0,0,0.0,2012
0,25,4,5,523,29375,168869.0,2012
0,26,10,21,3267,169146,1278919.0,2012
0,1,729,878,84823,3926582,30529115.0,2012
0,2,178,178,327,17826,101873.0,2012
0,3,116,117,787,40029,214267.0,2012
0,4,67,67,802,34003,168648.0,2012
0,5,52,53,874,47219,254194.0,2012
0,6,413,415,2790,139077,738982.0,2012
0,7,25,27,547,27502,116779.0,2012
0,8,18,18,502,29141,110394.0,2012
0,9,22,22,663,33993,158026.0,2012
0,10,21,22,767,38987,196422.0,2012
0,11,26,27,1171,61845,325907.0,2012
0,12,35,35,1946,85616,431605.0,2012
0,13,31,32,2582,116995,623989.0,2012
0,14,29,36,3238,153697,844547.0,2012
0,15,14,17,1941,123408,604984.0,2012
0,16,19,24,3432,161727,1275261.0,2012
0,17,11,16,2387,105912,609876.0,2012
0,18,7,11,0,0,0.0,2012
0,19,671,702,23949,1158213,6782193.0,2012
0,20,7,10,1776,79664,482553.0,2012
0,21,7,14,2168,108859,702115.0,2012
0,22,7,15,3095,138013,822850.0,2012
0,23,4,9,3583,146137,830672.0,2012
0,24,4,9,0,0,0.0,2012
0,25,9,26,9617,478777,4542857.0,2012
0,26,20,93,37357,1664031,15626283.0,2012
0,1,6521,6725,142359,7969585,29713292.0,2012
0,2,2330,2330,4829,209864,670948.0,2012
0,3,1320,1321,8808,404189,1199110.0,2012
0,4,696,697,8197,397044,1132107.0,2012
0,5,462,463,7711,388777,1199275.0,2012
0,6,4808,4811,29545,1399874,4201440.0,2012
0,7,303,304,6588,358445,1098423.0,2012
0,8,222,226,5967,323728,1056248.0,2012
0,9,150,154,4775,266994,808313.0,2012
0,10,125,125,4392,251350,832947.0,2012
0,11,176,181,7599,412602,1368601.0,2012
0,12,242,251,13404,720103,2583283.0,2012
0,13,102,119,7633,413215,1333417.0,2012
0,14,106,125,10725,616460,2303374.0,2012
0,15,59,71,6204,368522,1317211.0,2012
0,16,64,85,8711,516594,1943888.0,2012
0,17,33,44,6282,376939,1382895.0,2012
0,18,18,33,5587,366601,1508739.0,2012
0,19,6408,6529,117412,6391427,21738779.0,2012
0,20,21,34,3645,236897,951402.0,2012
0,21,16,28,4793,369317,2626613.0,2012
0,22,18,27,3127,177033,714186.0,2012
0,23,11,24,2238,126819,537475.0,2012
0,24,4,4,0,8500,51981.0,2012
0,25,18,41,4983,285950,1241481.0,2012
0,26,25,38,5980,373642,1851375.0,2012
0,1,6521,6725,142359,7969585,29713292.0,2012
0,2,2330,2330,4829,209864,670948.0,2012
0,3,1320,1321,8808,404189,1199110.0,2012
0,4,696,697,8197,397044,1132107.0,2012
0,5,462,463,7711,388777,1199275.0,2012
0,6,4808,4811,29545,1399874,4201440.0,2012
0,7,303,304,6588,358445,1098423.0,2012
0,8,222,226,5967,323728,1056248.0,2012
0,9,150,154,4775,266994,808313.0,2012
0,10,125,125,4392,251350,832947.0,2012
0,11,176,181,7599,412602,1368601.0,2012
0,12,242,251,13404,720103,2583283.0,2012
0,13,102,119,7633,413215,1333417.0,2012
0,14,106,125,10725,616460,2303374.0,2012
0,15,59,71,6204,368522,1317211.0,2012
0,16,64,85,8711,516594,1943888.0,2012
0,17,33,44,6282,376939,1382895.0,2012
0,18,18,33,5587,366601,1508739.0,2012
0,19,6408,6529,117412,6391427,21738779.0,2012
0,20,21,34,3645,236897,951402.0,2012
0,21,16,28,4793,369317,2626613.0,2012
0,22,18,27,3127,177033,714186.0,2012
0,23,11,24,2238,126819,537475.0,2012
0,24,4,4,0,8500,51981.0,2012
0,25,18,41,4983,285950,1241481.0,2012
0,26,25,38,5980,373642,1851375.0,2012
0,1,1629,1669,35194,1873854,6097671.0,2012
0,2,538,538,1147,49587,161253.0,2012
0,3,326,327,2154,101896,321945.0,2012
0,4,164,164,1981,99995,270081.0,2012
0,5,127,127,2168,111489,329760.0,2012
0,6,1155,1156,7450,362967,1083039.0,2012
0,7,65,66,1406,78399,224345.0,2012
0,8,68,69,1833,100458,351641.0,2012
0,9,41,42,1274,76178,225074.0,2012
0,10,34,34,1118,68322,211906.0,2012
0,11,46,46,1976,95304,319811.0,2012
0,12,68,69,3580,184132,621102.0,2012
0,13,37,45,2695,142049,439844.0,2012
0,14,33,37,3056,170424,677851.0,2012
0,15,18,18,1760,93475,318809.0,2012
0,16,17,21,2035,113617,355828.0,2012
0,17,11,16,1689,92015,297306.0,2012
0,18,3,5,0,0,0.0,2012
0,19,1596,1624,30463,1613660,5266410.0,2012
0,20,6,9,0,0,0.0,2012
0,21,5,9,0,0,0.0,2012
0,22,5,6,554,30478,93219.0,2012
0,23,4,5,259,16737,50575.0,2012
0,25,6,8,744,45463,130686.0,2012
0,26,7,8,1184,51105,215544.0,2012
0,1,2444,2477,42810,2399907,7694694.0,2012
0,2,945,945,1977,78619,246101.0,2012
0,3,524,524,3501,161695,428029.0,2012
0,4,284,284,3302,159358,426288.0,2012
0,5,164,164,2687,136020,379245.0,2012
0,6,1917,1917,11467,535692,1479663.0,2012
0,7,111,111,2431,135262,373224.0,2012
0,8,72,73,1908,108188,291390.0,2012
0,9,48,48,1565,91512,250822.0,2012
0,10,33,33,1178,65248,183382.0,2012
0,11,53,55,2269,124484,373197.0,2012
0,12,75,80,4310,238829,729084.0,2012
0,13,23,23,1678,100602,297580.0,2012
0,14,25,29,2432,127022,416591.0,2012
0,15,17,19,1457,94846,300435.0,2012
0,16,18,21,2744,172953,531667.0,2012
0,17,12,14,1960,107411,398071.0,2012
0,18,6,9,1774,146656,602877.0,2012
0,19,2410,2432,37173,2048705,6227983.0,2012
0,20,7,9,829,45622,130822.0,2012
0,21,2,2,0,0,0.0,2012
0,22,5,11,1158,60974,191780.0,2012
0,23,3,4,0,0,0.0,2012
0,24,2,2,0,0,0.0,2012
0,25,4,4,333,15769,70722.0,2012
0,26,11,13,2184,144298,679461.0,2012
0,1,1472,1519,28451,1454719,5277212.0,2012
0,2,634,634,1278,56925,180988.0,2012
0,3,300,300,2014,86408,258562.0,2012
0,4,141,142,1651,73833,225641.0,2012
0,5,81,81,1349,64036,197905.0,2012
0,6,1156,1157,6292,281202,863096.0,2012
0,7,62,62,1354,68697,222398.0,2012
0,8,38,40,1016,51255,166841.0,2012
0,9,31,33,975,49011,140021.0,2012
0,10,25,25,909,46495,166073.0,2012
0,11,33,33,1340,74883,222092.0,2012
0,12,32,33,1807,76408,264375.0,2012
0,13,23,27,1675,87640,312707.0,2012
0,14,18,22,0,0,0.0,2012
0,15,12,17,1616,90138,338297.0,2012
0,16,11,15,1478,75682,332634.0,2012
0,17,4,6,0,0,0.0,2012
0,18,5,11,1380,69837,264543.0,2012
0,19,1450,1481,23017,1154282,3930472.0,2012
0,20,2,2,0,0,0.0,2012
0,21,2,2,0,0,0.0,2012
0,22,4,5,610,30392,136131.0,2012
0,23,1,2,0,0,0.0,2012
0,25,6,18,0,0,0.0,2012
0,26,7,9,0,0,0.0,2012
0,1,662,689,24322,1494219,7477416.0,2012
0,2,123,123,256,16094,44547.0,2012
0,3,105,105,708,33319,118982.0,2012
0,4,77,77,899,45677,148583.0,2012
0,5,58,58,952,47576,178894.0,2012
0,6,363,363,2815,142666,491006.0,2012
0,7,45,45,954,52480,193707.0,2012
0,8,34,34,947,50382,193967.0,2012
0,9,15,16,476,22405,85528.0,2012
0,10,25,25,885,54249,205735.0,2012
0,11,30,31,1334,72473,272149.0,2012
0,12,46,47,2514,144802,675101.0,2012
0,13,14,16,1070,49890,173814.0,2012
0,14,20,24,1984,109580,449965.0,2012
0,15,13,14,1008,62803,268251.0,2012
0,16,17,20,1925,125409,617710.0,2012
0,17,5,6,965,61080,246700.0,2012
0,18,6,7,1792,109476,466693.0,2012
0,19,633,648,18669,1057695,4340326.0,2012
0,20,7,7,877,69202,352293.0,2012
0,21,6,9,2571,215058,1955455.0,2012
0,22,4,4,798,54887,292426.0,2012
0,23,3,7,0,0,0.0,2012
0,25,6,9,617,44804,244580.0,2012
0,26,3,5,516,37448,0.0,2012
0,1,355,371,11582,746886,3166299.0,2012
0,2,90,90,171,8639,38059.0,2012
0,3,65,65,431,20871,71592.0,2012
0,4,30,30,364,18181,61514.0,2012
0,5,33,33,555,29656,113471.0,2012
0,6,218,218,1521,77347,284636.0,2012
0,7,20,20,443,23607,84749.0,2012
0,8,10,10,263,13445,52409.0,2012
0,9,15,15,485,27888,106868.0,2012
0,10,8,8,302,17036,65851.0,2012
0,11,15,16,680,45458,181352.0,2012
0,12,22,22,1193,75932,293621.0,2012
0,13,7,8,0,0,0.0,2012
0,14,12,13,1192,92652,366279.0,2012
0,15,2,3,0,0,0.0,2012
0,16,5,8,529,28933,106049.0,2012
0,17,2,2,0,0,0.0,2012
0,18,1,1,0,0,0.0,2012
0,19,337,344,8090,517085,1973588.0,2012
0,20,3,7,0,0,0.0,2012
0,21,4,6,628,41783,284694.0,2012
0,22,1,1,0,0,0.0,2012
0,23,4,6,926,50581,234339.0,2012
0,24,2,2,0,0,0.0,2012
0,25,2,2,0,0,0.0,2012
0,26,2,3,0,0,0.0,2012
0,1,858,1060,106632,6314808,54620103.0,2012
0,2,182,182,360,19471,111386.0,2012
0,3,129,129,916,42767,238359.0,2012
0,4,70,72,848,45849,219161.0,2012
0,5,53,53,882,48309,295596.0,2012
0,6,434,436,3006,156396,864502.0,2012
0,7,36,36,791,40945,200981.0,2012
0,8,32,32,868,52636,234033.0,2012
0,9,22,22,674,34604,144202.0,2012
0,10,22,22,775,43446,203334.0,2012
0,11,34,34,1431,78527,347077.0,2012
0,12,50,54,2854,154521,619446.0,2012
0,13,26,29,1995,102961,429210.0,2012
0,14,35,41,4027,198806,1121469.0,2012
0,15,11,14,1106,50671,269910.0,2012
0,16,22,27,4119,245655,1091702.0,2012
0,17,19,27,3766,225157,1575134.0,2012
0,18,7,11,1767,106734,551815.0,2012
0,19,750,785,27179,1491059,7652815.0,2012
0,20,16,23,4577,227740,1745671.0,2012
0,21,13,20,4394,223286,1430854.0,2012
0,22,9,13,2331,114295,737997.0,2012
0,23,11,43,5897,307866,1677519.0,2012
0,24,2,3,0,0,0.0,2012
0,25,22,42,9350,552624,3725918.0,2012
0,26,35,131,52442,3371209,37481881.0,2012
0,1,858,1060,106632,6314808,54620103.0,2012
0,2,182,182,360,19471,111386.0,2012
0,3,129,129,916,42767,238359.0,2012
0,4,70,72,848,45849,219161.0,2012
0,5,53,53,882,48309,295596.0,2012
0,6,434,436,3006,156396,864502.0,2012
0,7,36,36,791,40945,200981.0,2012
0,8,32,32,868,52636,234033.0,2012
0,9,22,22,674,34604,144202.0,2012
0,10,22,22,775,43446,203334.0,2012
0,11,34,34,1431,78527,347077.0,2012
0,12,50,54,2854,154521,619446.0,2012
0,13,26,29,1995,102961,429210.0,2012
0,14,35,41,4027,198806,1121469.0,2012
0,15,11,14,1106,50671,269910.0,2012
0,16,22,27,4119,245655,1091702.0,2012
0,17,19,27,3766,225157,1575134.0,2012
0,18,7,11,1767,106734,551815.0,2012
0,19,750,785,27179,1491059,7652815.0,2012
0,20,16,23,4577,227740,1745671.0,2012
0,21,13,20,4394,223286,1430854.0,2012
0,22,9,13,2331,114295,737997.0,2012
0,23,11,43,5897,307866,1677519.0,2012
0,24,2,3,0,0,0.0,2012
0,25,22,42,9350,552624,3725918.0,2012
0,26,35,131,52442,3371209,37481881.0,2012
0,1,197,242,37237,2573477,17446132.0,2012
0,2,36,36,75,4445,22449.0,2012
0,3,23,23,155,8159,39796.0,2012
0,4,11,12,132,8229,37092.0,2012
0,5,11,11,177,11976,109978.0,2012
0,6,81,82,539,32809,209315.0,2012
0,7,7,7,158,9456,33587.0,2012
0,8,8,8,218,13835,53481.0,2012
0,9,8,8,245,15009,50358.0,2012
0,10,4,4,147,10961,55765.0,2012
0,11,10,10,419,21757,110220.0,2012
0,12,9,9,512,35809,132868.0,2012
0,13,7,7,551,31596,129399.0,2012
0,14,12,13,1399,72403,438060.0,2012
0,15,3,3,0,0,0.0,2012
0,16,4,4,962,69813,249749.0,2012
0,17,5,7,1137,71072,495631.0,2012
0,19,158,162,6506,398726,2003237.0,2012
0,20,5,5,2134,102398,653764.0,2012
0,21,4,6,0,0,0.0,2012
0,22,4,5,929,41232,229161.0,2012
0,23,3,9,0,0,0.0,2012
0,25,9,15,0,0,0.0,2012
0,26,14,40,21614,1703219,12261688.0,2012
0,1,213,246,16072,882597,5093290.0,2012
0,2,37,37,0,3400,18502.0,2012
0,3,32,32,236,11180,46277.0,2012
0,4,21,22,255,14458,51029.0,2012
0,5,12,12,196,9645,33308.0,2012
0,6,102,103,755,38683,149116.0,2012
0,7,11,11,232,13066,51847.0,2012
0,8,6,6,165,11212,37999.0,2012
0,9,4,4,0,0,0.0,2012
0,10,9,9,301,15866,89474.0,2012
0,11,5,5,0,0,0.0,2012
0,12,18,21,1132,58927,211900.0,2012
0,13,8,9,677,33689,123568.0,2012
0,14,8,9,799,44293,328938.0,2012
0,15,3,3,0,0,0.0,2012
0,16,8,10,1521,86618,379991.0,2012
0,17,2,4,0,0,0.0,2012
0,18,1,1,0,0,0.0,2012
0,19,185,195,6829,372895,1696746.0,2012
0,20,4,9,685,43303,0.0,2012
0,21,2,4,0,0,0.0,2012
0,22,3,5,0,0,0.0,2012
0,23,5,8,2113,123308,552254.0,2012
0,24,1,1,0,0,0.0,2012
0,25,3,7,1749,94878,460388.0,2012
0,26,10,17,3569,192546,1697642.0,2012
0,1,206,245,15545,844438,4671836.0,2012
0,2,33,33,0,3169,15419.0,2012
0,3,31,31,225,10710,48824.0,2012
0,4,22,22,266,14437,60182.0,2012
0,5,14,14,226,12969,64512.0,2012
0,6,100,100,789,41285,188937.0,2012
0,7,6,6,0,0,0.0,2012
0,8,7,7,190,14338,55695.0,2012
0,9,6,6,189,7329,24182.0,2012
0,10,6,6,221,10876,40521.0,2012
0,11,12,12,520,30378,130770.0,2012
0,12,10,10,489,24293,106231.0,2012
0,13,9,11,689,35219,167220.0,2012
0,14,9,12,986,46010,151345.0,2012
0,15,1,1,0,0,0.0,2012
0,16,6,7,853,48751,204670.0,2012
0,17,3,4,0,0,0.0,2012
0,18,3,4,0,0,0.0,2012
0,19,178,186,6504,352192,1606374.0,2012
0,20,1,1,0,0,0.0,2012
0,21,1,3,0,0,0.0,2012
0,22,1,1,0,0,0.0,2012
0,23,5,23,3129,145410,810761.0,2012
0,24,1,1,0,0,0.0,2012
0,25,7,12,1767,112781,687939.0,2012
0,26,12,18,2203,138793,941554.0,2012
0,1,269,327,37778,2014296,27408845.0,2012
0,2,76,76,145,8457,55016.0,2012
0,3,43,43,300,12718,103462.0,2012
0,4,16,16,195,8725,70858.0,2012
0,5,16,16,283,13719,87798.0,2012
0,6,151,151,923,43619,317134.0,2012
0,7,12,12,258,11414,75871.0,2012
0,8,11,11,295,13251,86858.0,2012
0,9,4,4,125,5300,34679.0,2012
0,10,3,3,106,5743,17574.0,2012
0,11,7,7,299,15099,75432.0,2012
0,12,13,14,721,35492,168447.0,2012
0,13,2,2,0,0,0.0,2012
0,14,7,7,843,36100,203126.0,2012
0,15,4,7,517,21602,140551.0,2012
0,16,4,6,0,0,0.0,2012
0,17,9,12,1779,105799,795032.0,2012
0,18,3,6,0,0,0.0,2012
0,19,230,242,7340,367246,2346458.0,2012
0,20,6,8,1121,48622,608968.0,2012
0,21,6,7,1024,58353,281025.0,2012
0,22,2,2,0,0,0.0,2012
0,23,2,3,0,0,0.0,2012
0,24,1,1,0,0,0.0,2012
0,25,7,8,2460,154414,1270406.0,2012
0,26,15,56,25056,1336651,22580997.0,2012
0,1,5526,6160,282535,16764573,102801409.0,2012
0,2,1534,1534,2974,164199,829410.0,2012
0,3,883,884,5907,277892,1271759.0,2012
0,4,547,547,6418,320264,1391740.0,2012
0,5,401,403,6712,352553,1533676.0,2012
0,6,3365,3368,22011,1114908,5026585.0,2012
0,7,263,264,5645,310721,1249570.0,2012
0,8,204,208,5420,306299,1354645.0,2012
0,9,164,164,5046,277151,1128181.0,2012
0,10,141,143,5058,272598,1295317.0,2012
0,11,238,249,10036,553816,2409070.0,2012
0,12,283,297,15863,891536,4075180.0,2012
0,13,152,166,11214,658935,3002756.0,2012
0,14,177,200,18348,1020362,5011772.0,2012
0,15,95,113,12164,636781,3233007.0,2012
0,16,83,118,11919,657505,3542657.0,2012
0,17,46,75,8331,479379,2608430.0,2012
0,18,27,41,5110,306988,1772683.0,2012
0,19,5238,5406,136165,7486979,35709853.0,2012
0,20,45,67,11251,641278,3578786.0,2012
0,21,39,82,12279,781475,6329833.0,2012
0,22,32,59,11150,703688,4423027.0,2012
0,23,30,81,13465,848220,6656859.0,2012
0,24,13,26,5214,360419,3367091.0,2012
0,25,48,154,31171,2095628,15117803.0,2012
0,26,81,285,61840,3846886,27618157.0,2012
0,1,725,884,58948,3797964,27217955.0,2012
0,2,171,171,326,20178,138222.0,2012
0,3,108,108,707,35138,269528.0,2012
0,4,81,81,927,43811,254826.0,2012
0,5,49,49,826,44707,246364.0,2012
0,6,409,409,2786,143834,908940.0,2012
0,7,29,29,635,44397,179027.0,2012
0,8,24,24,621,37850,198097.0,2012
0,9,23,23,734,40837,203451.0,2012
0,10,17,17,620,32159,173448.0,2012
0,11,27,30,1210,61150,344270.0,2012
0,12,36,40,1912,115005,628854.0,2012
0,13,18,20,1333,78174,437889.0,2012
0,14,24,26,2332,125979,804187.0,2012
0,15,15,19,1657,74910,624351.0,2012
0,16,17,26,2859,162354,1077813.0,2012
0,17,4,4,631,44293,0.0,2012
0,18,4,7,0,0,0.0,2012
0,19,647,674,18221,1018553,6315744.0,2012
0,20,7,8,1758,100666,570100.0,2012
0,21,14,33,5228,336375,2435801.0,2012
0,22,8,14,3943,276365,2150290.0,2012
0,23,7,26,3595,253743,2392579.0,2012
0,24,3,4,0,0,0.0,2012
0,25,15,55,11916,882227,6515794.0,2012
0,26,24,70,13292,872351,6337473.0,2012
0,1,441,539,33772,2170980,15242314.0,2012
0,2,90,90,157,12047,84719.0,2012
0,3,76,76,492,25963,210348.0,2012
0,4,55,55,611,29590,169047.0,2012
0,5,31,31,520,30982,165710.0,2012
0,6,252,252,1780,98582,629824.0,2012
0,7,15,15,332,27947,103363.0,2012
0,8,14,14,363,26537,133130.0,2012
0,9,16,16,504,28536,123944.0,2012
0,10,12,12,442,23867,133616.0,2012
0,11,15,17,662,35599,204374.0,2012
0,12,20,22,1036,69595,371483.0,2012
0,13,13,15,989,62602,367408.0,2012
0,14,12,13,1023,59195,424684.0,2012
0,15,9,13,1086,49842,402425.0,2012
0,16,9,13,1296,75403,491695.0,2012
0,17,2,2,0,0,0.0,2012
0,18,3,6,0,0,0.0,2012
0,19,392,410,10567,622287,3746565.0,2012
0,20,7,8,1758,100666,570100.0,2012
0,21,7,22,2479,159136,1287233.0,2012
0,22,4,6,1039,61507,585716.0,2012
0,23,3,6,0,0,0.0,2012
0,24,2,3,0,0,0.0,2012
0,25,9,34,6199,459329,3446964.0,2012
0,26,17,50,10008,630242,4434425.0,2012
0,1,262,306,21225,1370353,10412455.0,2012
0,2,75,75,156,7674,50807.0,2012
0,3,26,26,176,7422,50284.0,2012
0,4,25,25,304,13760,83193.0,2012
0,5,17,17,286,13213,77793.0,2012
0,6,143,143,922,42069,262077.0,2012
0,7,10,10,213,11756,52247.0,2012
0,8,9,9,235,10398,59840.0,2012
0,9,7,7,230,12301,79507.0,2012
0,10,4,4,139,6787,33958.0,2012
0,11,9,10,414,19722,105443.0,2012
0,12,15,17,829,42129,247476.0,2012
0,13,4,4,256,14568,58189.0,2012
0,14,11,12,1197,59967,350434.0,2012
0,15,5,5,542,23841,210753.0,2012
0,16,7,12,1299,71660,442952.0,2012
0,17,2,2,0,0,0.0,2012
0,18,1,1,0,0,0.0,2012
0,19,227,236,6744,352520,2277674.0,2012
0,21,8,11,2749,177239,1148568.0,2012
0,22,5,7,2666,199744,1504973.0,2012
0,23,6,18,2464,146426,1499557.0,2012
0,24,1,1,0,0,0.0,2012
0,25,7,17,0,0,0.0,2012
0,26,8,16,1992,140614,1292807.0,2012
0,1,37,39,3951,256631,1563186.0,2012
0,2,6,6,0,457,2696.0,2012
0,3,6,6,39,1753,8896.0,2012
0,4,1,1,0,0,0.0,2012
0,5,1,1,0,0,0.0,2012
0,6,14,14,84,3183,17039.0,2012
0,7,4,4,90,4694,23417.0,2012
0,8,1,1,0,0,0.0,2012
0,10,1,1,0,0,0.0,2012
0,11,3,3,134,5829,34453.0,2012
0,12,1,1,0,0,0.0,2012
0,13,1,1,0,0,0.0,2012
0,14,1,1,0,0,0.0,2012
0,15,1,1,0,0,0.0,2012
0,16,1,1,0,0,0.0,2012
0,19,28,28,910,43746,291505.0,2012
0,22,1,1,0,0,0.0,2012
0,23,2,2,0,0,0.0,2012
0,25,2,4,0,0,0.0,2012
0,26,4,4,0,0,0.0,2012
0,1,1507,1635,77946,4246229,30345122.0,2012
0,2,337,337,664,39004,187362.0,2012
0,3,242,242,1629,70557,324229.0,2012
0,4,129,129,1518,73804,308362.0,2012
0,5,124,124,2070,103484,450205.0,2012
0,6,832,832,5881,286849,1270158.0,2012
0,7,74,74,1587,82547,371867.0,2012
0,8,59,61,1580,84422,366376.0,2012
0,9,49,49,1537,86788,352472.0,2012
0,10,42,43,1547,81411,375421.0,2012
0,11,67,71,2728,139455,659420.0,2012
0,12,98,99,5631,304124,1396208.0,2012
0,13,46,50,3564,199167,951456.0,2012
0,14,67,82,7129,392853,1899928.0,2012
0,15,36,42,4127,236955,1180411.0,2012
0,16,34,44,5036,273435,1499620.0,2012
0,17,18,29,0,169671,0.0,2012
0,18,6,9,1058,69550,368129.0,2012
0,19,1428,1485,44501,2407227,11506813.0,2012
0,20,13,22,3883,234122,1093206.0,2012
0,21,12,16,2837,160863,1594014.0,2012
0,22,6,12,1431,67740,0.0,2012
0,23,6,18,0,0,0.0,2012
0,24,4,4,0,0,0.0,2012
0,25,16,34,6685,364306,3686426.0,2012
0,26,22,44,14818,769370,9606173.0,2012
0,1,172,183,6942,366441,1961811.0,2012
0,2,42,42,89,3713,13971.0,2012
0,3,38,38,260,11780,45778.0,2012
0,4,11,11,132,7540,27618.0,2012
0,5,19,19,324,16774,62730.0,2012
0,6,110,110,805,39807,150097.0,2012
0,7,9,9,0,0,0.0,2012
0,8,6,6,163,8191,31327.0,2012
0,9,3,3,96,5438,20807.0,2012
0,10,3,3,106,7816,28600.0,2012
0,11,5,5,172,8271,34090.0,2012
0,12,8,8,495,26542,110061.0,2012
0,13,3,3,256,13037,89879.0,2012
0,14,8,10,906,43224,205433.0,2012
0,16,4,4,667,38789,165784.0,2012
0,17,4,4,654,38848,125361.0,2012
0,19,163,165,4502,240654,1001929.0,2012
0,21,2,3,0,0,0.0,2012
0,25,3,6,0,0,0.0,2012
0,26,4,9,1578,80086,627828.0,2012
0,1,751,799,31725,1825906,8573952.0,2012
0,2,145,145,266,16889,68189.0,2012
0,3,106,106,702,34602,147197.0,2012
0,4,62,62,728,34340,141798.0,2012
0,5,67,67,1129,58529,249524.0,2012
0,6,380,380,2825,144360,606708.0,2012
0,7,46,46,997,54355,242635.0,2012
0,8,32,33,870,48086,186909.0,2012
0,9,33,33,1033,63437,243476.0,2012
0,10,22,23,819,40593,163384.0,2012
0,11,40,42,1614,83366,360776.0,2012
0,12,60,61,3436,195203,822210.0,2012
0,13,25,27,1995,118011,463025.0,2012
0,14,33,39,3570,214975,903297.0,2012
0,15,21,23,2425,139699,584956.0,2012
0,16,14,18,1953,118243,513856.0,2012
0,17,8,16,0,0,0.0,2012
0,18,5,8,834,56194,236600.0,2012
0,19,719,749,24085,1372335,5842799.0,2012
0,20,7,11,2599,142264,614093.0,2012
0,21,5,7,0,0,0.0,2012
0,22,1,1,0,0,0.0,2012
0,23,5,11,0,0,0.0,2012
0,24,2,2,0,0,0.0,2012
0,25,5,9,610,50111,257591.0,2012
0,26,7,9,1344,76457,490177.0,2012
0,1,255,293,16890,935821,8525832.0,2012
0,2,58,58,127,6174,31881.0,2012
0,3,43,43,280,12078,69267.0,2012
0,4,27,27,305,15999,72236.0,2012
0,5,22,22,358,18601,92234.0,2012
0,6,150,150,1070,52852,265618.0,2012
0,7,8,8,168,8196,45740.0,2012
0,8,11,11,280,16889,81641.0,2012
0,9,3,3,90,3751,15884.0,2012
0,10,8,8,294,16112,86432.0,2012
0,11,12,14,514,27837,157794.0,2012
0,12,11,11,552,28140,162419.0,2012
0,13,4,4,348,15883,91858.0,2012
0,14,15,21,1513,82613,426280.0,2012
0,15,6,7,763,50525,279342.0,2012
0,16,5,7,680,35236,132539.0,2012
0,17,4,6,257,10629,47841.0,2012
0,18,1,1,0,0,0.0,2012
0,19,238,251,6753,362019,1924917.0,2012
0,20,3,4,0,0,0.0,2012
0,22,2,8,0,0,0.0,2012
0,23,2,5,0,0,0.0,2012
0,24,1,1,0,0,0.0,2012
0,25,2,9,0,0,0.0,2012
0,26,7,15,5976,329358,0.0,2012
0,1,340,360,22389,1118061,11283527.0,2012
0,2,92,92,182,12228,73321.0,2012
0,3,55,55,387,12097,61987.0,2012
0,4,29,29,353,15925,66710.0,2012
0,5,16,16,259,9580,45717.0,2012
0,6,192,192,1181,49830,247735.0,2012
0,7,11,11,240,9305,43002.0,2012
0,8,10,11,267,11256,66499.0,2012
0,9,10,10,318,14162,72305.0,2012
0,10,9,9,328,16890,97005.0,2012
0,11,10,10,428,19981,106760.0,2012
0,12,19,19,1148,54239,301518.0,2012
0,13,14,16,965,52236,306694.0,2012
0,14,12,12,1140,52041,364918.0,2012
0,15,9,12,939,46731,316113.0,2012
0,16,13,15,1736,81167,687441.0,2012
0,17,3,3,0,0,0.0,2012
0,19,312,320,9161,432219,2737168.0,2012
0,20,4,7,824,68412,340761.0,2012
0,21,5,6,1805,104919,1313149.0,2012
0,22,3,3,0,0,0.0,2012
0,23,1,2,0,0,0.0,2012
0,24,1,1,0,0,0.0,2012
0,25,7,10,0,0,0.0,2012
0,26,7,11,5920,283469,4001689.0,2012
0,1,3352,3641,145641,8720380,45238332.0,2012
0,2,1026,1026,1984,105017,503826.0,2012
0,3,533,534,3571,172197,678002.0,2012
0,4,337,337,3973,202649,828552.0,2012
0,5,229,230,3816,204362,837107.0,2012
0,6,2125,2127,13344,684225,2847487.0,2012
0,7,160,161,3423,183777,698676.0,2012
0,8,121,123,3219,184027,790172.0,2012
0,9,92,92,2775,149526,572258.0,2012
0,10,82,83,2891,159028,746448.0,2012
0,11,144,148,6098,353211,1405380.0,2012
0,12,149,158,8320,472407,2050118.0,2012
0,13,90,96,6317,381594,1613411.0,2012
0,14,88,92,8887,501530,2307657.0,2012
0,15,45,52,6380,324916,1428245.0,2012
0,16,38,48,4024,221716,965224.0,2012
0,17,24,42,4604,265415,1374996.0,2012
0,18,19,25,3161,179827,1087224.0,2012
0,19,3177,3247,73443,4061199,17887296.0,2012
0,20,26,37,5610,306490,1915480.0,2012
0,21,17,33,4214,284237,2300018.0,2012
0,22,22,33,5776,359583,1870647.0,2012
0,23,18,37,7918,488340,3555967.0,2012
0,24,8,18,2380,166271,1118830.0,2012
0,25,25,65,12570,849095,4915583.0,2012
0,26,59,171,33730,2205165,11674511.0,2012
0,1,141,151,8859,476119,4253527.0,2012
0,2,47,47,0,5080,26384.0,2012
0,3,24,24,163,7374,38559.0,2012
0,4,9,9,113,5118,29759.0,2012
0,5,9,9,150,7969,37306.0,2012
0,6,89,89,510,25541,132008.0,2012
0,7,7,7,153,6460,37309.0,2012
0,8,4,4,113,5830,25366.0,2012
0,9,3,3,79,4357,15999.0,2012
0,10,3,3,0,0,0.0,2012
0,11,6,6,0,12927,48839.0,2012
0,12,4,4,213,11586,70644.0,2012
0,13,3,3,199,10020,42852.0,2012
0,14,3,3,315,17019,216768.0,2012
0,15,2,2,0,0,0.0,2012
0,17,1,2,0,0,0.0,2012
0,19,125,126,2500,131127,875346.0,2012
0,20,1,1,0,0,0.0,2012
0,23,4,6,0,0,0.0,2012
0,25,3,6,0,0,0.0,2012
0,26,8,12,2131,106136,973649.0,2012
0,1,325,344,15781,1033327,5881450.0,2012
0,2,121,121,229,8801,47975.0,2012
0,3,49,49,327,13154,67418.0,2012
0,4,37,37,434,19772,98284.0,2012
0,5,17,17,267,13503,73098.0,2012
0,6,224,224,1257,55230,286775.0,2012
0,7,11,11,253,13843,66901.0,2012
0,8,10,11,259,15745,70200.0,2012
0,9,11,11,358,20212,74704.0,2012
0,10,4,4,144,10341,49378.0,2012
0,11,18,19,775,43759,205537.0,2012
0,12,11,11,584,32873,151686.0,2012
0,13,6,6,333,16778,124400.0,2012
0,14,7,7,740,42086,248888.0,2012
0,15,6,6,940,52752,226928.0,2012
0,17,1,1,0,0,0.0,2012
0,18,1,1,0,0,0.0,2012
0,19,310,312,6063,320882,1567544.0,2012
0,21,1,3,0,0,0.0,2012
0,22,3,4,2508,185698,883836.0,2012
0,23,4,8,0,0,0.0,2012
0,25,3,7,0,0,0.0,2012
0,26,4,10,0,0,0.0,2012
0,1,535,580,20010,1235109,5690862.0,2012
0,2,150,150,278,13940,51395.0,2012
0,3,91,91,608,30872,98783.0,2012
0,4,55,55,641,32910,116148.0,2012
0,5,32,32,552,31653,100645.0,2012
0,6,328,328,2079,109375,366971.0,2012
0,7,31,31,674,36170,120139.0,2012
0,8,23,23,619,32435,129421.0,2012
0,9,18,18,532,29329,103747.0,2012
0,10,12,13,400,21895,86899.0,2012
0,11,24,25,1055,62785,202059.0,2012
0,12,25,31,1469,90892,313064.0,2012
0,13,16,17,1157,71319,220879.0,2012
0,14,12,13,1308,84575,308361.0,2012
0,15,7,8,1176,69831,255662.0,2012
0,16,7,7,0,54295,263004.0,2012
0,17,4,5,955,62346,328715.0,2012
0,18,1,1,0,0,0.0,2012
0,19,508,520,12733,762626,3100493.0,2012
0,20,6,10,1542,101729,583586.0,2012
0,21,2,9,0,0,0.0,2012
0,22,1,1,0,0,0.0,2012
0,23,2,3,0,0,0.0,2012
0,24,3,6,0,0,0.0,2012
0,25,3,13,0,0,0.0,2012
0,26,10,18,2485,160793,784033.0,2012
0,1,327,352,11009,639877,2743937.0,2012
0,2,65,65,133,6072,22439.0,2012
0,3,55,55,370,18008,69449.0,2012
0,4,37,37,451,24967,101166.0,2012
0,5,32,32,539,31057,122128.0,2012
0,6,189,189,1493,80104,315182.0,2012
0,7,20,20,439,25730,91569.0,2012
0,8,16,17,417,25035,116235.0,2012
0,9,8,8,254,15472,49417.0,2012
0,10,11,11,378,20771,75127.0,2012
0,11,21,21,844,54088,210562.0,2012
0,12,12,13,688,43844,206202.0,2012
0,13,15,17,1023,60638,312751.0,2012
0,14,12,13,940,58965,251573.0,2012
0,15,2,2,0,0,0.0,2012
0,16,6,10,977,48919,196375.0,2012
0,17,1,3,0,0,0.0,2012
0,18,1,1,0,0,0.0,2012
0,19,314,325,8026,457528,1915695.0,2012
0,20,3,4,495,20905,150863.0,2012
0,21,2,2,0,0,0.0,2012
0,22,2,3,0,0,0.0,2012
0,23,2,8,0,0,0.0,2012
0,25,1,5,0,0,0.0,2012
0,26,3,5,0,0,0.0,2012
0,1,264,324,24208,1422090,6560865.0,2012
0,2,60,60,140,7186,34966.0,2012
0,3,33,33,0,8985,38578.0,2012
0,4,22,22,260,11490,56567.0,2012
0,5,14,14,228,10931,37070.0,2012
0,6,129,129,829,38592,167181.0,2012
0,7,13,13,264,13166,45395.0,2012
0,8,9,9,240,15093,62172.0,2012
0,9,6,6,181,12073,43140.0,2012
0,10,4,4,146,6154,31747.0,2012
0,11,12,12,546,34741,143836.0,2012
0,12,17,17,963,46815,192922.0,2012
0,13,6,7,488,22800,90555.0,2012
0,14,14,15,1611,90215,393078.0,2012
0,15,6,9,818,31726,156951.0,2012
0,16,4,5,643,33233,148468.0,2012
0,17,4,8,1114,71731,375607.0,2012
0,18,6,9,1119,63776,294328.0,2012
0,19,230,243,8962,480115,2145380.0,2012
0,20,4,5,1056,49522,194292.0,2012
0,21,3,10,0,0,0.0,2012
0,22,6,13,1049,51374,282893.0,2012
0,24,1,1,0,0,0.0,2012
0,25,6,7,1319,92089,0.0,2012
0,26,14,45,0,0,0.0,2012
0,1,129,148,10554,648643,4065318.0,2012
0,2,38,38,87,4339,24705.0,2012
0,3,18,18,129,6128,32039.0,2012
0,4,13,13,144,6873,36546.0,2012
0,5,10,10,160,8247,46870.0,2012
0,6,79,79,520,25587,140160.0,2012
0,7,1,1,0,0,0.0,2012
0,8,1,1,0,0,0.0,2012
0,9,2,2,0,0,0.0,2012
0,10,2,2,0,0,0.0,2012
0,11,3,3,125,7041,24530.0,2012
0,12,10,10,557,33069,159718.0,2012
0,13,4,4,175,11294,85682.0,2012
0,14,5,6,508,24173,100744.0,2012
0,15,3,3,0,0,0.0,2012
0,16,2,2,0,0,0.0,2012
0,17,2,2,0,0,0.0,2012
0,19,114,115,2706,147035,701862.0,2012
0,20,2,2,0,0,0.0,2012
0,22,2,2,0,0,0.0,2012
0,23,1,4,0,0,0.0,2012
0,24,1,1,0,0,0.0,2012
0,25,2,2,0,0,0.0,2012
0,26,7,22,5191,338218,1944147.0,2012
0,1,82,88,3725,220236,969400.0,2012
0,2,22,22,47,1815,8498.0,2012
0,3,17,17,110,4562,18367.0,2012
0,4,11,11,0,6551,29241.0,2012
0,5,2,2,0,0,0.0,2012
0,6,52,52,315,15612,61927.0,2012
0,7,4,4,76,5470,20637.0,2012
0,8,2,2,0,0,0.0,2012
0,9,3,3,0,0,0.0,2012
0,10,1,1,0,0,0.0,2012
0,11,4,4,0,6755,25251.0,2012
0,12,1,2,0,0,0.0,2012
0,13,3,3,184,11928,36019.0,2012
0,14,1,1,0,0,0.0,2012
0,15,1,1,0,0,0.0,2012
0,16,1,1,0,0,0.0,2012
0,17,2,2,0,0,0.0,2012
0,18,1,1,0,0,0.0,2012
0,19,76,77,1763,87140,362388.0,2012
0,20,2,5,0,0,0.0,2012
0,23,1,1,0,0,0.0,2012
0,24,1,3,0,0,0.0,2012
0,26,2,2,0,0,0.0,2012
0,1,1590,1654,51495,3044979,15072973.0,2012
0,2,523,523,986,57784,287464.0,2012
0,3,246,247,1663,83114,314809.0,2012
0,4,153,153,1804,94968,360841.0,2012
0,5,113,114,1888,98318,414169.0,2012
0,6,1035,1037,6341,334184,1377283.0,2012
0,7,73,74,1545,81620,311838.0,2012
0,8,56,56,1481,85889,364705.0,2012
0,9,41,41,1246,60898,254964.0,2012
0,10,45,45,1627,90022,373787.0,2012
0,11,56,58,2344,131115,544766.0,2012
0,12,69,70,3803,211436,946870.0,2012
0,13,38,39,2758,176817,700273.0,2012
0,14,34,34,3343,178804,755137.0,2012
0,15,19,21,2526,120198,555152.0,2012
0,16,18,23,1159,64337,279956.0,2012
0,17,12,19,1169,69076,407136.0,2012
0,18,11,12,1348,70350,346721.0,2012
0,19,1507,1529,30690,1674746,7218588.0,2012
0,20,9,10,1401,74386,537366.0,2012
0,21,9,9,1426,117233,1010718.0,2012
0,22,9,10,1043,57524,335414.0,2012
0,23,5,7,1600,104443,592419.0,2012
0,24,4,7,0,0,0.0,2012
0,25,12,25,4561,252884,1252274.0,2012
0,26,35,57,0,0,0.0,2012
0,1,11740,13248,850295,64601745,340649714.0,2012
0,2,4158,4159,7626,460699,2100451.0,2012
0,3,1813,1814,12165,652522,2573352.0,2012
0,4,1026,1028,11960,646034,2609371.0,2012
0,5,672,677,11317,640290,2397053.0,2012
0,6,7669,7678,43068,2399545,9680227.0,2012
0,7,481,483,10471,603868,2198343.0,2012
0,8,380,383,10053,585574,2363237.0,2012
0,9,317,320,9761,550161,2035366.0,2012
0,10,254,258,9257,530637,2043569.0,2012
0,11,419,425,18334,1086459,4061826.0,2012
0,12,541,568,31231,1812024,7174713.0,2012
0,13,321,362,25917,1592283,6241150.0,2012
0,14,371,432,39753,2382937,9533286.0,2012
0,15,157,194,23554,1404839,6097521.0,2012
0,16,154,221,26635,1588458,7477125.0,2012
0,17,92,144,21577,1537114,8380414.0,2012
0,18,67,89,17210,1329253,5930443.0,2012
0,19,11223,11557,286821,17403152,73217220.0,2012
0,20,102,171,34359,2579380,15641247.0,2012
0,21,65,117,26843,2230586,10349974.0,2012
0,22,73,167,36883,2786917,15164397.0,2012
0,23,42,120,29201,2088257,11470293.0,2012
0,24,29,85,21928,2013374,9707264.0,2012
0,25,81,239,62617,4681954,24256353.0,2012
0,26,125,792,351643,30818125,180842966.0,2012
0,1,1068,1101,67369,5625384,32219034.0,2012
0,2,424,425,701,46899,201315.0,2012
0,3,183,183,1240,70642,277411.0,2012
0,4,72,72,824,46064,193858.0,2012
0,5,52,52,857,47052,230337.0,2012
0,6,731,732,3622,210657,902921.0,2012
0,7,39,39,846,52017,177805.0,2012
0,8,30,30,802,56415,226579.0,2012
0,9,27,27,768,50589,149232.0,2012
0,10,14,14,500,34111,144644.0,2012
0,11,18,18,803,60435,222255.0,2012
0,12,32,32,1957,148238,651706.0,2012
0,13,26,26,1999,127626,548149.0,2012
0,14,28,30,3141,258811,1210832.0,2012
0,15,11,12,1521,109385,614782.0,2012
0,16,15,15,2100,149090,957343.0,2012
0,17,7,7,1160,86236,537859.0,2012
0,18,6,6,751,91063,0.0,2012
0,19,984,988,19970,1434673,6819300.0,2012
0,20,13,17,0,326580,3191440.0,2012
0,21,4,5,0,0,0.0,2012
0,22,10,12,2091,154029,1402492.0,2012
0,23,8,12,0,0,0.0,2012
0,24,5,5,0,0,0.0,2012
0,25,11,11,1660,112659,0.0,2012
0,26,33,51,34118,3191038,17451217.0,2012
0,1,1068,1101,67369,5625384,32219034.0,2012
0,2,424,425,701,46899,201315.0,2012
0,3,183,183,1240,70642,277411.0,2012
0,4,72,72,824,46064,193858.0,2012
0,5,52,52,857,47052,230337.0,2012
0,6,731,732,3622,210657,902921.0,2012
0,7,39,39,846,52017,177805.0,2012
0,8,30,30,802,56415,226579.0,2012
0,9,27,27,768,50589,149232.0,2012
0,10,14,14,500,34111,144644.0,2012
0,11,18,18,803,60435,222255.0,2012
0,12,32,32,1957,148238,651706.0,2012
0,13,26,26,1999,127626,548149.0,2012
0,14,28,30,3141,258811,1210832.0,2012
0,15,11,12,1521,109385,614782.0,2012
0,16,15,15,2100,149090,957343.0,2012
0,17,7,7,1160,86236,537859.0,2012
0,18,6,6,751,91063,0.0,2012
0,19,984,988,19970,1434673,6819300.0,2012
0,20,13,17,0,326580,3191440.0,2012
0,21,4,5,0,0,0.0,2012
0,22,10,12,2091,154029,1402492.0,2012
0,23,8,12,0,0,0.0,2012
0,24,5,5,0,0,0.0,2012
0,25,11,11,1660,112659,0.0,2012
0,26,33,51,34118,3191038,17451217.0,2012
0,1,382,385,27393,2248294,10271203.0,2012
0,2,169,169,259,17713,69913.0,2012
0,3,66,66,440,23711,90073.0,2012
0,4,22,22,0,12784,46108.0,2012
0,5,20,20,341,19468,133742.0,2012
0,6,277,277,1284,73676,339836.0,2012
0,7,12,12,245,17033,39513.0,2012
0,8,11,11,298,21304,75000.0,2012
0,9,7,7,188,14333,35206.0,2012
0,10,4,4,143,9958,44149.0,2012
0,11,6,6,272,17665,52829.0,2012
0,12,12,12,783,66908,249208.0,2012
0,13,9,9,695,49958,215035.0,2012
0,14,9,9,983,91700,540613.0,2012
0,15,3,3,483,24443,104005.0,2012
0,16,5,5,0,0,0.0,2012
0,17,2,2,0,0,0.0,2012
0,18,1,1,0,0,0.0,2012
0,19,358,358,6560,454861,2282262.0,2012
0,20,5,5,1512,106193,2024969.0,2012
0,21,1,1,0,0,0.0,2012
0,22,1,1,0,0,0.0,2012
0,24,2,2,0,0,0.0,2012
0,25,4,4,0,0,0.0,2012
0,26,11,14,17026,1501920,4392829.0,2012
0,1,105,113,14627,1517804,0.0,2012
0,2,43,44,72,4344,12916.0,2012
0,3,9,9,65,3308,9434.0,2012
0,4,5,5,0,0,0.0,2012
0,5,4,4,70,5036,12680.0,2012
0,6,61,62,259,16418,48102.0,2012
0,7,4,4,86,6405,22009.0,2012
0,8,1,1,0,0,0.0,2012
0,9,4,4,117,13825,37116.0,2012
0,10,2,2,0,0,0.0,2012
0,12,4,4,242,19735,50848.0,2012
0,13,4,4,361,22477,65760.0,2012
0,14,3,3,332,37898,107549.0,2012
0,15,2,2,0,0,0.0,2012
0,16,1,1,0,0,0.0,2012
0,17,1,1,0,0,0.0,2012
0,18,2,2,0,0,0.0,2012
0,19,89,90,2816,261126,1025636.0,2012
0,20,4,7,0,0,0.0,2012
0,22,2,3,0,0,0.0,2012
0,23,3,4,0,0,0.0,2012
0,25,2,2,0,0,0.0,2012
0,26,5,7,7875,973499,0.0,2012
0,1,588,603,25349,1859286,11207991.0,2012
0,2,212,212,370,24842,118486.0,2012
0,3,108,108,735,43623,177904.0,2012
0,4,45,45,528,29550,134678.0,2012
0,5,28,28,0,22548,83915.0,2012
0,6,393,393,2079,120563,514983.0,2012
0,7,23,23,515,28579,116283.0,2012
0,8,18,18,473,33773,147073.0,2012
0,9,16,16,463,22431,76910.0,2012
0,10,8,8,0,0,0.0,2012
0,11,12,12,531,42770,169426.0,2012
0,12,16,16,932,61595,351650.0,2012
0,13,13,13,943,55191,267354.0,2012
0,14,18,18,1826,129213,562670.0,2012
0,15,6,7,736,63789,404791.0,2012
0,16,9,9,1181,90165,473601.0,2012
0,17,4,4,422,28282,250590.0,2012
0,18,3,3,211,23926,0.0,2012
0,19,539,540,10594,718686,3511402.0,2012
0,20,5,5,0,0,0.0,2012
0,21,3,4,1353,104028,487448.0,2012
0,22,7,8,803,60001,450896.0,2012
0,23,5,8,0,0,0.0,2012
0,24,3,3,0,0,0.0,2012
0,25,5,5,442,30988,240043.0,2012
0,26,21,30,9217,715619,5492631.0,2012
0,1,1350,1479,98878,8384333,41342128.0,2012
0,2,444,444,816,48264,218324.0,2012
0,3,212,213,1446,74293,335662.0,2012
0,4,123,123,1438,86295,390539.0,2012
0,5,67,67,1129,65252,262726.0,2012
0,6,846,847,4829,274104,1207251.0,2012
0,7,51,51,1091,61306,247336.0,2012
0,8,39,39,1062,75201,370721.0,2012
0,9,26,27,839,54151,203570.0,2012
0,10,27,27,1015,68069,276864.0,2012
0,11,56,58,2515,160674,583956.0,2012
0,12,67,71,3975,252214,1118050.0,2012
0,13,26,31,2081,156071,660714.0,2012
0,14,41,51,3899,272117,1091760.0,2012
0,15,25,29,3231,232503,1238382.0,2012
0,16,14,16,1772,153655,816048.0,2012
0,17,15,20,3849,254021,1284022.0,2012
0,18,10,12,1427,97969,409434.0,2012
0,19,1243,1279,31585,2112055,9508108.0,2012
0,20,14,19,4196,397935,1515252.0,2012
0,21,6,10,0,0,0.0,2012
0,22,10,16,2175,184969,1034471.0,2012
0,23,9,12,3573,273305,1510843.0,2012
0,24,7,11,0,0,0.0,2012
0,25,19,31,8769,911057,3454458.0,2012
0,26,42,101,42190,3769072,20157702.0,2012
0,1,249,265,16587,1332694,8355820.0,2012
0,2,62,62,0,8215,33887.0,2012
0,3,38,38,251,14278,55424.0,2012
0,4,20,20,240,12507,46678.0,2012
0,5,13,13,0,10686,37049.0,2012
0,6,133,133,820,45686,173038.0,2012
0,7,10,10,226,10995,40205.0,2012
0,8,3,3,83,7800,38417.0,2012
0,9,5,5,161,9745,37621.0,2012
0,10,6,6,220,14869,37533.0,2012
0,11,12,12,523,39931,135298.0,2012
0,12,16,20,897,58713,198127.0,2012
0,13,3,3,0,0,0.0,2012
0,14,13,16,1105,70265,238693.0,2012
0,15,6,7,749,62916,428859.0,2012
0,16,5,6,494,42158,312716.0,2012
0,17,6,7,1500,110718,557409.0,2012
0,18,3,3,475,31119,108710.0,2012
0,19,221,231,7482,525782,2402582.0,2012
0,20,7,9,1990,197704,860372.0,2012
0,21,1,2,0,0,0.0,2012
0,22,2,2,0,0,0.0,2012
0,23,5,6,0,0,0.0,2012
0,24,1,1,0,0,0.0,2012
0,25,3,3,0,0,0.0,2012
0,26,9,11,0,180244,0.0,2012
0,1,249,265,16587,1332694,8355820.0,2012
0,2,62,62,0,8215,33887.0,2012
0,3,38,38,251,14278,55424.0,2012
0,4,20,20,240,12507,46678.0,2012
0,5,13,13,0,10686,37049.0,2012
0,6,133,133,820,45686,173038.0,2012
0,7,10,10,226,10995,40205.0,2012
0,8,3,3,83,7800,38417.0,2012
0,9,5,5,161,9745,37621.0,2012
0,10,6,6,220,14869,37533.0,2012
0,11,12,12,523,39931,135298.0,2012
0,12,16,20,897,58713,198127.0,2012
0,13,3,3,0,0,0.0,2012
0,14,13,16,1105,70265,238693.0,2012
0,15,6,7,749,62916,428859.0,2012
0,16,5,6,494,42158,312716.0,2012
0,17,6,7,1500,110718,557409.0,2012
0,18,3,3,475,31119,108710.0,2012
0,19,221,231,7482,525782,2402582.0,2012
0,20,7,9,1990,197704,860372.0,2012
0,21,1,2,0,0,0.0,2012
0,22,2,2,0,0,0.0,2012
0,23,5,6,0,0,0.0,2012
0,24,1,1,0,0,0.0,2012
0,25,3,3,0,0,0.0,2012
0,26,9,11,0,180244,0.0,2012
0,1,748,830,66833,6089047,27867565.0,2012
0,2,229,229,398,25437,124160.0,2012
0,3,122,123,854,44519,214292.0,2012
0,4,79,79,926,57597,290264.0,2012
0,5,38,38,663,41313,163522.0,2012
0,6,468,469,2841,168866,792238.0,2012
0,7,28,28,581,33627,150581.0,2012
0,8,26,26,709,54403,289018.0,2012
0,9,18,19,581,35216,138018.0,2012
0,10,11,11,411,34069,162378.0,2012
0,11,33,35,1511,91711,323995.0,2012
0,12,34,34,2047,119898,536296.0,2012
0,13,18,21,1401,112608,474852.0,2012
0,14,17,23,1809,134908,643489.0,2012
0,15,16,17,2026,136390,569883.0,2012
0,16,7,8,917,88917,382312.0,2012
0,17,8,11,1791,110639,0.0,2012
0,18,3,4,0,0,0.0,2012
0,19,687,706,17037,1146886,5095140.0,2012
0,20,3,5,0,0,0.0,2012
0,21,5,8,0,0,0.0,2012
0,22,7,12,0,129263,518069.0,2012
0,23,4,4,1031,79039,398508.0,2012
0,24,5,9,0,0,0.0,2012
0,25,12,22,6564,708553,2062801.0,2012
0,26,25,64,33840,3253036,16269399.0,2012
0,1,748,830,66833,6089047,27867565.0,2012
0,2,229,229,398,25437,124160.0,2012
0,3,122,123,854,44519,214292.0,2012
0,4,79,79,926,57597,290264.0,2012
0,5,38,38,663,41313,163522.0,2012
0,6,468,469,2841,168866,792238.0,2012
0,7,28,28,581,33627,150581.0,2012
0,8,26,26,709,54403,289018.0,2012
0,9,18,19,581,35216,138018.0,2012
0,10,11,11,411,34069,162378.0,2012
0,11,33,35,1511,91711,323995.0,2012
0,12,34,34,2047,119898,536296.0,2012
0,13,18,21,1401,112608,474852.0,2012
0,14,17,23,1809,134908,643489.0,2012
0,15,16,17,2026,136390,569883.0,2012
0,16,7,8,917,88917,382312.0,2012
0,17,8,11,1791,110639,0.0,2012
0,18,3,4,0,0,0.0,2012
0,19,687,706,17037,1146886,5095140.0,2012
0,20,3,5,0,0,0.0,2012
0,21,5,8,0,0,0.0,2012
0,22,7,12,0,129263,518069.0,2012
0,23,4,4,1031,79039,398508.0,2012
0,24,5,9,0,0,0.0,2012
0,25,12,22,6564,708553,2062801.0,2012
0,26,25,64,33840,3253036,16269399.0,2012
0,1,365,384,15458,962592,5118743.0,2012
0,2,153,153,288,14612,60277.0,2012
0,3,52,52,341,15496,65946.0,2012
0,4,24,24,272,16191,53597.0,2012
0,5,16,16,267,13253,62155.0,2012
0,6,245,245,1168,59552,241975.0,2012
0,7,13,13,284,16684,56550.0,2012
0,8,10,10,270,12998,43286.0,2012
0,9,3,3,97,9190,27931.0,2012
0,10,10,10,384,19131,76953.0,2012
0,11,11,11,481,29032,124663.0,2012
0,12,17,17,1031,73603,383627.0,2012
0,13,6,7,0,0,0.0,2012
0,14,11,12,985,66944,209578.0,2012
0,15,4,5,456,33197,239640.0,2012
0,16,2,2,0,0,0.0,2012
0,17,2,2,0,0,0.0,2012
0,18,5,5,0,0,0.0,2012
0,19,339,342,7066,439387,2010386.0,2012
0,20,5,5,0,0,0.0,2012
0,22,2,2,0,0,0.0,2012
0,23,1,2,0,0,0.0,2012
0,24,1,1,0,0,0.0,2012
0,25,5,6,843,60514,511039.0,2012
0,26,12,26,5751,335792,2084337.0,2012
0,1,365,384,15458,962592,5118743.0,2012
0,2,153,153,288,14612,60277.0,2012
0,3,52,52,341,15496,65946.0,2012
0,4,24,24,272,16191,53597.0,2012
0,5,16,16,267,13253,62155.0,2012
0,6,245,245,1168,59552,241975.0,2012
0,7,13,13,284,16684,56550.0,2012
0,8,10,10,270,12998,43286.0,2012
0,9,3,3,97,9190,27931.0,2012
0,10,10,10,384,19131,76953.0,2012
0,11,11,11,481,29032,124663.0,2012
0,12,17,17,1031,73603,383627.0,2012
0,13,6,7,0,0,0.0,2012
0,14,11,12,985,66944,209578.0,2012
0,15,4,5,456,33197,239640.0,2012
0,16,2,2,0,0,0.0,2012
0,17,2,2,0,0,0.0,2012
0,18,5,5,0,0,0.0,2012
0,19,339,342,7066,439387,2010386.0,2012
0,20,5,5,0,0,0.0,2012
0,22,2,2,0,0,0.0,2012
0,23,1,2,0,0,0.0,2012
0,24,1,1,0,0,0.0,2012
0,25,5,6,843,60514,511039.0,2012
0,26,12,26,5751,335792,2084337.0,2012
0,1,459,463,8767,514459,2821920.0,2012
0,2,229,229,416,20174,98651.0,2012
0,3,79,79,532,21898,95713.0,2012
0,4,47,47,548,24754,120768.0,2012
0,5,23,23,402,23374,68714.0,2012
0,6,378,378,1898,90200,383846.0,2012
0,7,8,8,174,6535,25110.0,2012
0,8,10,10,273,12627,51331.0,2012
0,9,5,5,155,5230,21731.0,2012
0,10,8,8,297,27745,134126.0,2012
0,11,10,10,439,29755,126768.0,2012
0,12,6,6,336,23372,116527.0,2012
0,13,6,6,502,37213,124140.0,2012
0,14,8,8,802,40485,235647.0,2012
0,15,5,5,662,52381,241182.0,2012
0,16,5,5,450,23911,319861.0,2012
0,17,1,1,0,0,0.0,2012
0,18,1,1,0,0,0.0,2012
0,19,451,451,6596,382654,1974031.0,2012
0,20,1,1,0,0,0.0,2012
0,21,2,2,0,0,0.0,2012
0,24,1,3,0,0,0.0,2012
0,25,3,5,1071,56448,313040.0,2012
0,26,1,1,0,0,0.0,2012
0,1,459,463,8767,514459,2821920.0,2012
0,2,229,229,416,20174,98651.0,2012
0,3,79,79,532,21898,95713.0,2012
0,4,47,47,548,24754,120768.0,2012
0,5,23,23,402,23374,68714.0,2012
0,6,378,378,1898,90200,383846.0,2012
0,7,8,8,174,6535,25110.0,2012
0,8,10,10,273,12627,51331.0,2012
0,9,5,5,155,5230,21731.0,2012
0,10,8,8,297,27745,134126.0,2012
0,11,10,10,439,29755,126768.0,2012
0,12,6,6,336,23372,116527.0,2012
0,13,6,6,502,37213,124140.0,2012
0,14,8,8,802,40485,235647.0,2012
0,15,5,5,662,52381,241182.0,2012
0,16,5,5,450,23911,319861.0,2012
0,17,1,1,0,0,0.0,2012
0,18,1,1,0,0,0.0,2012
0,19,451,451,6596,382654,1974031.0,2012
0,20,1,1,0,0,0.0,2012
0,21,2,2,0,0,0.0,2012
0,24,1,3,0,0,0.0,2012
0,25,3,5,1071,56448,313040.0,2012
0,26,1,1,0,0,0.0,2012
0,1,459,463,8767,514459,2821920.0,2012
0,2,229,229,416,20174,98651.0,2012
0,3,79,79,532,21898,95713.0,2012
0,4,47,47,548,24754,120768.0,2012
0,5,23,23,402,23374,68714.0,2012
0,6,378,378,1898,90200,383846.0,2012
0,7,8,8,174,6535,25110.0,2012
0,8,10,10,273,12627,51331.0,2012
0,9,5,5,155,5230,21731.0,2012
0,10,8,8,297,27745,134126.0,2012
0,11,10,10,439,29755,126768.0,2012
0,12,6,6,336,23372,116527.0,2012
0,13,6,6,502,37213,124140.0,2012
0,14,8,8,802,40485,235647.0,2012
0,15,5,5,662,52381,241182.0,2012
0,16,5,5,450,23911,319861.0,2012
0,17,1,1,0,0,0.0,2012
0,18,1,1,0,0,0.0,2012
0,19,451,451,6596,382654,1974031.0,2012
0,20,1,1,0,0,0.0,2012
0,21,2,2,0,0,0.0,2012
0,24,1,3,0,0,0.0,2012
0,25,3,5,1071,56448,313040.0,2012
0,26,1,1,0,0,0.0,2012
0,1,3817,4283,274221,17095545,116718588.0,2012
0,2,1069,1069,1959,124456,627654.0,2012
0,3,525,525,3550,180348,667274.0,2012
0,4,352,353,4115,193364,750633.0,2012
0,5,237,239,4020,196642,737605.0,2012
0,6,2183,2186,13644,694810,2783166.0,2012
0,7,171,171,3756,173942,645926.0,2012
0,8,151,151,3964,185720,784346.0,2012
0,9,122,122,3828,165149,636604.0,2012
0,10,110,114,3986,192880,698351.0,2012
0,11,173,176,7669,371530,1428160.0,2012
0,12,209,220,12135,576620,2262302.0,2012
0,13,140,153,11374,538965,2089792.0,2012
0,14,156,176,17382,817582,3336914.0,2012
0,15,69,87,10980,571316,2288182.0,2012
0,16,76,112,14110,728864,3143036.0,2012
0,17,34,53,7912,503213,4005056.0,2012
0,18,26,31,6269,402746,2292258.0,2012
0,19,3620,3752,117009,5923337,26394093.0,2012
0,20,42,63,13632,866183,5595768.0,2012
0,21,26,55,11985,926302,3496139.0,2012
0,22,29,78,20154,1454933,7789225.0,2012
0,23,17,49,12087,918780,5565687.0,2012
0,24,10,22,6629,589690,2963528.0,2012
0,25,25,100,24981,1338895,7873386.0,2012
0,26,48,164,67744,5077425,57040762.0,2012
0,1,3817,4283,274221,17095545,116718588.0,2012
0,2,1069,1069,1959,124456,627654.0,2012
0,3,525,525,3550,180348,667274.0,2012
0,4,352,353,4115,193364,750633.0,2012
0,5,237,239,4020,196642,737605.0,2012
0,6,2183,2186,13644,694810,2783166.0,2012
0,7,171,171,3756,173942,645926.0,2012
0,8,151,151,3964,185720,784346.0,2012
0,9,122,122,3828,165149,636604.0,2012
0,10,110,114,3986,192880,698351.0,2012
0,11,173,176,7669,371530,1428160.0,2012
0,12,209,220,12135,576620,2262302.0,2012
0,13,140,153,11374,538965,2089792.0,2012
0,14,156,176,17382,817582,3336914.0,2012
0,15,69,87,10980,571316,2288182.0,2012
0,16,76,112,14110,728864,3143036.0,2012
0,17,34,53,7912,503213,4005056.0,2012
0,18,26,31,6269,402746,2292258.0,2012
0,19,3620,3752,117009,5923337,26394093.0,2012
0,20,42,63,13632,866183,5595768.0,2012
0,21,26,55,11985,926302,3496139.0,2012
0,22,29,78,20154,1454933,7789225.0,2012
0,23,17,49,12087,918780,5565687.0,2012
0,24,10,22,6629,589690,2963528.0,2012
0,25,25,100,24981,1338895,7873386.0,2012
0,26,48,164,67744,5077425,57040762.0,2012
0,1,539,568,25209,1127232,4519018.0,2012
0,2,149,149,278,15112,57024.0,2012
0,3,78,78,511,18890,63631.0,2012
0,4,42,42,465,19281,94814.0,2012
0,5,36,36,602,26061,86252.0,2012
0,6,305,305,1856,79344,301721.0,2012
0,7,23,23,522,21022,65313.0,2012
0,8,22,22,569,24695,81451.0,2012
0,9,20,20,642,23344,74545.0,2012
0,10,16,16,582,21663,80526.0,2012
0,11,29,29,1305,55674,199923.0,2012
0,12,31,31,1909,71868,253583.0,2012
0,13,25,25,2043,93118,366625.0,2012
0,14,24,26,2636,112086,359491.0,2012
0,15,4,4,658,29655,129006.0,2012
0,16,10,14,1707,78613,253401.0,2012
0,17,1,1,0,0,0.0,2012
0,18,3,3,192,7705,42031.0,2012
0,19,513,519,14649,620131,2212204.0,2012
0,20,4,5,0,0,0.0,2012
0,21,5,10,1044,45606,189007.0,2012
0,22,3,10,3027,135133,495857.0,2012
0,23,1,1,0,0,0.0,2012
0,24,1,2,0,0,0.0,2012
0,25,6,13,4077,180143,910842.0,2012
0,26,6,8,0,0,0.0,2012
0,1,802,876,92574,7882228,73811264.0,2012
0,2,255,255,461,35404,177856.0,2012
0,3,119,119,836,58225,244670.0,2012
0,4,75,75,898,57692,221493.0,2012
0,5,51,51,873,52896,220997.0,2012
0,6,500,500,3068,204217,865016.0,2012
0,7,30,30,644,39432,163501.0,2012
0,8,19,19,496,35967,218455.0,2012
0,9,19,19,595,35687,127614.0,2012
0,10,14,14,502,33082,0.0,2012
0,11,24,24,1072,79143,324821.0,2012
0,12,30,31,1726,126479,490483.0,2012
0,13,17,19,1371,101814,416867.0,2012
0,14,24,27,2537,156066,670163.0,2012
0,15,12,14,1754,159704,551894.0,2012
0,16,13,19,2725,212637,913900.0,2012
0,17,8,12,1890,152951,2796036.0,2012
0,18,6,6,1393,122815,261425.0,2012
0,19,716,734,19773,1459994,7929988.0,2012
0,20,15,21,4990,405874,1748265.0,2012
0,21,12,12,4004,498827,1803853.0,2012
0,22,13,19,6020,561535,4176211.0,2012
0,23,12,29,9403,785484,4866039.0,2012
0,24,4,9,4828,474541,2487968.0,2012
0,25,6,9,4762,357016,2099977.0,2012
0,26,24,43,38794,3338957,48698963.0,2012
0,1,376,418,19796,996037,3670195.0,2012
0,2,74,74,154,7381,24353.0,2012
0,3,46,46,311,12836,41827.0,2012
0,4,40,40,449,18673,73501.0,2012
0,5,29,30,512,22068,70869.0,2012
0,6,189,190,1426,60958,210550.0,2012
0,7,16,16,329,14052,49469.0,2012
0,8,13,13,323,10972,32564.0,2012
0,9,14,14,421,15218,0.0,2012
0,10,13,15,448,16685,61239.0,2012
0,11,29,30,1263,50191,152437.0,2012
0,12,19,24,1080,42135,187952.0,2012
0,13,27,30,2249,83900,319780.0,2012
0,14,19,23,2024,98700,315884.0,2012
0,15,7,7,987,42267,211704.0,2012
0,16,7,8,1091,58320,190580.0,2012
0,17,3,5,689,22801,112618.0,2012
0,18,4,4,543,31711,120215.0,2012
0,19,360,379,12873,547910,2038894.0,2012
0,20,1,1,0,0,0.0,2012
0,21,1,4,0,0,0.0,2012
0,22,4,7,0,0,0.0,2012
0,23,1,6,0,0,0.0,2012
0,24,2,2,0,0,0.0,2012
0,25,2,12,0,0,0.0,2012
0,26,5,7,1130,54935,223797.0,2012
0,1,195,234,21132,1165438,5693396.0,2012
0,2,45,45,0,5179,18407.0,2012
0,3,24,24,165,8871,29441.0,2012
0,4,17,17,195,7804,28673.0,2012
0,5,11,11,182,8080,27589.0,2012
0,6,97,97,630,29934,104110.0,2012
0,7,12,12,253,10974,36517.0,2012
0,8,7,7,180,9172,41272.0,2012
0,9,6,6,186,10004,56030.0,2012
0,10,4,4,140,8114,17334.0,2012
0,11,3,3,136,6666,19674.0,2012
0,12,9,10,480,33760,132968.0,2012
0,13,6,7,416,14294,52908.0,2012
0,14,10,10,1206,52549,176011.0,2012
0,15,8,8,1303,66066,258750.0,2012
0,16,5,7,929,55935,210996.0,2012
0,17,1,2,0,0,0.0,2012
0,18,3,3,0,0,0.0,2012
0,19,171,176,6733,339396,1781593.0,2012
0,20,1,2,0,0,0.0,2012
0,21,3,6,0,0,0.0,2012
0,22,4,8,3385,238292,1178121.0,2012
0,23,1,1,0,0,0.0,2012
0,24,1,1,0,0,0.0,2012
0,25,4,13,0,0,0.0,2012
0,26,10,27,0,0,0.0,2012
0,1,855,928,60817,2956506,17763611.0,2012
0,2,162,162,305,21763,153823.0,2012
0,3,98,98,671,30416,123049.0,2012
0,4,76,76,902,39717,164677.0,2012
0,5,46,46,791,36732,173794.0,2012
0,6,382,382,2669,128628,615343.0,2012
0,7,48,48,1049,43178,180500.0,2012
0,8,50,50,1331,59353,244896.0,2012
0,9,30,30,961,33710,138200.0,2012
0,10,37,37,1309,56008,227731.0,2012
0,11,38,40,1673,76453,355129.0,2012
0,12,76,78,4264,187633,804983.0,2012
0,13,26,27,2160,100557,405931.0,2012
0,14,49,51,5653,242052,1171771.0,2012
0,15,24,27,3641,148096,703921.0,2012
0,16,21,29,3791,166531,932867.0,2012
0,17,8,13,2166,152146,505353.0,2012
0,18,5,6,1926,101262,582030.0,2012
0,19,794,818,32593,1495607,6868655.0,2012
0,20,15,20,4230,231040,2850534.0,2012
0,21,8,13,2814,178495,697118.0,2012
0,22,7,13,3353,144482,841986.0,2012
0,23,4,4,0,7466,0.0,2012
0,24,1,1,0,0,0.0,2012
0,25,10,33,8083,354996,2967068.0,2012
0,26,16,26,9167,529425,3412278.0,2012
0,1,1162,1259,54693,2968104,11261104.0,2012
0,2,384,384,673,39617,196191.0,2012
0,3,160,160,1056,51110,164656.0,2012
0,4,103,103,1206,50197,167475.0,2012
0,5,64,65,1060,50805,158104.0,2012
0,6,711,712,3995,191729,686426.0,2012
0,7,42,42,0,45284,150626.0,2012
0,8,40,40,1065,45561,165708.0,2012
0,9,33,33,1023,47186,166313.0,2012
0,10,28,28,1005,57328,181708.0,2012
0,11,50,50,2220,103403,376176.0,2012
0,12,45,46,2676,114745,392333.0,2012
0,13,42,45,3135,145282,527681.0,2012
0,14,36,39,3326,156129,643594.0,2012
0,15,19,27,2637,125528,432907.0,2012
0,16,25,35,3867,156828,641292.0,2012
0,17,16,20,2927,165278,541746.0,2012
0,18,7,9,1553,106018,656249.0,2012
0,19,1094,1126,30388,1460299,5562759.0,2012
0,20,11,14,3468,184232,755395.0,2012
0,21,8,10,2511,138756,588891.0,2012
0,22,6,21,0,0,0.0,2012
0,23,6,8,890,47887,165074.0,2012
0,24,5,7,760,54425,159518.0,2012
0,25,9,20,2946,176778,724391.0,2012
0,26,23,53,11432,754035,2826595.0,2012
0,1,4693,5339,386265,32227948,144549353.0,2012
0,2,1658,1658,3193,194804,856371.0,2012
0,3,742,742,4940,282681,1133950.0,2012
0,4,405,405,4726,282180,1100056.0,2012
0,5,269,271,4482,286929,1017882.0,2012
0,6,3074,3076,17341,1046594,4108259.0,2012
0,7,193,194,4173,282427,1021262.0,2012
0,8,143,146,3787,244688,895537.0,2012
0,9,129,130,3905,257922,962188.0,2012
0,10,87,87,3149,190277,722121.0,2012
0,11,151,151,6388,436984,1609600.0,2012
0,12,211,222,11886,762175,2831713.0,2012
0,13,118,132,9417,701596,2680852.0,2012
0,14,136,157,13674,962829,3533372.0,2012
0,15,50,58,6763,421623,1638362.0,2012
0,16,55,72,8006,523628,2211762.0,2012
0,17,46,63,8415,684942,2502546.0,2012
0,18,28,36,7503,644541,2456191.0,2012
0,19,4421,4524,104407,7160226,27173765.0,2012
0,20,39,69,12115,961563,5215227.0,2012
0,21,36,45,11010,965292,4486400.0,2012
0,22,33,59,12297,974004,4859087.0,2012
0,23,21,45,8812,639341,3261791.0,2012
0,24,18,44,9591,774752,3515409.0,2012
0,25,46,89,25818,2244624,11050424.0,2012
0,26,79,464,202215,18508146,84987250.0,2012
0,1,4693,5339,386265,32227948,144549353.0,2012
0,2,1658,1658,3193,194804,856371.0,2012
0,3,742,742,4940,282681,1133950.0,2012
0,4,405,405,4726,282180,1100056.0,2012
0,5,269,271,4482,286929,1017882.0,2012
0,6,3074,3076,17341,1046594,4108259.0,2012
0,7,193,194,4173,282427,1021262.0,2012
0,8,143,146,3787,244688,895537.0,2012
0,9,129,130,3905,257922,962188.0,2012
0,10,87,87,3149,190277,722121.0,2012
0,11,151,151,6388,436984,1609600.0,2012
0,12,211,222,11886,762175,2831713.0,2012
0,13,118,132,9417,701596,2680852.0,2012
0,14,136,157,13674,962829,3533372.0,2012
0,15,50,58,6763,421623,1638362.0,2012
0,16,55,72,8006,523628,2211762.0,2012
0,17,46,63,8415,684942,2502546.0,2012
0,18,28,36,7503,644541,2456191.0,2012
0,19,4421,4524,104407,7160226,27173765.0,2012
0,20,39,69,12115,961563,5215227.0,2012
0,21,36,45,11010,965292,4486400.0,2012
0,22,33,59,12297,974004,4859087.0,2012
0,23,21,45,8812,639341,3261791.0,2012
0,24,18,44,9591,774752,3515409.0,2012
0,25,46,89,25818,2244624,11050424.0,2012
0,26,79,464,202215,18508146,84987250.0,2012
0,1,674,749,64271,5377611,27934463.0,2012
0,2,214,214,390,27375,112734.0,2012
0,3,84,84,568,43412,145858.0,2012
0,4,55,55,640,41710,146804.0,2012
0,5,44,44,747,50144,175000.0,2012
0,6,397,397,2345,162641,580396.0,2012
0,7,24,24,525,37754,131555.0,2012
0,8,19,19,528,43525,147636.0,2012
0,9,21,21,671,42939,131877.0,2012
0,10,9,9,0,18164,80178.0,2012
0,11,20,20,888,72405,254045.0,2012
0,12,35,35,1877,101397,356429.0,2012
0,13,22,24,1836,143842,439286.0,2012
0,14,27,30,2778,184419,597468.0,2012
0,15,13,14,1655,123592,0.0,2012
0,16,10,10,1139,79211,385414.0,2012
0,17,8,8,0,0,0.0,2012
0,18,6,7,1984,233418,658779.0,2012
0,19,611,618,17822,1384481,4714754.0,2012
0,20,10,12,0,0,0.0,2012
0,21,8,11,3968,406043,1903757.0,2012
0,22,5,9,2423,201477,822887.0,2012
0,23,4,6,0,0,0.0,2012
0,24,2,2,0,0,0.0,2012
0,25,10,14,2356,252570,1007545.0,2012
0,26,24,77,32120,2680580,17448943.0,2012
0,1,453,591,135671,12272794,48272138.0,2012
0,2,145,145,286,17933,67027.0,2012
0,3,59,59,393,22311,79846.0,2012
0,4,37,37,430,24663,90233.0,2012
0,5,35,35,579,37778,129863.0,2012
0,6,276,276,1688,102685,366969.0,2012
0,7,13,13,284,15612,64173.0,2012
0,8,18,18,463,26945,97741.0,2012
0,9,11,11,338,24974,90149.0,2012
0,10,13,13,470,30900,100569.0,2012
0,11,15,15,693,37965,134239.0,2012
0,12,22,24,1332,80720,279968.0,2012
0,13,8,10,574,42106,200573.0,2012
0,14,10,10,1068,71364,220692.0,2012
0,15,8,10,1216,63194,240124.0,2012
0,16,6,9,0,0,0.0,2012
0,18,3,3,0,0,0.0,2012
0,19,403,412,8890,540710,2031285.0,2012
0,20,2,3,0,0,0.0,2012
0,21,4,4,0,0,0.0,2012
0,22,2,4,0,0,0.0,2012
0,23,7,11,1741,130330,741110.0,2012
0,24,2,6,0,0,0.0,2012
0,25,8,14,0,0,0.0,2012
0,26,25,137,113040,10728239,42461337.0,2012
0,1,281,294,11418,770523,2891507.0,2012
0,2,107,107,217,11414,45419.0,2012
0,3,45,45,306,14275,47579.0,2012
0,4,23,23,275,13977,51807.0,2012
0,5,15,15,250,14751,50101.0,2012
0,6,190,190,1048,54417,194906.0,2012
0,7,10,10,229,14046,47902.0,2012
0,8,9,9,245,15296,54570.0,2012
0,9,7,7,218,12765,52231.0,2012
0,10,5,5,185,6289,28841.0,2012
0,11,4,4,171,9814,31957.0,2012
0,12,13,13,740,42090,150532.0,2012
0,13,4,4,0,0,0.0,2012
0,14,6,6,605,35860,127880.0,2012
0,15,2,3,0,0,0.0,2012
0,16,5,5,0,0,0.0,2012
0,18,1,1,0,0,0.0,2012
0,19,256,257,4405,245324,941702.0,2012
0,20,1,1,0,0,0.0,2012
0,21,3,3,221,11291,52511.0,2012
0,22,2,2,0,0,0.0,2012
0,23,1,1,0,0,0.0,2012
0,24,3,3,231,13588,62252.0,2012
0,25,3,3,0,10551,0.0,2012
0,26,12,24,6081,472710,1637640.0,2012
0,1,792,860,36705,2460313,12055548.0,2012
0,2,316,316,621,36301,204704.0,2012
0,3,121,121,765,37795,161061.0,2012
0,4,45,45,520,34030,127693.0,2012
0,5,45,45,750,46057,163941.0,2012
0,6,527,527,2656,154183,657399.0,2012
0,7,28,28,599,45566,172473.0,2012
0,8,18,19,469,31828,99720.0,2012
0,9,22,22,639,43901,175617.0,2012
0,10,13,13,480,27602,101324.0,2012
0,11,26,26,1099,64919,293907.0,2012
0,12,31,32,1795,112300,448186.0,2012
0,13,23,24,1623,108802,454172.0,2012
0,14,21,24,1772,104410,442904.0,2012
0,15,6,6,754,47824,185392.0,2012
0,16,11,12,1916,152811,543205.0,2012
0,17,6,7,946,68998,236359.0,2012
0,18,6,8,1479,93591,396675.0,2012
0,19,738,748,16227,1056735,4207333.0,2012
0,20,7,14,2485,181165,1221964.0,2012
0,21,4,7,0,0,0.0,2012
0,22,7,11,1513,113749,500409.0,2012
0,23,3,3,0,3937,26329.0,2012
0,24,5,11,3598,209312,924760.0,2012
0,25,3,6,1345,72515,508111.0,2012
0,26,25,60,10434,767308,4405544.0,2012
0,1,201,212,15239,970083,6070616.0,2012
0,2,61,61,124,6903,42201.0,2012
0,3,30,30,194,10810,53335.0,2012
0,4,20,20,233,12192,54073.0,2012
0,5,4,4,66,4425,15898.0,2012
0,6,115,115,617,34330,165507.0,2012
0,7,13,13,263,13803,55093.0,2012
0,8,4,4,0,0,0.0,2012
0,9,4,4,0,7410,0.0,2012
0,10,5,5,0,10142,58535.0,2012
0,11,7,7,313,18022,71030.0,2012
0,12,11,11,587,32338,181655.0,2012
0,13,3,3,253,20336,147315.0,2012
0,14,3,3,223,8382,35443.0,2012
0,15,2,3,0,0,0.0,2012
0,16,3,4,0,0,0.0,2012
0,17,3,3,0,0,0.0,2012
0,18,1,1,0,0,0.0,2012
0,19,174,176,4633,249397,1295074.0,2012
0,20,2,3,0,0,0.0,2012
0,21,1,1,0,0,0.0,2012
0,22,3,4,0,0,0.0,2012
0,23,5,6,1742,116181,766618.0,2012
0,24,2,2,0,0,0.0,2012
0,25,5,7,1427,78172,604881.0,2012
0,26,9,13,0,0,0.0,2012
0,1,817,862,31786,2677765,11450610.0,2012
0,2,268,268,498,27652,108163.0,2012
0,3,141,141,938,54317,267125.0,2012
0,4,74,74,856,50836,221345.0,2012
0,5,46,46,749,50603,171015.0,2012
0,6,529,529,3041,183408,767648.0,2012
0,7,44,45,951,65518,248947.0,2012
0,8,24,24,598,45316,155876.0,2012
0,9,25,25,744,49064,179262.0,2012
0,10,10,10,374,21514,63289.0,2012
0,11,21,21,862,72637,256973.0,2012
0,12,36,38,1976,149410,560452.0,2012
0,13,20,21,1604,131075,408863.0,2012
0,14,21,28,2174,165002,533944.0,2012
0,15,8,8,992,76383,321891.0,2012
0,16,8,8,664,45259,230127.0,2012
0,17,10,14,1412,81924,382490.0,2012
0,18,3,3,145,7373,31390.0,2012
0,19,759,774,15537,1093883,4141152.0,2012
0,20,7,8,1721,177809,800622.0,2012
0,21,4,4,0,0,0.0,2012
0,22,8,11,1336,152334,430106.0,2012
0,23,7,10,0,0,0.0,2012
0,24,2,2,0,0,0.0,2012
0,25,9,12,0,0,0.0,2012
0,26,21,41,5472,478706,2396780.0,2012
0,1,624,699,41153,3738145,14249123.0,2012
0,2,204,204,388,28292,111959.0,2012
0,3,97,97,640,35519,121255.0,2012
0,4,56,56,661,36274,125681.0,2012
0,5,31,31,499,35900,127252.0,2012
0,6,388,388,2188,135985,486147.0,2012
0,7,29,29,627,40342,119561.0,2012
0,8,18,19,503,29522,111768.0,2012
0,9,13,13,403,30547,102684.0,2012
0,10,13,13,463,29078,91821.0,2012
0,11,23,23,984,69402,228274.0,2012
0,12,28,28,1613,114237,376627.0,2012
0,13,19,20,1502,115829,440504.0,2012
0,14,18,18,1747,135576,480542.0,2012
0,15,4,4,0,0,0.0,2012
0,16,10,14,1589,105673,424100.0,2012
0,17,9,12,2053,179671,672048.0,2012
0,18,5,6,1362,131258,503702.0,2012
0,19,577,587,15595,1147764,4123628.0,2012
0,20,8,14,2626,162862,724729.0,2012
0,21,4,5,803,70274,322402.0,2012
0,22,5,8,1690,136295,820856.0,2012
0,23,2,3,0,0,0.0,2012
0,24,6,13,0,0,0.0,2012
0,25,6,12,1919,161830,546796.0,2012
0,26,16,57,15361,1727699,6210567.0,2012
0,1,151,167,15418,1483165,10156522.0,2012
0,2,44,44,0,4935,28325.0,2012
0,3,22,22,148,10255,58570.0,2012
0,4,13,13,152,10417,62798.0,2012
0,5,9,9,149,8878,39990.0,2012
0,6,88,88,535,34485,189683.0,2012
0,7,3,3,0,0,0.0,2012
0,8,5,5,124,7151,37347.0,2012
0,9,8,8,251,17160,84272.0,2012
0,10,5,5,188,15683,86666.0,2012
0,11,4,4,146,10122,63828.0,2012
0,12,5,5,309,16886,0.0,2012
0,13,4,4,337,25301,118498.0,2012
0,14,7,8,458,40500,253602.0,2012
0,15,1,1,0,0,0.0,2012
0,17,2,4,0,0,0.0,2012
0,18,2,2,0,0,0.0,2012
0,19,134,137,3397,270418,1233716.0,2012
0,20,2,2,0,0,0.0,2012
0,21,1,2,0,0,0.0,2012
0,22,2,2,0,0,0.0,2012
0,23,2,2,0,0,0.0,2012
0,25,4,12,3532,322254,3172680.0,2012
0,26,6,10,6287,665481,4508248.0,2012
0,1,858,905,34604,2477549,11468826.0,2012
0,2,299,299,583,33999,135839.0,2012
0,3,143,143,988,53987,199321.0,2012
0,4,82,82,959,58081,219622.0,2012
0,5,42,42,693,38393,144822.0,2012
0,6,566,566,3223,184460,699604.0,2012
0,7,29,29,621,43345,149439.0,2012
0,8,29,29,747,39139,163917.0,2012
0,9,18,19,526,29162,123119.0,2012
0,10,14,14,517,30905,110898.0,2012
0,11,31,31,1232,81698,275347.0,2012
0,12,33,36,1657,112797,413863.0,2012
0,13,20,22,1402,90844,351498.0,2012
0,14,27,30,2849,217316,840897.0,2012
0,15,8,9,898,54785,198974.0,2012
0,16,7,10,990,50177,233138.0,2012
0,17,12,15,2064,169745,660501.0,2012
0,18,5,5,1175,67141,263926.0,2012
0,19,799,815,17901,1171514,4485121.0,2012
0,20,9,12,1542,117044,899235.0,2012
0,21,7,8,2221,168083,650942.0,2012
0,22,6,8,1157,90650,355017.0,2012
0,23,3,3,234,20615,82373.0,2012
0,24,5,5,566,38379,151207.0,2012
0,25,6,9,0,0,0.0,2012
0,26,23,45,8605,632222,3741444.0,2012
0,1,570,583,14795,754076,2998691.0,2012
0,2,334,334,541,26102,98136.0,2012
0,3,72,72,457,22660,63342.0,2012
0,4,27,28,309,13377,53517.0,2012
0,5,25,25,427,21041,79789.0,2012
0,6,458,459,1734,83180,294784.0,2012
0,7,19,20,431,27641,80904.0,2012
0,8,7,7,165,10923,34723.0,2012
0,9,9,9,266,17120,62041.0,2012
0,10,8,8,310,17555,67463.0,2012
0,11,12,12,520,27081,91087.0,2012
0,12,17,17,942,49405,194415.0,2012
0,13,9,14,544,30812,137503.0,2012
0,14,10,10,855,31113,124761.0,2012
0,15,3,3,0,0,0.0,2012
0,16,1,1,0,0,0.0,2012
0,18,3,3,0,0,0.0,2012
0,19,556,563,7254,390207,1347923.0,2012
0,20,2,2,0,0,0.0,2012
0,22,2,2,0,0,0.0,2012
0,23,1,2,0,0,0.0,2012
0,25,3,3,0,0,0.0,2012
0,26,6,11,0,0,0.0,2012
0,1,570,583,14795,754076,2998691.0,2012
0,2,334,334,541,26102,98136.0,2012
0,3,72,72,457,22660,63342.0,2012
0,4,27,28,309,13377,53517.0,2012
0,5,25,25,427,21041,79789.0,2012
0,6,458,459,1734,83180,294784.0,2012
0,7,19,20,431,27641,80904.0,2012
0,8,7,7,165,10923,34723.0,2012
0,9,9,9,266,17120,62041.0,2012
0,10,8,8,310,17555,67463.0,2012
0,11,12,12,520,27081,91087.0,2012
0,12,17,17,942,49405,194415.0,2012
0,13,9,14,544,30812,137503.0,2012
0,14,10,10,855,31113,124761.0,2012
0,15,3,3,0,0,0.0,2012
0,16,1,1,0,0,0.0,2012
0,18,3,3,0,0,0.0,2012
0,19,556,563,7254,390207,1347923.0,2012
0,20,2,2,0,0,0.0,2012
0,22,2,2,0,0,0.0,2012
0,23,1,2,0,0,0.0,2012
0,25,3,3,0,0,0.0,2012
0,26,6,11,0,0,0.0,2012
0,1,77,77,1344,98707,280693.0,2012
0,2,40,40,0,3751,12837.0,2012
0,3,13,13,0,4291,13032.0,2012
0,4,4,4,44,3129,9512.0,2012
0,5,6,6,100,4934,15967.0,2012
0,6,63,63,301,16105,51348.0,2012
0,7,4,4,0,0,0.0,2012
0,9,1,1,0,0,0.0,2012
0,10,1,1,0,0,0.0,2012
0,11,3,3,133,10469,28206.0,2012
0,12,2,2,0,0,0.0,2012
0,13,1,1,0,0,0.0,2012
0,18,1,1,0,0,0.0,2012
0,19,76,76,1223,90479,255678.0,2012
0,25,1,1,0,0,0.0,2012
0,1,493,506,13451,655369,2717998.0,2012
0,2,294,294,475,22351,85299.0,2012
0,3,59,59,366,18369,50310.0,2012
0,4,23,24,265,10248,44005.0,2012
0,5,19,19,327,16107,63822.0,2012
0,6,395,396,1433,67075,243436.0,2012
0,7,15,16,338,23241,67533.0,2012
0,8,7,7,165,10923,34723.0,2012
0,9,8,8,236,16124,59011.0,2012
0,10,7,7,268,14184,57216.0,2012
0,11,9,9,387,16612,62881.0,2012
0,12,15,15,843,42726,174108.0,2012
0,13,8,13,499,28138,88640.0,2012
0,14,10,10,855,31113,124761.0,2012
0,15,3,3,0,0,0.0,2012
0,16,1,1,0,0,0.0,2012
0,18,2,2,0,0,0.0,2012
0,19,480,487,6031,299728,1092245.0,2012
0,20,2,2,0,0,0.0,2012
0,22,2,2,0,0,0.0,2012
0,23,1,2,0,0,0.0,2012
0,25,2,2,0,0,0.0,2012
0,26,6,11,0,0,0.0,2012
0,1,5059,5800,336758,18108360,123811250.0,2012
0,2,1607,1607,3020,199108,912867.0,2012
0,3,815,815,5501,250772,1099224.0,2012
0,4,431,431,5036,239361,1052692.0,2012
0,5,316,318,5311,265389,1178173.0,2012
0,6,3169,3171,18868,954630,4242956.0,2012
0,7,219,224,4670,216855,1000445.0,2012
0,8,172,172,4533,249312,1043031.0,2012
0,9,148,151,4594,255317,1155215.0,2012
0,10,130,133,4644,271636,1201327.0,2012
0,11,159,162,6905,375640,1737685.0,2012
0,12,272,291,15536,797737,3730236.0,2012
0,13,113,119,9279,449173,2308510.0,2012
0,14,159,181,17170,858703,4448444.0,2012
0,15,91,112,14450,756973,3713496.0,2012
0,16,85,110,13949,723900,4218146.0,2012
0,17,41,59,8733,519395,2755264.0,2012
0,18,31,47,7063,357324,2038743.0,2012
0,19,4789,4932,130394,6786595,33593498.0,2012
0,20,52,76,15542,898315,5796781.0,2012
0,21,31,62,12155,669303,4450467.0,2012
0,22,36,93,16902,978068,8459038.0,2012
0,23,26,52,12347,808063,4872976.0,2012
0,24,14,32,8514,439434,3018297.0,2012
0,25,47,148,30767,1486508,13231095.0,2012
0,26,64,405,110137,6042074,50389098.0,2012
0,1,1034,1111,45219,2232003,12297963.0,2012
0,2,355,355,692,26706,129828.0,2012
0,3,180,180,1228,46885,216724.0,2012
0,4,91,91,1071,44732,183658.0,2012
0,5,63,63,1049,47534,195296.0,2012
0,6,689,689,4040,165857,725506.0,2012
0,7,51,54,1126,51309,223409.0,2012
0,8,32,32,837,46081,199921.0,2012
0,9,35,35,1094,55967,221873.0,2012
0,10,24,24,903,41315,167898.0,2012
0,11,24,24,1095,53964,222153.0,2012
0,12,53,55,3024,148691,721401.0,2012
0,13,19,19,1560,72805,371713.0,2012
0,14,35,37,3824,196730,959089.0,2012
0,15,11,12,2012,110865,470922.0,2012
0,16,13,14,1958,107684,618351.0,2012
0,17,3,3,898,50520,391247.0,2012
0,18,3,5,0,0,0.0,2012
0,19,992,1003,22747,1120924,5436273.0,2012
0,20,8,9,1854,95982,398299.0,2012
0,21,5,8,2654,142059,682416.0,2012
0,22,2,6,0,0,0.0,2012
0,23,2,2,0,0,0.0,2012
0,24,5,5,1500,76034,508716.0,2012
0,25,5,13,2845,108063,775006.0,2012
0,26,15,65,12445,638928,4137508.0,2012
0,1,58,73,6610,417985,2103812.0,2012
0,2,16,16,33,1131,5315.0,2012
0,3,5,5,37,1671,4794.0,2012
0,4,5,5,53,3490,7638.0,2012
0,5,3,3,0,0,0.0,2012
0,6,29,29,168,8098,23521.0,2012
0,7,4,5,0,0,0.0,2012
0,9,3,3,0,0,0.0,2012
0,10,2,2,0,0,0.0,2012
0,11,1,1,0,0,0.0,2012
0,12,7,7,367,25034,85895.0,2012
0,13,1,1,0,0,0.0,2012
0,14,4,4,0,0,0.0,2012
0,15,2,3,0,0,0.0,2012
0,19,53,55,1804,106148,348465.0,2012
0,20,1,1,0,0,0.0,2012
0,24,1,1,0,0,0.0,2012
0,26,3,16,4189,278957,1522684.0,2012
0,1,58,73,6610,417985,2103812.0,2012
0,2,16,16,33,1131,5315.0,2012
0,3,5,5,37,1671,4794.0,2012
0,4,5,5,53,3490,7638.0,2012
0,5,3,3,0,0,0.0,2012
0,6,29,29,168,8098,23521.0,2012
0,7,4,5,0,0,0.0,2012
0,9,3,3,0,0,0.0,2012
0,10,2,2,0,0,0.0,2012
0,11,1,1,0,0,0.0,2012
0,12,7,7,367,25034,85895.0,2012
0,13,1,1,0,0,0.0,2012
0,14,4,4,0,0,0.0,2012
0,15,2,3,0,0,0.0,2012
0,19,53,55,1804,106148,348465.0,2012
0,20,1,1,0,0,0.0,2012
0,24,1,1,0,0,0.0,2012
0,26,3,16,4189,278957,1522684.0,2012
0,1,978,1038,38609,1814018,10194151.0,2012
0,2,339,339,659,25575,124513.0,2012
0,3,175,175,1191,45214,211930.0,2012
0,4,86,86,1018,41242,176020.0,2012
0,5,60,60,1004,45728,189522.0,2012
0,6,660,660,3872,157759,701985.0,2012
0,7,47,49,1027,48350,213896.0,2012
0,8,32,32,837,46081,199921.0,2012
0,9,32,32,1007,45465,187157.0,2012
0,10,22,22,824,37459,155870.0,2012
0,11,23,23,1050,46038,188001.0,2012
0,12,46,48,2657,123657,635506.0,2012
0,13,18,18,1457,68923,358979.0,2012
0,14,31,33,3293,174723,873249.0,2012
0,15,9,9,0,88981,420856.0,2012
0,16,13,14,1958,107684,618351.0,2012
0,17,3,3,898,50520,391247.0,2012
0,18,3,5,0,0,0.0,2012
0,19,939,948,20943,1014776,5087808.0,2012
0,20,7,8,1785,93683,391629.0,2012
0,21,5,8,2654,142059,682416.0,2012
0,22,2,6,0,0,0.0,2012
0,23,2,2,0,0,0.0,2012
0,24,4,4,952,45453,282723.0,2012
0,25,5,13,2845,108063,775006.0,2012
0,26,14,49,8256,359971,2614824.0,2012
0,1,317,321,6543,255898,1443720.0,2012
0,2,144,144,272,7430,29034.0,2012
0,3,66,66,454,15299,71850.0,2012
0,4,25,25,292,10953,44010.0,2012
0,5,19,19,305,12604,52255.0,2012
0,6,254,254,1323,46286,197149.0,2012
0,7,12,12,270,9581,35987.0,2012
0,8,8,8,212,9406,33375.0,2012
0,9,10,10,288,10752,43558.0,2012
0,10,4,4,157,4741,20279.0,2012
0,11,8,8,367,13655,73834.0,2012
0,12,7,8,0,0,0.0,2012
0,13,1,1,0,0,0.0,2012
0,14,2,2,0,0,0.0,2012
0,15,2,2,0,0,0.0,2012
0,16,2,2,0,0,0.0,2012
0,19,310,311,4045,155015,684620.0,2012
0,21,1,2,0,0,0.0,2012
0,25,2,2,0,0,0.0,2012
0,26,4,6,1715,69497,559736.0,2012
0,1,393,431,18694,884621,4714930.0,2012
0,2,104,104,0,9615,48302.0,2012
0,3,69,69,456,17614,79538.0,2012
0,4,35,35,419,17155,74023.0,2012
0,5,23,23,392,18866,86333.0,2012
0,6,231,231,1469,63250,288196.0,2012
0,7,21,21,449,23832,91057.0,2012
0,8,16,16,422,28430,118450.0,2012
0,9,14,14,457,17883,84278.0,2012
0,10,15,15,556,27116,103089.0,2012
0,11,10,10,448,20306,72294.0,2012
0,12,25,26,1478,72620,306160.0,2012
0,13,11,11,914,45432,228036.0,2012
0,14,19,21,1993,109116,583892.0,2012
0,15,4,4,0,0,0.0,2012
0,16,6,7,810,37688,235498.0,2012
0,17,2,2,0,0,0.0,2012
0,18,2,4,0,0,0.0,2012
0,19,376,382,10694,534254,2595536.0,2012
0,20,4,4,0,0,0.0,2012
0,21,1,1,0,0,0.0,2012
0,22,1,2,0,0,0.0,2012
0,23,2,2,0,0,0.0,2012
0,24,2,2,0,0,0.0,2012
0,25,2,7,0,0,0.0,2012
0,26,5,31,4278,181044,1276659.0,2012
0,1,280,286,13372,673499,4035501.0,2012
0,2,91,91,185,8530,47177.0,2012
0,3,40,40,281,12301,60542.0,2012
0,4,26,26,307,13134,57987.0,2012
0,5,18,18,307,14258,50934.0,2012
0,6,175,175,1080,48223,216640.0,2012
0,7,15,16,308,14937,86852.0,2012
0,8,8,8,203,8245,48096.0,2012
0,9,8,8,262,16830,59321.0,2012
0,10,3,3,111,5602,32502.0,2012
0,11,5,5,235,12077,41873.0,2012
0,12,14,14,775,35401,206894.0,2012
0,13,6,6,450,20051,118513.0,2012
0,14,10,10,1054,53146,245415.0,2012
0,15,3,3,530,28459,193664.0,2012
0,16,5,5,847,57096,348122.0,2012
0,17,1,1,0,0,0.0,2012
0,18,1,1,0,0,0.0,2012
0,19,254,255,6204,325507,1807652.0,2012
0,20,3,4,988,49494,193836.0,2012
0,21,4,5,0,0,0.0,2012
0,22,2,4,0,0,0.0,2012
0,24,2,2,0,0,0.0,2012
0,25,4,4,1592,62357,512162.0,2012
0,26,11,12,2263,109430,778429.0,2012
0,1,259,300,43618,2012204,19601127.0,2012
0,2,100,100,164,7787,58035.0,2012
0,3,44,44,309,12223,95795.0,2012
0,4,14,14,158,6290,45032.0,2012
0,5,10,10,159,6810,67221.0,2012
0,6,168,168,790,33110,266083.0,2012
0,7,12,12,266,10342,54796.0,2012
0,8,7,7,189,7477,46114.0,2012
0,9,7,7,213,8366,54767.0,2012
0,10,6,6,231,7491,50442.0,2012
0,11,2,2,0,0,0.0,2012
0,12,8,8,513,20946,126898.0,2012
0,13,5,6,0,17370,0.0,2012
0,14,7,7,751,28637,164664.0,2012
0,15,4,5,652,23560,131668.0,2012
0,16,5,5,0,0,0.0,2012
0,17,3,4,0,0,0.0,2012
0,18,2,3,0,0,0.0,2012
0,19,236,240,5841,241437,1648268.0,2012
0,20,2,3,0,0,0.0,2012
0,21,5,11,3490,144395,1214004.0,2012
0,22,6,12,0,0,0.0,2012
0,23,1,1,0,0,0.0,2012
0,25,3,9,0,0,0.0,2012
0,26,6,24,26903,1225054,12446207.0,2012
0,1,119,127,8216,390085,3412551.0,2012
0,2,45,45,72,3820,26492.0,2012
0,3,15,15,100,3989,31160.0,2012
0,4,11,11,0,4672,32417.0,2012
0,5,5,5,0,0,0.0,2012
0,6,76,76,383,16795,136556.0,2012
0,7,6,6,136,5674,28825.0,2012
0,8,4,4,113,4041,20826.0,2012
0,9,2,2,0,0,0.0,2012
0,10,5,5,193,6388,45119.0,2012
0,11,2,2,0,0,0.0,2012
0,12,2,2,0,0,0.0,2012
0,13,3,4,0,0,0.0,2012
0,14,2,2,0,0,0.0,2012
0,15,1,1,0,0,0.0,2012
0,16,3,3,0,0,0.0,2012
0,17,1,1,0,0,0.0,2012
0,18,1,2,0,0,0.0,2012
0,19,108,110,2712,118694,824893.0,2012
0,20,1,2,0,0,0.0,2012
0,21,5,8,3019,126702,1017000.0,2012
0,23,1,1,0,0,0.0,2012
0,25,1,1,0,0,0.0,2012
0,26,3,5,0,0,0.0,2012
0,1,119,127,8216,390085,3412551.0,2012
0,2,45,45,72,3820,26492.0,2012
0,3,15,15,100,3989,31160.0,2012
0,4,11,11,0,4672,32417.0,2012
0,5,5,5,0,0,0.0,2012
0,6,76,76,383,16795,136556.0,2012
0,7,6,6,136,5674,28825.0,2012
0,8,4,4,113,4041,20826.0,2012
0,9,2,2,0,0,0.0,2012
0,10,5,5,193,6388,45119.0,2012
0,11,2,2,0,0,0.0,2012
0,12,2,2,0,0,0.0,2012
0,13,3,4,0,0,0.0,2012
0,14,2,2,0,0,0.0,2012
0,15,1,1,0,0,0.0,2012
0,16,3,3,0,0,0.0,2012
0,17,1,1,0,0,0.0,2012
0,18,1,2,0,0,0.0,2012
0,19,108,110,2712,118694,824893.0,2012
0,20,1,2,0,0,0.0,2012
0,21,5,8,3019,126702,1017000.0,2012
0,23,1,1,0,0,0.0,2012
0,25,1,1,0,0,0.0,2012
0,26,3,5,0,0,0.0,2012
0,1,142,173,35402,1622119,16188576.0,2012
0,2,55,55,92,3967,31543.0,2012
0,3,29,29,209,8234,64635.0,2012
0,4,3,3,0,0,0.0,2012
0,5,5,5,67,2496,20734.0,2012
0,6,92,92,407,16315,129527.0,2012
0,7,6,6,130,4668,25971.0,2012
0,8,3,3,0,0,0.0,2012
0,9,5,5,148,5695,36465.0,2012
0,10,1,1,0,0,0.0,2012
0,12,6,6,389,12984,75640.0,2012
0,13,2,2,0,0,0.0,2012
0,14,5,5,532,20460,113462.0,2012
0,15,3,4,517,18737,123584.0,2012
0,16,2,2,0,0,0.0,2012
0,17,2,3,0,0,0.0,2012
0,18,1,1,0,0,0.0,2012
0,19,128,130,3129,122743,823375.0,2012
0,20,1,1,0,0,0.0,2012
0,21,1,3,0,0,0.0,2012
0,22,6,12,0,0,0.0,2012
0,25,2,8,0,0,0.0,2012
0,26,4,19,25382,1149559,11593980.0,2012
0,1,95,98,10408,425454,4480046.0,2012
0,2,38,38,61,2955,20526.0,2012
0,3,22,22,159,5606,39499.0,2012
0,4,1,1,0,0,0.0,2012
0,5,2,2,0,0,0.0,2012
0,6,63,63,263,10378,68855.0,2012
0,7,4,4,92,2542,15953.0,2012
0,8,3,3,0,0,0.0,2012
0,9,3,3,91,3383,15950.0,2012
0,12,5,5,322,10899,58988.0,2012
0,13,2,2,0,0,0.0,2012
0,14,2,2,0,0,0.0,2012
0,15,1,2,0,0,0.0,2012
0,16,2,2,0,0,0.0,2012
0,17,1,1,0,0,0.0,2012
0,19,86,87,1939,74814,474599.0,2012
0,20,1,1,0,0,0.0,2012
0,21,1,1,0,0,0.0,2012
0,22,4,5,0,0,0.0,2012
0,26,3,4,6432,254062,3028942.0,2012
0,1,23,30,9374,420039,3533056.0,2012
0,2,7,7,0,403,3838.0,2012
0,3,4,4,32,1448,12776.0,2012
0,5,1,1,0,0,0.0,2012
0,6,12,12,58,2190,19301.0,2012
0,9,1,1,0,0,0.0,2012
0,14,1,1,0,0,0.0,2012
0,15,1,1,0,0,0.0,2012
0,17,2,2,0,0,0.0,2012
0,19,17,17,522,21727,121241.0,2012
0,21,1,1,0,0,0.0,2012
0,22,2,4,0,0,0.0,2012
0,26,3,8,7810,345488,2942326.0,2012
0,1,8,9,0,0,0.0,2012
0,2,3,3,4,150,2078.0,2012
0,3,1,1,0,0,0.0,2012
0,5,1,1,0,0,0.0,2012
0,6,5,5,0,0,0.0,2012
0,9,1,1,0,0,0.0,2012
0,19,6,6,56,2713,28909.0,2012
0,26,2,3,0,0,0.0,2012
0,1,30,36,9059,447120,4514574.0,2012
0,2,7,7,0,0,0.0,2012
0,3,2,2,0,0,0.0,2012
0,4,2,2,0,0,0.0,2012
0,5,1,1,0,0,0.0,2012
0,6,12,12,59,2245,24955.0,2012
0,7,2,2,0,0,0.0,2012
0,10,1,1,0,0,0.0,2012
0,12,1,1,0,0,0.0,2012
0,14,2,2,0,0,0.0,2012
0,15,1,1,0,0,0.0,2012
0,18,1,1,0,0,0.0,2012
0,19,20,20,612,23489,198626.0,2012
0,21,1,1,0,0,0.0,2012
0,22,3,3,0,0,0.0,2012
0,25,2,8,0,0,0.0,2012
0,26,4,4,4635,223216,1990721.0,2012
0,1,1932,2211,115904,6513758,39086018.0,2012
0,2,622,622,1192,66360,283061.0,2012
0,3,320,320,2142,108099,400975.0,2012
0,4,161,161,1887,98959,387305.0,2012
0,5,126,127,2080,106755,382243.0,2012
0,6,1229,1230,7301,380173,1453584.0,2012
0,7,81,82,1712,84397,349068.0,2012
0,8,61,61,1592,87463,364266.0,2012
0,9,59,59,1800,100440,537720.0,2012
0,10,46,47,1633,98481,431823.0,2012
0,11,63,66,2714,159900,646118.0,2012
0,12,108,117,5963,328986,1368361.0,2012
0,13,30,31,2422,119832,619014.0,2012
0,14,52,65,5334,295084,1252202.0,2012
0,15,30,37,4578,240921,1002275.0,2012
0,16,26,36,3758,186067,1004875.0,2012
0,17,21,33,5329,308406,1620130.0,2012
0,18,11,15,2400,120350,591727.0,2012
0,19,1817,1879,46536,2510500,11241163.0,2012
0,20,20,28,5426,275800,1567383.0,2012
0,21,10,17,1704,83465,652665.0,2012
0,22,11,17,2788,154331,1030126.0,2012
0,23,12,17,5381,373880,1576031.0,2012
0,24,7,12,0,0,0.0,2012
0,25,20,39,8454,393515,2337392.0,2012
0,26,35,202,40550,2444606,19073430.0,2012
0,1,1932,2211,115904,6513758,39086018.0,2012
0,2,622,622,1192,66360,283061.0,2012
0,3,320,320,2142,108099,400975.0,2012
0,4,161,161,1887,98959,387305.0,2012
0,5,126,127,2080,106755,382243.0,2012
0,6,1229,1230,7301,380173,1453584.0,2012
0,7,81,82,1712,84397,349068.0,2012
0,8,61,61,1592,87463,364266.0,2012
0,9,59,59,1800,100440,537720.0,2012
0,10,46,47,1633,98481,431823.0,2012
0,11,63,66,2714,159900,646118.0,2012
0,12,108,117,5963,328986,1368361.0,2012
0,13,30,31,2422,119832,619014.0,2012
0,14,52,65,5334,295084,1252202.0,2012
0,15,30,37,4578,240921,1002275.0,2012
0,16,26,36,3758,186067,1004875.0,2012
0,17,21,33,5329,308406,1620130.0,2012
0,18,11,15,2400,120350,591727.0,2012
0,19,1817,1879,46536,2510500,11241163.0,2012
0,20,20,28,5426,275800,1567383.0,2012
0,21,10,17,1704,83465,652665.0,2012
0,22,11,17,2788,154331,1030126.0,2012
0,23,12,17,5381,373880,1576031.0,2012
0,24,7,12,0,0,0.0,2012
0,25,20,39,8454,393515,2337392.0,2012
0,26,35,202,40550,2444606,19073430.0,2012
0,1,225,253,18678,994991,5709224.0,2012
0,2,53,53,103,6710,32134.0,2012
0,3,38,38,253,11765,45959.0,2012
0,4,15,15,176,7024,33835.0,2012
0,5,12,12,196,7718,32903.0,2012
0,6,118,118,728,33217,144831.0,2012
0,7,13,13,277,12556,68389.0,2012
0,8,5,5,128,3974,19909.0,2012
0,9,7,7,214,11222,43430.0,2012
0,10,5,5,169,8314,41020.0,2012
0,11,6,9,0,0,0.0,2012
0,12,17,19,1029,44119,236396.0,2012
0,13,8,8,635,27720,184404.0,2012
0,14,8,8,730,35148,182167.0,2012
0,15,1,1,0,0,0.0,2012
0,16,4,4,0,0,0.0,2012
0,17,6,10,1903,128450,464279.0,2012
0,18,5,7,1348,64209,330740.0,2012
0,19,203,214,8384,431195,1994558.0,2012
0,20,4,6,1737,86904,490497.0,2012
0,21,3,3,0,0,0.0,2012
0,24,1,1,0,0,0.0,2012
0,25,6,9,0,0,0.0,2012
0,26,8,20,5206,315272,2399428.0,2012
0,1,420,473,32681,1673083,11913513.0,2012
0,2,123,123,240,11198,47907.0,2012
0,3,57,57,364,19135,71764.0,2012
0,4,34,34,398,21443,98194.0,2012
0,5,29,29,481,23291,87995.0,2012
0,6,243,243,1483,75067,305860.0,2012
0,7,17,17,374,16425,64805.0,2012
0,8,16,16,423,18743,77194.0,2012
0,9,16,16,456,23952,248469.0,2012
0,10,12,12,442,24611,97284.0,2012
0,11,12,12,534,32125,112301.0,2012
0,12,21,24,1261,66630,281034.0,2012
0,13,6,7,476,22429,117635.0,2012
0,14,9,10,867,36741,137083.0,2012
0,15,8,8,1145,51932,287596.0,2012
0,16,7,11,1072,49345,194774.0,2012
0,17,5,7,1410,78927,485795.0,2012
0,18,1,1,0,0,0.0,2012
0,19,373,384,9946,497098,2411019.0,2012
0,20,8,9,1637,88769,558991.0,2012
0,21,5,10,1077,49728,471565.0,2012
0,22,4,7,1017,49167,465925.0,2012
0,23,2,2,0,0,0.0,2012
0,24,3,7,2593,137753,1107498.0,2012
0,25,8,21,4549,203801,1326941.0,2012
0,26,17,33,11546,633686,5519171.0,2012
0,1,449,528,30957,1808842,11087964.0,2012
0,2,138,138,245,18165,81118.0,2012
0,3,80,80,557,25439,106181.0,2012
0,4,37,37,435,22925,90003.0,2012
0,5,30,30,497,28027,104862.0,2012
0,6,285,285,1734,94556,382164.0,2012
0,7,14,15,294,19429,77388.0,2012
0,8,16,16,428,28015,127286.0,2012
0,9,11,11,341,16729,64027.0,2012
0,10,7,7,267,16814,95821.0,2012
0,11,16,16,694,42888,215644.0,2012
0,12,23,24,1320,76795,370296.0,2012
0,13,5,5,354,15814,79913.0,2012
0,14,15,18,1574,87129,356202.0,2012
0,15,10,14,1702,83513,344338.0,2012
0,16,9,12,935,53112,407739.0,2012
0,17,6,8,990,55334,327564.0,2012
0,18,6,7,0,0,0.0,2012
0,19,423,438,11682,646098,3108180.0,2012
0,20,4,5,1009,56758,235608.0,2012
0,22,3,3,0,0,0.0,2012
0,23,5,7,3838,272032,1082622.0,2012
0,24,2,3,0,0,0.0,2012
0,25,2,2,0,0,0.0,2012
0,26,10,70,11747,684821,6073078.0,2012
0,1,879,957,33588,2036842,10375317.0,2012
0,2,308,308,604,30287,121902.0,2012
0,3,145,145,968,51760,177071.0,2012
0,4,75,75,878,47567,165273.0,2012
0,5,55,56,906,47719,156483.0,2012
0,6,583,584,3356,177333,620729.0,2012
0,7,37,37,767,35987,138486.0,2012
0,8,24,24,613,36731,139877.0,2012
0,9,25,25,789,48537,181794.0,2012
0,10,22,23,755,48742,197698.0,2012
0,11,29,29,1214,70179,241028.0,2012
0,12,47,50,2353,141442,480635.0,2012
0,13,11,11,957,53869,237062.0,2012
0,14,21,29,2163,136066,576750.0,2012
0,15,11,14,1565,97443,335776.0,2012
0,16,9,9,966,44085,235079.0,2012
0,17,6,8,1026,45695,342492.0,2012
0,19,825,843,16524,936109,3727406.0,2012
0,20,6,8,1043,43369,282287.0,2012
0,21,4,4,0,0,0.0,2012
0,22,4,7,0,0,0.0,2012
0,23,6,8,1227,88767,441006.0,2012
0,24,1,1,0,0,0.0,2012
0,25,7,7,714,37840,237744.0,2012
0,26,26,79,12051,810827,5081753.0,2012
0,1,1901,2178,132017,7350395,52826142.0,2012
0,2,530,530,972,98255,441943.0,2012
0,3,271,271,1822,83565,385730.0,2012
0,4,165,165,1920,89380,436697.0,2012
0,5,118,118,2023,104290,533413.0,2012
0,6,1084,1084,6737,375490,1797783.0,2012
0,7,75,76,1566,70807,373172.0,2012
0,8,72,72,1915,108291,432730.0,2012
0,9,48,50,1487,90544,340855.0,2012
0,10,54,56,1877,124349,551164.0,2012
0,11,70,70,3032,157757,828102.0,2012
0,12,106,111,6036,299114,1513576.0,2012
0,13,59,63,4877,239166,1202072.0,2012
0,14,66,72,7261,338252,2072489.0,2012
0,15,48,58,7208,381627,2108631.0,2012
0,16,43,55,7264,382584,2228466.0,2012
0,17,15,19,2279,149708,690448.0,2012
0,18,15,24,3731,196045,1128306.0,2012
0,19,1755,1810,55270,2913734,15267794.0,2012
0,20,25,36,7893,503924,3501429.0,2012
0,21,12,26,4307,299384,1901382.0,2012
0,22,22,58,9279,563482,5038343.0,2012
0,23,16,32,0,0,0.0,2012
0,24,6,15,1949,85739,901753.0,2012
0,25,27,87,16421,827342,8266864.0,2012
0,26,38,114,30239,1733486,14731953.0,2012
0,1,139,191,26230,1407385,11038741.0,2012
0,2,39,39,75,4876,24543.0,2012
0,3,13,13,85,3499,16365.0,2012
0,4,8,8,94,4266,22591.0,2012
0,5,9,9,158,12013,28522.0,2012
0,6,69,69,412,24654,92021.0,2012
0,7,8,8,164,9706,32706.0,2012
0,8,6,6,161,11542,36362.0,2012
0,9,2,2,0,0,0.0,2012
0,10,3,3,109,13881,49199.0,2012
0,11,5,5,0,0,0.0,2012
0,12,5,5,267,16236,52881.0,2012
0,13,5,5,447,26626,86544.0,2012
0,14,4,6,515,24601,92825.0,2012
0,15,4,5,642,45279,157591.0,2012
0,16,5,5,902,53449,245029.0,2012
0,17,1,2,0,0,0.0,2012
0,18,2,4,0,0,0.0,2012
0,19,119,125,5050,286433,1283571.0,2012
0,20,3,6,1571,84791,651517.0,2012
0,21,1,5,0,0,0.0,2012
0,22,2,9,0,0,0.0,2012
0,23,1,2,0,0,0.0,2012
0,25,7,25,5734,250255,2847936.0,2012
0,26,6,19,10582,574870,4913663.0,2012
0,1,95,128,19307,1015253,6635741.0,2012
0,2,26,26,52,3529,19826.0,2012
0,3,9,9,62,2701,13704.0,2012
0,4,5,5,0,2827,17784.0,2012
0,5,5,5,89,10038,23296.0,2012
0,6,45,45,269,19095,74610.0,2012
0,7,4,4,0,0,0.0,2012
0,8,2,2,0,0,0.0,2012
0,9,2,2,0,0,0.0,2012
0,10,2,2,0,0,0.0,2012
0,11,4,4,0,0,0.0,2012
0,12,5,5,267,16236,52881.0,2012
0,13,4,4,343,22289,70502.0,2012
0,14,2,3,0,0,0.0,2012
0,15,4,5,642,45279,157591.0,2012
0,16,5,5,902,53449,245029.0,2012
0,17,1,2,0,0,0.0,2012
0,18,1,3,0,0,0.0,2012
0,19,81,86,3946,228054,1067037.0,2012
0,20,3,6,1571,84791,651517.0,2012
0,21,1,3,0,0,0.0,2012
0,22,1,2,0,0,0.0,2012
0,23,1,1,0,0,0.0,2012
0,25,4,15,0,0,0.0,2012
0,26,4,15,9417,500102,3769816.0,2012
0,1,48,63,6923,392132,4403000.0,2012
0,2,13,13,0,1347,4717.0,2012
0,3,4,4,0,798,2661.0,2012
0,4,3,3,0,0,0.0,2012
0,5,4,4,69,1975,5226.0,2012
0,6,24,24,0,5559,17411.0,2012
0,7,4,4,87,6371,0.0,2012
0,8,4,4,105,7163,14136.0,2012
0,10,1,1,0,0,0.0,2012
0,11,1,1,0,0,0.0,2012
0,13,1,1,0,0,0.0,2012
0,14,2,3,0,0,0.0,2012
0,18,1,1,0,0,0.0,2012
0,19,38,39,1104,58379,216534.0,2012
0,21,1,2,0,0,0.0,2012
0,22,2,7,0,0,0.0,2012
0,23,1,1,0,0,0.0,2012
0,25,4,10,2084,97625,0.0,2012
0,26,2,4,0,0,0.0,2012
0,1,330,390,28379,1522716,15060821.0,2012
0,2,56,56,99,8864,84676.0,2012
0,3,32,32,219,9088,71491.0,2012
0,4,33,33,389,14884,129485.0,2012
0,5,27,27,470,21298,204720.0,2012
0,6,148,148,1177,54134,490372.0,2012
0,7,16,16,344,14245,104718.0,2012
0,8,15,15,405,20236,92471.0,2012
0,9,9,9,291,13636,64202.0,2012
0,10,8,9,296,20525,125311.0,2012
0,11,14,14,646,27719,226954.0,2012
0,12,28,29,1600,72382,486035.0,2012
0,13,16,18,1337,63836,415091.0,2012
0,14,15,16,1762,76946,729315.0,2012
0,15,10,14,1716,84238,602157.0,2012
0,16,3,3,319,16616,0.0,2012
0,17,4,4,275,25538,62106.0,2012
0,18,4,5,1085,72767,232914.0,2012
0,19,290,300,11253,562818,3714916.0,2012
0,20,5,6,1303,77471,818137.0,2012
0,21,3,5,0,0,0.0,2012
0,22,6,16,2763,149551,2250400.0,2012
0,23,3,6,0,0,0.0,2012
0,24,2,4,0,0,0.0,2012
0,25,10,27,5153,287553,3684821.0,2012
0,26,11,26,4972,300600,3148833.0,2012
0,1,103,106,5522,338933,2200580.0,2012
0,2,28,28,0,3530,21867.0,2012
0,3,15,15,96,3731,23000.0,2012
0,4,10,10,121,5182,43868.0,2012
0,5,7,7,0,0,0.0,2012
0,6,60,60,376,18155,118542.0,2012
0,7,1,1,0,0,0.0,2012
0,8,6,6,164,7754,31905.0,2012
0,9,3,3,0,0,0.0,2012
0,10,1,1,0,0,0.0,2012
0,11,2,2,0,0,0.0,2012
0,12,8,8,412,20194,74834.0,2012
0,13,4,4,255,10833,33000.0,2012
0,14,2,2,0,0,0.0,2012
0,15,1,1,0,0,0.0,2012
0,17,1,1,0,0,0.0,2012
0,18,2,2,0,0,0.0,2012
0,19,91,91,2676,142212,554961.0,2012
0,20,3,3,443,40532,236304.0,2012
0,21,1,1,0,0,0.0,2012
0,22,3,4,0,0,0.0,2012
0,25,3,3,234,22974,195348.0,2012
0,26,2,4,0,0,0.0,2012
0,1,233,284,22857,1183783,12860241.0,2012
0,2,28,28,0,5334,62809.0,2012
0,3,17,17,123,5357,48491.0,2012
0,4,23,23,268,9702,85617.0,2012
0,5,20,20,357,15586,174913.0,2012
0,6,88,88,801,35979,371830.0,2012
0,7,15,15,318,12195,91962.0,2012
0,8,9,9,241,12482,60566.0,2012
0,9,6,6,188,7862,46881.0,2012
0,10,7,8,254,18702,120664.0,2012
0,11,12,12,556,24563,206783.0,2012
0,12,21,21,1188,52188,411201.0,2012
0,13,12,14,1082,53003,382091.0,2012
0,14,13,14,1448,66799,683867.0,2012
0,15,9,13,1533,77774,560782.0,2012
0,16,3,3,319,16616,0.0,2012
0,17,3,3,262,24913,58351.0,2012
0,18,2,3,0,0,0.0,2012
0,19,200,209,8577,420606,3159955.0,2012
0,20,3,3,0,0,0.0,2012
0,21,3,4,813,49304,347305.0,2012
0,22,4,12,2242,115781,1980780.0,2012
0,23,3,6,0,0,0.0,2012
0,24,2,4,0,0,0.0,2012
0,25,8,24,4919,264579,3489473.0,2012
0,26,10,22,0,0,0.0,2012
0,1,518,583,38234,1945271,12809525.0,2012
0,2,114,114,210,11383,54704.0,2012
0,3,72,72,0,20218,103026.0,2012
0,4,51,51,581,28789,140007.0,2012
0,5,27,27,452,22942,98089.0,2012
0,6,264,264,1706,83332,395826.0,2012
0,7,20,20,419,15156,62991.0,2012
0,8,17,17,450,24190,94440.0,2012
0,9,14,14,421,34118,85011.0,2012
0,10,15,16,522,31406,162863.0,2012
0,11,20,20,853,38539,173734.0,2012
0,12,35,36,2110,103347,430926.0,2012
0,13,24,26,1962,91181,498486.0,2012
0,14,22,23,2422,97221,534494.0,2012
0,15,14,15,1911,84619,516691.0,2012
0,16,14,19,2548,123225,720284.0,2012
0,17,8,10,0,0,0.0,2012
0,18,4,8,0,0,0.0,2012
0,19,471,488,17803,852754,4482740.0,2012
0,20,8,10,1554,70646,468185.0,2012
0,21,5,7,0,0,0.0,2012
0,22,6,9,1301,50484,515788.0,2012
0,23,6,15,0,0,0.0,2012
0,24,3,4,816,37007,294280.0,2012
0,25,6,14,0,0,0.0,2012
0,26,13,36,9858,514438,4311642.0,2012
0,1,389,415,24746,1254949,6837440.0,2012
0,2,83,83,162,8969,37831.0,2012
0,3,52,52,337,14751,68189.0,2012
0,4,36,36,414,22205,98700.0,2012
0,5,21,21,358,18950,80249.0,2012
0,6,192,192,1271,64875,284969.0,2012
0,7,15,15,316,10874,46010.0,2012
0,8,16,16,424,22703,89808.0,2012
0,9,14,14,421,34118,85011.0,2012
0,10,10,10,361,20194,124178.0,2012
0,11,13,13,531,25888,111586.0,2012
0,12,30,31,1828,84840,317990.0,2012
0,13,17,19,1388,61737,298100.0,2012
0,14,17,18,1847,66101,383293.0,2012
0,15,10,10,1319,56763,335704.0,2012
0,16,11,14,1901,88335,482100.0,2012
0,17,5,6,0,0,0.0,2012
0,18,1,2,0,0,0.0,2012
0,19,351,360,12916,608121,2892102.0,2012
0,20,8,10,1554,70646,468185.0,2012
0,21,4,5,0,0,0.0,2012
0,22,4,6,1068,41140,432120.0,2012
0,23,3,3,0,0,0.0,2012
0,24,3,3,703,34011,269771.0,2012
0,25,4,8,0,0,0.0,2012
0,26,12,20,4151,208951,1499951.0,2012
0,1,137,168,13488,690322,5972085.0,2012
0,2,31,31,0,2414,16873.0,2012
0,3,20,20,0,5467,34837.0,2012
0,4,15,15,167,6584,41307.0,2012
0,5,6,6,0,3992,17840.0,2012
0,6,72,72,0,18457,110857.0,2012
0,7,5,5,0,0,0.0,2012
0,8,1,1,0,0,0.0,2012
0,10,5,6,0,11212,0.0,2012
0,11,7,7,0,12651,62148.0,2012
0,12,5,5,282,18507,112936.0,2012
0,13,7,7,574,29444,200386.0,2012
0,14,5,5,575,31120,151201.0,2012
0,15,4,5,592,27856,180987.0,2012
0,16,4,5,647,34890,238184.0,2012
0,17,3,4,390,14236,72225.0,2012
0,18,3,6,0,0,0.0,2012
0,19,121,128,4887,244633,1590638.0,2012
0,21,1,2,0,0,0.0,2012
0,22,2,3,0,0,0.0,2012
0,23,4,12,0,0,0.0,2012
0,24,1,1,0,0,0.0,2012
0,25,2,6,0,0,0.0,2012
0,26,6,16,5707,305487,2811691.0,2012
0,1,944,1014,39174,2475023,13917055.0,2012
0,2,321,321,588,73132,278020.0,2012
0,3,154,154,1055,50760,194848.0,2012
0,4,73,73,856,41441,144614.0,2012
0,5,55,55,943,48037,202082.0,2012
0,6,603,603,3442,213370,819564.0,2012
0,7,31,32,639,31700,172757.0,2012
0,8,34,34,899,52323,209457.0,2012
0,9,23,25,711,40281,178909.0,2012
0,10,28,28,950,58537,213791.0,2012
0,11,31,31,1299,75075,329784.0,2012
0,12,38,41,2059,107149,543734.0,2012
0,13,14,14,1131,57523,201951.0,2012
0,14,25,27,2562,139484,715855.0,2012
0,15,21,24,2939,167491,832192.0,2012
0,16,21,28,3495,189294,1179883.0,2012
0,17,3,3,0,0,0.0,2012
0,18,5,7,0,33635,0.0,2012
0,19,877,897,21164,1211729,5786567.0,2012
0,20,12,14,3465,271016,1563590.0,2012
0,21,5,9,0,0,0.0,2012
0,22,9,24,3571,266166,1528735.0,2012
0,23,7,9,0,0,0.0,2012
0,24,3,7,0,0,0.0,2012
0,25,8,21,3246,183939,977516.0,2012
0,26,23,33,4827,343578,2357815.0,2012
0,1,125,160,8701,483688,3601448.0,2012
0,2,37,37,59,3852,22929.0,2012
0,3,18,18,128,8190,32621.0,2012
0,4,8,8,0,4164,16428.0,2012
0,5,8,8,137,6306,28122.0,2012
0,6,71,71,418,22512,100100.0,2012
0,7,3,4,62,4536,0.0,2012
0,8,4,4,88,3700,10785.0,2012
0,9,5,7,141,7199,27404.0,2012
0,10,4,4,150,8515,24420.0,2012
0,11,6,6,238,11311,79251.0,2012
0,12,5,6,248,13685,66810.0,2012
0,13,3,3,214,12021,25904.0,2012
0,14,4,4,421,21387,93385.0,2012
0,15,2,3,0,0,0.0,2012
0,16,7,14,1091,60304,587193.0,2012
0,17,1,1,0,0,0.0,2012
0,18,1,1,0,0,0.0,2012
0,19,116,128,3489,186561,1177845.0,2012
0,21,1,3,0,0,0.0,2012
0,22,3,16,1912,99460,793373.0,2012
0,25,3,11,2216,121167,700239.0,2012
0,26,2,2,0,0,0.0,2012
0,1,819,854,30473,1991335,10315607.0,2012
0,2,284,284,0,0,0.0,2012
0,3,136,136,927,42570,162227.0,2012
0,4,65,65,762,37277,128186.0,2012
0,5,47,47,806,41731,173960.0,2012
0,6,532,532,3024,190858,719464.0,2012
0,7,28,28,577,27164,126766.0,2012
0,8,30,30,811,48623,198672.0,2012
0,9,18,18,570,33082,151505.0,2012
0,10,24,24,800,50022,189371.0,2012
0,11,25,25,1061,63764,250533.0,2012
0,12,33,35,1811,93464,476924.0,2012
0,13,11,11,917,45502,176047.0,2012
0,14,21,23,2141,118097,622470.0,2012
0,15,19,21,2612,149249,731842.0,2012
0,16,14,14,2404,128990,592690.0,2012
0,17,2,2,0,0,0.0,2012
0,18,4,6,0,31758,0.0,2012
0,19,761,769,17675,1025168,4608722.0,2012
0,20,12,14,3465,271016,1563590.0,2012
0,21,4,6,0,20147,360287.0,2012
0,22,6,8,1659,166706,735362.0,2012
0,23,7,9,0,0,0.0,2012
0,24,3,7,0,0,0.0,2012
0,25,5,10,1030,62772,277277.0,2012
0,26,21,31,4616,327404,2112035.0,2012
0,1,9929,11832,1315478,82904931,782388960.0,2012
0,2,3452,3454,6199,302549,2326735.0,2012
0,3,1528,1528,10206,381941,2502353.0,2012
0,4,859,863,10040,400060,2367944.0,2012
0,5,522,526,8872,356790,1861224.0,2012
0,6,6361,6371,35317,1441340,9058256.0,2012
0,7,382,386,8355,366247,2041735.0,2012
0,8,298,300,7871,336893,1894317.0,2012
0,9,234,238,7388,317711,1776515.0,2012
0,10,161,168,5859,271056,1573219.0,2012
0,11,290,297,12450,576325,3111491.0,2012
0,12,464,492,27162,1204166,7007186.0,2012
0,13,273,301,21671,988553,5238741.0,2012
0,14,358,399,40052,1855826,10386020.0,2012
0,15,175,215,24844,1191718,8097128.0,2012
0,16,218,301,44473,2109329,16485947.0,2012
0,17,104,168,27735,1312106,8184203.0,2012
0,18,83,119,28103,1288709,9639592.0,2012
0,19,9401,9755,291280,13259979,84494350.0,2012
0,20,118,199,49761,2404593,19620102.0,2012
0,21,73,174,38412,1743083,15968397.0,2012
0,22,69,167,47407,2404068,18236893.0,2012
0,23,43,141,38543,1936575,16310879.0,2012
0,24,31,97,27222,1347775,11860028.0,2012
0,25,86,378,128381,7315725,71849781.0,2012
0,26,108,921,694472,52493133,544048530.0,2012
0,1,283,336,149966,10801060,252785770.0,2012
0,2,122,124,194,11847,265149.0,2012
0,3,40,40,256,8666,202945.0,2012
0,4,21,21,237,12310,211850.0,2012
0,5,9,9,147,6238,113013.0,2012
0,6,192,194,834,39061,792957.0,2012
0,7,10,10,218,11748,267740.0,2012
0,8,6,6,164,7932,155421.0,2012
0,9,8,8,258,13169,191716.0,2012
0,10,3,3,0,0,0.0,2012
0,11,4,4,163,4988,85092.0,2012
0,12,6,6,302,13901,193584.0,2012
0,13,2,2,0,0,0.0,2012
0,14,9,9,910,43223,0.0,2012
0,15,1,1,0,0,0.0,2012
0,16,4,6,0,0,0.0,2012
0,18,2,2,0,0,0.0,2012
0,19,247,251,4182,200314,3019778.0,2012
0,20,4,5,0,0,0.0,2012
0,21,2,4,0,0,0.0,2012
0,22,6,6,0,0,0.0,2012
0,23,2,2,0,0,0.0,2012
0,25,4,5,10614,784725,21386617.0,2012
0,26,18,63,127462,9305771,222374800.0,2012
0,1,217,251,119210,9164792,222623606.0,2012
0,2,105,105,165,9078,217697.0,2012
0,3,31,31,206,6954,173915.0,2012
0,4,18,18,208,10545,190175.0,2012
0,5,6,6,95,4247,79310.0,2012
0,6,160,160,674,30824,661097.0,2012
0,7,5,5,112,7029,181395.0,2012
0,8,4,4,107,5772,136686.0,2012
0,9,6,6,199,10166,161476.0,2012
0,10,2,2,0,0,0.0,2012
0,11,3,3,123,2890,49567.0,2012
0,12,4,4,0,0,0.0,2012
0,13,2,2,0,0,0.0,2012
0,14,6,6,596,24564,308673.0,2012
0,18,2,2,0,0,0.0,2012
0,19,194,194,2299,105197,1805367.0,2012
0,21,1,2,0,0,0.0,2012
0,22,3,3,0,0,0.0,2012
0,23,2,2,0,0,0.0,2012
0,25,4,5,10614,784725,21386617.0,2012
0,26,13,45,102694,7977304,196252579.0,2012
0,1,159,173,62686,4666386,103913316.0,2012
0,2,83,83,134,6712,159173.0,2012
0,3,20,20,130,4706,115692.0,2012
0,4,13,13,145,8578,163578.0,2012
0,5,4,4,0,0,0.0,2012
0,6,120,120,469,22269,491468.0,2012
0,7,3,3,67,2164,54196.0,2012
0,8,3,3,0,0,0.0,2012
0,9,3,3,0,0,0.0,2012
0,10,1,1,0,0,0.0,2012
0,11,2,2,0,0,0.0,2012
0,12,2,2,0,0,0.0,2012
0,13,1,1,0,0,0.0,2012
0,14,5,5,580,23843,284213.0,2012
0,18,1,1,0,0,0.0,2012
0,19,141,141,1641,69157,1130775.0,2012
0,21,1,2,0,0,0.0,2012
0,22,2,2,0,0,0.0,2012
0,23,2,2,0,0,0.0,2012
0,25,4,5,10614,784725,21386617.0,2012
0,26,9,21,46949,3520562,78258887.0,2012
0,1,63,78,56524,4498406,118710290.0,2012
0,2,22,22,0,2366,58524.0,2012
0,3,11,11,76,2248,58223.0,2012
0,4,5,5,63,1967,26597.0,2012
0,5,2,2,0,0,0.0,2012
0,6,40,40,205,8555,169629.0,2012
0,7,2,2,0,0,0.0,2012
0,8,1,1,0,0,0.0,2012
0,9,3,3,97,5627,87984.0,2012
0,10,1,1,0,0,0.0,2012
0,11,1,1,0,0,0.0,2012
0,12,2,2,0,0,0.0,2012
0,13,1,1,0,0,0.0,2012
0,14,1,1,0,0,0.0,2012
0,18,1,1,0,0,0.0,2012
0,19,53,53,658,36040,674592.0,2012
0,22,1,1,0,0,0.0,2012
0,26,9,24,55745,4456742,117993692.0,2012
0,1,68,85,30756,1636268,30162164.0,2012
0,2,17,19,29,2769,47452.0,2012
0,3,9,9,50,1712,29030.0,2012
0,4,3,3,0,0,0.0,2012
0,5,3,3,0,1991,33703.0,2012
0,6,32,34,160,8237,131860.0,2012
0,7,5,5,106,4719,86345.0,2012
0,8,2,2,0,0,0.0,2012
0,9,2,2,0,0,0.0,2012
0,10,1,1,0,0,0.0,2012
0,11,1,1,0,0,0.0,2012
0,12,2,2,0,0,0.0,2012
0,14,3,3,0,0,0.0,2012
0,15,1,1,0,0,0.0,2012
0,16,4,6,0,0,0.0,2012
0,19,53,57,1883,95117,1214411.0,2012
0,20,4,5,0,0,0.0,2012
0,21,1,2,0,0,0.0,2012
0,22,3,3,0,0,0.0,2012
0,26,7,18,24768,1328467,26122221.0,2012
0,1,68,85,30756,1636268,30162164.0,2012
0,2,17,19,29,2769,47452.0,2012
0,3,9,9,50,1712,29030.0,2012
0,4,3,3,0,0,0.0,2012
0,5,3,3,0,1991,33703.0,2012
0,6,32,34,160,8237,131860.0,2012
0,7,5,5,106,4719,86345.0,2012
0,8,2,2,0,0,0.0,2012
0,9,2,2,0,0,0.0,2012
0,10,1,1,0,0,0.0,2012
0,11,1,1,0,0,0.0,2012
0,12,2,2,0,0,0.0,2012
0,14,3,3,0,0,0.0,2012
0,15,1,1,0,0,0.0,2012
0,16,4,6,0,0,0.0,2012
0,19,53,57,1883,95117,1214411.0,2012
0,20,4,5,0,0,0.0,2012
0,21,1,2,0,0,0.0,2012
0,22,3,3,0,0,0.0,2012
0,26,7,18,24768,1328467,26122221.0,2012
0,1,1633,1887,115510,4826545,32087606.0,2012
0,2,444,444,788,34976,230176.0,2012
0,3,265,265,1793,57538,308329.0,2012
0,4,172,173,2056,67858,408733.0,2012
0,5,108,110,1804,62307,314944.0,2012
0,6,989,992,6441,222679,1262182.0,2012
0,7,71,71,1544,62376,329572.0,2012
0,8,54,55,1419,53404,283386.0,2012
0,9,56,56,1780,65853,335368.0,2012
0,10,33,36,1154,48938,245755.0,2012
0,11,52,52,2229,81887,453857.0,2012
0,12,113,119,6440,237562,1310738.0,2012
0,13,57,65,4463,187302,959651.0,2012
0,14,57,62,6137,253452,1389744.0,2012
0,15,26,29,3554,148673,872549.0,2012
0,16,28,51,6358,265981,1514711.0,2012
0,17,23,46,5324,223828,1397881.0,2012
0,18,10,14,2637,117867,919397.0,2012
0,19,1569,1648,49480,1969802,11274791.0,2012
0,20,11,18,4709,193779,1384329.0,2012
0,21,7,14,4026,189781,1183821.0,2012
0,22,7,19,5582,196709,1259681.0,2012
0,23,6,26,7004,291803,1759521.0,2012
0,24,4,5,0,0,0.0,2012
0,25,10,55,14405,613861,4794070.0,2012
0,26,19,102,0,0,0.0,2012
0,1,1633,1887,115510,4826545,32087606.0,2012
0,2,444,444,788,34976,230176.0,2012
0,3,265,265,1793,57538,308329.0,2012
0,4,172,173,2056,67858,408733.0,2012
0,5,108,110,1804,62307,314944.0,2012
0,6,989,992,6441,222679,1262182.0,2012
0,7,71,71,1544,62376,329572.0,2012
0,8,54,55,1419,53404,283386.0,2012
0,9,56,56,1780,65853,335368.0,2012
0,10,33,36,1154,48938,245755.0,2012
0,11,52,52,2229,81887,453857.0,2012
0,12,113,119,6440,237562,1310738.0,2012
0,13,57,65,4463,187302,959651.0,2012
0,14,57,62,6137,253452,1389744.0,2012
0,15,26,29,3554,148673,872549.0,2012
0,16,28,51,6358,265981,1514711.0,2012
0,17,23,46,5324,223828,1397881.0,2012
0,18,10,14,2637,117867,919397.0,2012
0,19,1569,1648,49480,1969802,11274791.0,2012
0,20,11,18,4709,193779,1384329.0,2012
0,21,7,14,4026,189781,1183821.0,2012
0,22,7,19,5582,196709,1259681.0,2012
0,23,6,26,7004,291803,1759521.0,2012
0,24,4,5,0,0,0.0,2012
0,25,10,55,14405,613861,4794070.0,2012
0,26,19,102,0,0,0.0,2012
0,1,656,741,40544,1786268,11284629.0,2012
0,2,152,152,295,13502,89194.0,2012
0,3,111,111,748,26800,129347.0,2012
0,4,66,66,797,28460,181593.0,2012
0,5,40,40,653,24807,128309.0,2012
0,6,369,369,2493,93569,528443.0,2012
0,7,29,29,625,33239,168471.0,2012
0,8,18,18,439,19447,103272.0,2012
0,9,22,22,698,31632,153346.0,2012
0,10,24,27,837,37592,185828.0,2012
0,11,29,29,1222,45057,246329.0,2012
0,12,41,42,2397,94566,567126.0,2012
0,13,24,30,1736,77534,360705.0,2012
0,14,22,23,2178,93615,542268.0,2012
0,15,10,12,1191,52649,326944.0,2012
0,16,11,17,2508,102921,490115.0,2012
0,17,10,22,2028,90966,499038.0,2012
0,18,6,7,1520,67642,583193.0,2012
0,19,615,647,19872,840429,4755078.0,2012
0,20,10,14,3416,147056,982853.0,2012
0,21,4,7,0,90168,0.0,2012
0,22,3,7,1805,91063,587304.0,2012
0,23,3,8,0,115999,535901.0,2012
0,24,2,2,0,0,0.0,2012
0,25,7,30,0,235175,1462695.0,2012
0,26,12,26,5481,264511,2466489.0,2012
0,1,374,421,28304,1144920,8276216.0,2012
0,2,99,99,153,6110,35498.0,2012
0,3,45,45,315,10218,51406.0,2012
0,4,42,43,510,15581,93699.0,2012
0,5,23,23,398,13544,68676.0,2012
0,6,209,210,1376,45453,249279.0,2012
0,7,19,19,430,13925,72903.0,2012
0,8,19,19,517,18890,102035.0,2012
0,9,11,11,345,11176,59616.0,2012
0,10,1,1,0,0,0.0,2012
0,11,11,11,503,20826,125146.0,2012
0,12,32,33,1662,64928,337038.0,2012
0,13,14,15,1194,46874,265578.0,2012
0,14,16,19,1818,79300,432029.0,2012
0,15,9,9,1148,46244,294786.0,2012
0,16,7,14,0,0,0.0,2012
0,17,8,16,2358,102427,633937.0,2012
0,18,1,1,0,0,0.0,2012
0,19,357,378,12984,515064,2935724.0,2012
0,20,1,1,0,0,0.0,2012
0,21,3,7,0,0,0.0,2012
0,22,1,2,0,0,0.0,2012
0,23,2,4,0,0,0.0,2012
0,24,1,1,0,0,0.0,2012
0,25,3,10,0,0,0.0,2012
0,26,6,18,0,0,0.0,2012
0,1,54,62,7395,311590,2420705.0,2012
0,2,10,10,10,464,3357.0,2012
0,3,10,10,62,1637,9957.0,2012
0,4,7,7,0,3145,14214.0,2012
0,5,5,7,0,0,0.0,2012
0,6,32,34,0,9155,45255.0,2012
0,7,3,3,62,1301,8922.0,2012
0,9,1,1,0,0,0.0,2012
0,10,1,1,0,0,0.0,2012
0,11,2,2,0,0,0.0,2012
0,12,2,2,0,0,0.0,2012
0,13,2,2,0,0,0.0,2012
0,14,1,1,0,0,0.0,2012
0,15,2,2,0,0,0.0,2012
0,18,1,1,0,0,0.0,2012
0,19,47,49,1351,65965,344462.0,2012
0,22,1,1,0,0,0.0,2012
0,23,1,1,0,0,0.0,2012
0,24,1,1,0,0,0.0,2012
0,25,1,2,0,0,0.0,2012
0,26,3,8,0,0,0.0,2012
0,1,571,663,39267,1583767,10106056.0,2012
0,2,183,183,330,14900,102127.0,2012
0,3,99,99,668,18883,117619.0,2012
0,4,57,57,667,20672,119227.0,2012
0,5,40,40,677,20047,100232.0,2012
0,6,379,379,2342,74502,439205.0,2012
0,7,20,20,427,13911,79276.0,2012
0,8,17,18,463,15067,78079.0,2012
0,9,22,22,706,21756,115030.0,2012
0,10,7,7,250,8783,46475.0,2012
0,11,10,10,416,13086,70701.0,2012
0,12,39,42,2268,72983,379125.0,2012
0,13,18,18,1412,55012,292040.0,2012
0,14,18,19,2061,77084,401048.0,2012
0,15,6,6,1014,38721,217206.0,2012
0,16,12,20,2348,102844,693962.0,2012
0,17,6,8,938,30435,264906.0,2012
0,18,2,5,0,0,0.0,2012
0,19,556,574,15273,548344,3239527.0,2012
0,20,1,3,0,0,0.0,2012
0,22,3,9,2346,59685,321568.0,2012
0,23,2,13,0,0,0.0,2012
0,24,1,1,0,0,0.0,2012
0,25,2,13,0,0,0.0,2012
0,26,6,50,0,0,0.0,2012
0,1,4281,5149,461608,23836874,220618068.0,2012
0,2,1425,1425,2700,124771,896552.0,2012
0,3,635,635,4265,156000,1217923.0,2012
0,4,349,351,4094,153908,904675.0,2012
0,5,189,191,3254,127861,716941.0,2012
0,6,2598,2602,14313,562540,3736091.0,2012
0,7,155,159,3431,146364,759265.0,2012
0,8,125,126,3283,137850,800213.0,2012
0,9,91,92,2859,120811,713240.0,2012
0,10,70,74,2576,113044,733928.0,2012
0,11,116,118,5122,231804,1487340.0,2012
0,12,199,213,11778,525475,3579802.0,2012
0,13,124,134,10060,436167,2592269.0,2012
0,14,169,187,18820,833930,5441744.0,2012
0,15,94,117,13303,632218,5358630.0,2012
0,16,126,162,25258,1151289,10869178.0,2012
0,17,54,86,14531,633585,4675733.0,2012
0,18,44,56,15576,696599,6600222.0,2012
0,19,3965,4126,140910,6221676,47347655.0,2012
0,20,74,127,31030,1471297,13183932.0,2012
0,21,49,117,25322,1088639,9988317.0,2012
0,22,39,92,26621,1233426,12068442.0,2012
0,23,28,83,23135,1038508,11701713.0,2012
0,24,17,59,13268,631803,5576280.0,2012
0,25,49,186,64609,3367096,31569668.0,2012
0,26,60,359,136713,8784429,89182061.0,2012
0,1,788,849,52752,3050869,31854605.0,2012
0,2,398,398,742,25053,191489.0,2012
0,3,124,124,808,26323,176096.0,2012
0,4,50,50,597,22118,95094.0,2012
0,5,25,25,406,14849,75269.0,2012
0,6,597,597,2553,88343,537948.0,2012
0,7,17,17,374,17500,77881.0,2012
0,8,18,18,465,18791,97701.0,2012
0,9,10,10,323,16653,60432.0,2012
0,10,7,8,260,10681,32161.0,2012
0,11,13,13,553,25960,159997.0,2012
0,12,19,21,1093,54608,275698.0,2012
0,13,6,6,494,24112,131706.0,2012
0,14,15,17,1730,103237,510893.0,2012
0,15,9,10,1275,82967,660099.0,2012
0,16,10,12,2084,100568,776289.0,2012
0,17,4,7,1223,58763,510315.0,2012
0,18,5,5,1317,62794,372242.0,2012
0,19,730,741,13744,664977,4203362.0,2012
0,20,7,7,0,0,0.0,2012
0,21,7,11,1689,73539,465835.0,2012
0,22,5,8,2448,134031,912736.0,2012
0,23,4,7,0,0,0.0,2012
0,24,5,5,0,0,0.0,2012
0,25,12,23,9795,441679,5038500.0,2012
0,26,18,47,21042,1547058,19504799.0,2012
0,1,788,849,52752,3050869,31854605.0,2012
0,2,398,398,742,25053,191489.0,2012
0,3,124,124,808,26323,176096.0,2012
0,4,50,50,597,22118,95094.0,2012
0,5,25,25,406,14849,75269.0,2012
0,6,597,597,2553,88343,537948.0,2012
0,7,17,17,374,17500,77881.0,2012
0,8,18,18,465,18791,97701.0,2012
0,9,10,10,323,16653,60432.0,2012
0,10,7,8,260,10681,32161.0,2012
0,11,13,13,553,25960,159997.0,2012
0,12,19,21,1093,54608,275698.0,2012
0,13,6,6,494,24112,131706.0,2012
0,14,15,17,1730,103237,510893.0,2012
0,15,9,10,1275,82967,660099.0,2012
0,16,10,12,2084,100568,776289.0,2012
0,17,4,7,1223,58763,510315.0,2012
0,18,5,5,1317,62794,372242.0,2012
0,19,730,741,13744,664977,4203362.0,2012
0,20,7,7,0,0,0.0,2012
0,21,7,11,1689,73539,465835.0,2012
0,22,5,8,2448,134031,912736.0,2012
0,23,4,7,0,0,0.0,2012
0,24,5,5,0,0,0.0,2012
0,25,12,23,9795,441679,5038500.0,2012
0,26,18,47,21042,1547058,19504799.0,2012
0,1,618,678,50017,2621313,20449859.0,2012
0,2,207,207,425,14135,95325.0,2012
0,3,100,100,666,23241,150497.0,2012
0,4,54,56,627,22997,131740.0,2012
0,5,23,23,393,14361,56761.0,2012
0,6,384,386,2111,74734,434323.0,2012
0,7,22,22,494,17925,79670.0,2012
0,8,19,19,492,15857,72829.0,2012
0,9,14,14,452,14426,164465.0,2012
0,10,6,6,218,7123,27269.0,2012
0,11,14,14,640,23989,143401.0,2012
0,12,26,27,1589,55607,315449.0,2012
0,13,19,21,1526,53347,313475.0,2012
0,14,27,27,3136,144045,831755.0,2012
0,15,11,12,1602,72048,1162180.0,2012
0,16,19,25,3298,166414,1537799.0,2012
0,17,5,6,1197,52799,252503.0,2012
0,18,2,2,0,0,0.0,2012
0,19,568,581,17597,736145,5537690.0,2012
0,20,5,8,1984,88056,983304.0,2012
0,21,10,26,5439,227552,1991248.0,2012
0,22,4,7,2353,118292,752137.0,2012
0,23,6,9,0,0,0.0,2012
0,24,3,9,3432,155790,1292580.0,2012
0,25,8,14,2392,115780,1029854.0,2012
0,26,14,24,14487,1082438,0.0,2012
0,1,618,678,50017,2621313,20449859.0,2012
0,2,207,207,425,14135,95325.0,2012
0,3,100,100,666,23241,150497.0,2012
0,4,54,56,627,22997,131740.0,2012
0,5,23,23,393,14361,56761.0,2012
0,6,384,386,2111,74734,434323.0,2012
0,7,22,22,494,17925,79670.0,2012
0,8,19,19,492,15857,72829.0,2012
0,9,14,14,452,14426,164465.0,2012
0,10,6,6,218,7123,27269.0,2012
0,11,14,14,640,23989,143401.0,2012
0,12,26,27,1589,55607,315449.0,2012
0,13,19,21,1526,53347,313475.0,2012
0,14,27,27,3136,144045,831755.0,2012
0,15,11,12,1602,72048,1162180.0,2012
0,16,19,25,3298,166414,1537799.0,2012
0,17,5,6,1197,52799,252503.0,2012
0,18,2,2,0,0,0.0,2012
0,19,568,581,17597,736145,5537690.0,2012
0,20,5,8,1984,88056,983304.0,2012
0,21,10,26,5439,227552,1991248.0,2012
0,22,4,7,2353,118292,752137.0,2012
0,23,6,9,0,0,0.0,2012
0,24,3,9,3432,155790,1292580.0,2012
0,25,8,14,2392,115780,1029854.0,2012
0,26,14,24,14487,1082438,0.0,2012
0,1,210,245,28663,1440438,11779510.0,2012
0,2,52,52,0,5561,76151.0,2012
0,3,36,36,234,7797,59897.0,2012
0,4,19,19,234,8403,62238.0,2012
0,5,8,8,131,5090,33474.0,2012
0,6,115,115,698,26851,231760.0,2012
0,7,11,12,243,8142,48180.0,2012
0,8,7,7,188,8121,33214.0,2012
0,9,5,5,0,7418,45026.0,2012
0,10,5,5,189,8660,43491.0,2012
0,11,7,7,308,13722,120711.0,2012
0,12,5,5,252,13981,76967.0,2012
0,13,3,3,227,7954,48471.0,2012
0,14,5,5,526,25376,212819.0,2012
0,15,5,5,856,46441,280977.0,2012
0,16,10,11,1931,87227,871751.0,2012
0,17,2,3,0,0,0.0,2012
0,18,3,4,1208,47536,0.0,2012
0,19,183,187,7178,316137,3247798.0,2012
0,20,3,4,1104,35838,344743.0,2012
0,21,2,3,0,0,0.0,2012
0,22,5,8,2947,140692,1168707.0,2012
0,23,1,2,0,0,0.0,2012
0,24,2,7,0,0,0.0,2012
0,25,6,16,7462,404377,2931140.0,2012
0,26,8,18,0,0,0.0,2012
0,1,210,245,28663,1440438,11779510.0,2012
0,2,52,52,0,5561,76151.0,2012
0,3,36,36,234,7797,59897.0,2012
0,4,19,19,234,8403,62238.0,2012
0,5,8,8,131,5090,33474.0,2012
0,6,115,115,698,26851,231760.0,2012
0,7,11,12,243,8142,48180.0,2012
0,8,7,7,188,8121,33214.0,2012
0,9,5,5,0,7418,45026.0,2012
0,10,5,5,189,8660,43491.0,2012
0,11,7,7,308,13722,120711.0,2012
0,12,5,5,252,13981,76967.0,2012
0,13,3,3,227,7954,48471.0,2012
0,14,5,5,526,25376,212819.0,2012
0,15,5,5,856,46441,280977.0,2012
0,16,10,11,1931,87227,871751.0,2012
0,17,2,3,0,0,0.0,2012
0,18,3,4,1208,47536,0.0,2012
0,19,183,187,7178,316137,3247798.0,2012
0,20,3,4,1104,35838,344743.0,2012
0,21,2,3,0,0,0.0,2012
0,22,5,8,2947,140692,1168707.0,2012
0,23,1,2,0,0,0.0,2012
0,24,2,7,0,0,0.0,2012
0,25,6,16,7462,404377,2931140.0,2012
0,26,8,18,0,0,0.0,2012
0,1,156,195,21859,1008296,10032414.0,2012
0,2,47,47,94,3591,24197.0,2012
0,3,17,17,112,5216,26695.0,2012
0,4,8,8,0,2786,16233.0,2012
0,5,5,5,87,2678,16931.0,2012
0,6,77,77,379,14271,84056.0,2012
0,7,2,2,0,0,0.0,2012
0,8,4,4,113,5407,0.0,2012
0,9,5,5,150,8458,43823.0,2012
0,10,2,2,0,0,0.0,2012
0,11,5,5,220,8704,53410.0,2012
0,12,6,6,376,17329,149502.0,2012
0,13,3,3,244,9686,52445.0,2012
0,14,6,8,0,0,0.0,2012
0,15,4,4,0,0,0.0,2012
0,16,6,8,1423,54531,336753.0,2012
0,17,5,6,1015,53411,405211.0,2012
0,18,1,1,0,0,0.0,2012
0,19,126,131,5690,232165,1677687.0,2012
0,20,5,8,0,0,0.0,2012
0,21,1,2,0,0,0.0,2012
0,22,3,9,2124,83523,842893.0,2012
0,23,3,7,1322,62545,667805.0,2012
0,24,2,3,0,0,0.0,2012
0,25,6,13,4729,208402,2280741.0,2012
0,26,10,22,5163,269498,2983256.0,2012
0,1,156,195,21859,1008296,10032414.0,2012
0,2,47,47,94,3591,24197.0,2012
0,3,17,17,112,5216,26695.0,2012
0,4,8,8,0,2786,16233.0,2012
0,5,5,5,87,2678,16931.0,2012
0,6,77,77,379,14271,84056.0,2012
0,7,2,2,0,0,0.0,2012
0,8,4,4,113,5407,0.0,2012
0,9,5,5,150,8458,43823.0,2012
0,10,2,2,0,0,0.0,2012
0,11,5,5,220,8704,53410.0,2012
0,12,6,6,376,17329,149502.0,2012
0,13,3,3,244,9686,52445.0,2012
0,14,6,8,0,0,0.0,2012
0,15,4,4,0,0,0.0,2012
0,16,6,8,1423,54531,336753.0,2012
0,17,5,6,1015,53411,405211.0,2012
0,18,1,1,0,0,0.0,2012
0,19,126,131,5690,232165,1677687.0,2012
0,20,5,8,0,0,0.0,2012
0,21,1,2,0,0,0.0,2012
0,22,3,9,2124,83523,842893.0,2012
0,23,3,7,1322,62545,667805.0,2012
0,24,2,3,0,0,0.0,2012
0,25,6,13,4729,208402,2280741.0,2012
0,26,10,22,5163,269498,2983256.0,2012
0,1,424,503,58248,3555411,34304884.0,2012
0,2,142,142,290,23122,128362.0,2012
0,3,60,60,408,13696,105153.0,2012
0,4,30,30,355,15301,107649.0,2012
0,5,14,15,248,9907,70829.0,2012
0,6,246,247,1301,62026,411993.0,2012
0,7,21,22,440,19886,121073.0,2012
0,8,13,13,350,20022,97933.0,2012
0,9,5,5,163,6047,32502.0,2012
0,10,10,10,366,17011,109597.0,2012
0,11,11,11,486,23907,175910.0,2012
0,12,9,11,502,26394,549223.0,2012
0,13,11,11,932,52349,225837.0,2012
0,14,11,12,1208,53416,407246.0,2012
0,15,10,12,1295,64273,432215.0,2012
0,16,13,15,2430,112521,1472186.0,2012
0,17,3,6,755,23791,166748.0,2012
0,18,2,2,0,0,0.0,2012
0,19,365,377,10700,501654,4354544.0,2012
0,20,12,17,3587,164746,1688368.0,2012
0,21,6,12,3062,126217,984912.0,2012
0,22,7,9,3400,144918,1523250.0,2012
0,23,5,6,2039,89597,614714.0,2012
0,24,2,3,0,0,0.0,2012
0,25,9,23,10006,670490,7184508.0,2012
0,26,18,56,25096,1839706,17785859.0,2012
0,1,424,503,58248,3555411,34304884.0,2012
0,2,142,142,290,23122,128362.0,2012
0,3,60,60,408,13696,105153.0,2012
0,4,30,30,355,15301,107649.0,2012
0,5,14,15,248,9907,70829.0,2012
0,6,246,247,1301,62026,411993.0,2012
0,7,21,22,440,19886,121073.0,2012
0,8,13,13,350,20022,97933.0,2012
0,9,5,5,163,6047,32502.0,2012
0,10,10,10,366,17011,109597.0,2012
0,11,11,11,486,23907,175910.0,2012
0,12,9,11,502,26394,549223.0,2012
0,13,11,11,932,52349,225837.0,2012
0,14,11,12,1208,53416,407246.0,2012
0,15,10,12,1295,64273,432215.0,2012
0,16,13,15,2430,112521,1472186.0,2012
0,17,3,6,755,23791,166748.0,2012
0,18,2,2,0,0,0.0,2012
0,19,365,377,10700,501654,4354544.0,2012
0,20,12,17,3587,164746,1688368.0,2012
0,21,6,12,3062,126217,984912.0,2012
0,22,7,9,3400,144918,1523250.0,2012
0,23,5,6,2039,89597,614714.0,2012
0,24,2,3,0,0,0.0,2012
0,25,9,23,10006,670490,7184508.0,2012
0,26,18,56,25096,1839706,17785859.0,2012
0,1,302,398,47010,2170094,22649292.0,2012
0,2,75,75,146,6702,47783.0,2012
0,3,51,51,356,13949,94752.0,2012
0,4,25,25,298,10103,63478.0,2012
0,5,12,12,212,6733,39709.0,2012
0,6,163,163,1012,37487,245722.0,2012
0,7,11,11,246,10556,47760.0,2012
0,8,12,12,324,12261,71968.0,2012
0,9,1,1,0,0,0.0,2012
0,10,2,2,0,0,0.0,2012
0,11,5,5,0,0,0.0,2012
0,12,24,27,1441,61262,284394.0,2012
0,13,13,13,934,34233,301290.0,2012
0,14,14,14,1430,55982,483669.0,2012
0,15,4,6,0,0,0.0,2012
0,16,5,8,1190,42503,702555.0,2012
0,17,2,3,0,0,0.0,2012
0,18,5,5,1700,68247,348208.0,2012
0,19,261,270,9993,397232,3135399.0,2012
0,20,7,10,3417,144272,1032687.0,2012
0,21,7,17,2028,86710,854540.0,2012
0,22,4,5,1179,48360,531963.0,2012
0,23,5,8,2654,120630,1501309.0,2012
0,24,3,7,0,0,0.0,2012
0,25,8,25,9103,491723,3782632.0,2012
0,26,7,56,17825,840508,11493995.0,2012
0,1,302,398,47010,2170094,22649292.0,2012
0,2,75,75,146,6702,47783.0,2012
0,3,51,51,356,13949,94752.0,2012
0,4,25,25,298,10103,63478.0,2012
0,5,12,12,212,6733,39709.0,2012
0,6,163,163,1012,37487,245722.0,2012
0,7,11,11,246,10556,47760.0,2012
0,8,12,12,324,12261,71968.0,2012
0,9,1,1,0,0,0.0,2012
0,10,2,2,0,0,0.0,2012
0,11,5,5,0,0,0.0,2012
0,12,24,27,1441,61262,284394.0,2012
0,13,13,13,934,34233,301290.0,2012
0,14,14,14,1430,55982,483669.0,2012
0,15,4,6,0,0,0.0,2012
0,16,5,8,1190,42503,702555.0,2012
0,17,2,3,0,0,0.0,2012
0,18,5,5,1700,68247,348208.0,2012
0,19,261,270,9993,397232,3135399.0,2012
0,20,7,10,3417,144272,1032687.0,2012
0,21,7,17,2028,86710,854540.0,2012
0,22,4,5,1179,48360,531963.0,2012
0,23,5,8,2654,120630,1501309.0,2012
0,24,3,7,0,0,0.0,2012
0,25,8,25,9103,491723,3782632.0,2012
0,26,7,56,17825,840508,11493995.0,2012
0,1,645,773,81018,4380191,31438874.0,2012
0,2,74,74,154,8299,58490.0,2012
0,3,63,63,449,21914,130825.0,2012
0,4,51,51,607,24764,124196.0,2012
0,5,40,40,695,31840,153577.0,2012
0,6,228,228,1905,86817,467088.0,2012
0,7,33,34,741,37464,180431.0,2012
0,8,19,19,505,24411,146667.0,2012
0,9,20,20,603,27568,116299.0,2012
0,10,14,14,521,26537,149342.0,2012
0,11,34,36,1489,76813,408005.0,2012
0,12,52,54,3240,149948,1028384.0,2012
0,13,38,44,3238,153089,899116.0,2012
0,14,48,54,5476,245643,1497507.0,2012
0,15,30,37,3741,180646,977010.0,2012
0,16,37,45,7408,346821,2013928.0,2012
0,17,17,28,5040,216475,1499007.0,2012
0,18,11,15,4039,186970,1360191.0,2012
0,19,581,628,37946,1759202,10742975.0,2012
0,20,19,31,7093,367346,3007529.0,2012
0,21,9,11,3152,124774,715705.0,2012
0,22,7,20,6745,295046,3160962.0,2012
0,23,7,15,2488,96419,716537.0,2012
0,24,4,9,1414,63073,369675.0,2012
0,25,7,15,3956,187409,1513467.0,2012
0,26,11,44,18224,1486922,11212024.0,2012
0,1,645,773,81018,4380191,31438874.0,2012
0,2,74,74,154,8299,58490.0,2012
0,3,63,63,449,21914,130825.0,2012
0,4,51,51,607,24764,124196.0,2012
0,5,40,40,695,31840,153577.0,2012
0,6,228,228,1905,86817,467088.0,2012
0,7,33,34,741,37464,180431.0,2012
0,8,19,19,505,24411,146667.0,2012
0,9,20,20,603,27568,116299.0,2012
0,10,14,14,521,26537,149342.0,2012
0,11,34,36,1489,76813,408005.0,2012
0,12,52,54,3240,149948,1028384.0,2012
0,13,38,44,3238,153089,899116.0,2012
0,14,48,54,5476,245643,1497507.0,2012
0,15,30,37,3741,180646,977010.0,2012
0,16,37,45,7408,346821,2013928.0,2012
0,17,17,28,5040,216475,1499007.0,2012
0,18,11,15,4039,186970,1360191.0,2012
0,19,581,628,37946,1759202,10742975.0,2012
0,20,19,31,7093,367346,3007529.0,2012
0,21,9,11,3152,124774,715705.0,2012
0,22,7,20,6745,295046,3160962.0,2012
0,23,7,15,2488,96419,716537.0,2012
0,24,4,9,1414,63073,369675.0,2012
0,25,7,15,3956,187409,1513467.0,2012
0,26,11,44,18224,1486922,11212024.0,2012
0,1,1302,1508,122041,5610262,58108630.0,2012
0,2,430,430,750,38308,274755.0,2012
0,3,184,184,1232,43864,474008.0,2012
0,4,112,112,1290,47436,304047.0,2012
0,5,63,63,1082,42403,270391.0,2012
0,6,789,789,4354,172011,1323201.0,2012
0,7,38,39,843,33615,196271.0,2012
0,8,33,34,846,32980,234594.0,2012
0,9,31,32,988,39355,244594.0,2012
0,10,24,27,874,38512,355065.0,2012
0,11,27,27,1195,47330,328083.0,2012
0,12,59,62,3285,146346,900185.0,2012
0,13,31,33,2465,101397,619929.0,2012
0,14,44,50,4725,185379,1387458.0,2012
0,15,25,31,3325,140568,1335872.0,2012
0,16,28,38,5494,240704,3157917.0,2012
0,17,21,27,4103,174865,1386144.0,2012
0,18,17,22,5565,261102,2978887.0,2012
0,19,1167,1211,38062,1614164,14448200.0,2012
0,20,25,42,10722,501130,4647368.0,2012
0,21,21,35,8637,373467,3569311.0,2012
0,22,13,26,5425,268564,3175794.0,2012
0,23,12,29,8785,423411,6143214.0,2012
0,24,8,16,4113,208078,2033456.0,2012
0,25,23,57,17166,847236,7808826.0,2012
0,26,33,92,29131,1374212,16282461.0,2012
0,1,1302,1508,122041,5610262,58108630.0,2012
0,2,430,430,750,38308,274755.0,2012
0,3,184,184,1232,43864,474008.0,2012
0,4,112,112,1290,47436,304047.0,2012
0,5,63,63,1082,42403,270391.0,2012
0,6,789,789,4354,172011,1323201.0,2012
0,7,38,39,843,33615,196271.0,2012
0,8,33,34,846,32980,234594.0,2012
0,9,31,32,988,39355,244594.0,2012
0,10,24,27,874,38512,355065.0,2012
0,11,27,27,1195,47330,328083.0,2012
0,12,59,62,3285,146346,900185.0,2012
0,13,31,33,2465,101397,619929.0,2012
0,14,44,50,4725,185379,1387458.0,2012
0,15,25,31,3325,140568,1335872.0,2012
0,16,28,38,5494,240704,3157917.0,2012
0,17,21,27,4103,174865,1386144.0,2012
0,18,17,22,5565,261102,2978887.0,2012
0,19,1167,1211,38062,1614164,14448200.0,2012
0,20,25,42,10722,501130,4647368.0,2012
0,21,21,35,8637,373467,3569311.0,2012
0,22,13,26,5425,268564,3175794.0,2012
0,23,12,29,8785,423411,6143214.0,2012
0,24,8,16,4113,208078,2033456.0,2012
0,25,23,57,17166,847236,7808826.0,2012
0,26,33,92,29131,1374212,16282461.0,2012
0,1,1353,1751,387973,32251232,208438232.0,2012
0,2,389,389,673,38880,190135.0,2012
0,3,195,195,1288,60889,271337.0,2012
0,4,106,106,1239,63744,267805.0,2012
0,5,86,86,1449,70540,291214.0,2012
0,6,776,776,4649,234053,1020491.0,2012
0,7,65,65,1419,67441,264850.0,2012
0,8,50,50,1337,65881,246728.0,2012
0,9,34,36,1062,55374,248216.0,2012
0,10,26,26,950,55195,209499.0,2012
0,11,58,58,2386,134665,498248.0,2012
0,12,57,61,3446,187456,746581.0,2012
0,13,38,42,2925,166243,627341.0,2012
0,14,66,73,7335,410990,1648344.0,2012
0,15,26,28,3484,190023,792888.0,2012
0,16,25,29,4512,279039,1172137.0,2012
0,17,13,16,3388,231858,864888.0,2012
0,18,11,19,3760,192498,806163.0,2012
0,19,1245,1279,40653,2270716,9146374.0,2012
0,20,13,20,5296,297204,1589056.0,2012
0,21,7,22,3526,205443,1028272.0,2012
0,22,12,24,7010,480615,2192372.0,2012
0,23,4,9,0,0,0.0,2012
0,24,5,16,3188,211029,1998620.0,2012
0,25,26,104,29552,2047982,9163632.0,2012
0,26,41,277,296212,26573299,182629910.0,2012
0,1,1353,1751,387973,32251232,208438232.0,2012
0,2,389,389,673,38880,190135.0,2012
0,3,195,195,1288,60889,271337.0,2012
0,4,106,106,1239,63744,267805.0,2012
0,5,86,86,1449,70540,291214.0,2012
0,6,776,776,4649,234053,1020491.0,2012
0,7,65,65,1419,67441,264850.0,2012
0,8,50,50,1337,65881,246728.0,2012
0,9,34,36,1062,55374,248216.0,2012
0,10,26,26,950,55195,209499.0,2012
0,11,58,58,2386,134665,498248.0,2012
0,12,57,61,3446,187456,746581.0,2012
0,13,38,42,2925,166243,627341.0,2012
0,14,66,73,7335,410990,1648344.0,2012
0,15,26,28,3484,190023,792888.0,2012
0,16,25,29,4512,279039,1172137.0,2012
0,17,13,16,3388,231858,864888.0,2012
0,18,11,19,3760,192498,806163.0,2012
0,19,1245,1279,40653,2270716,9146374.0,2012
0,20,13,20,5296,297204,1589056.0,2012
0,21,7,22,3526,205443,1028272.0,2012
0,22,12,24,7010,480615,2192372.0,2012
0,23,4,9,0,0,0.0,2012
0,24,5,16,3188,211029,1998620.0,2012
0,25,26,104,29552,2047982,9163632.0,2012
0,26,41,277,296212,26573299,182629910.0,2012
0,1,226,284,151264,13546319,112676476.0,2012
0,2,82,82,141,6004,44516.0,2012
0,3,23,23,150,6769,43217.0,2012
0,4,17,17,202,10833,51940.0,2012
0,5,9,9,160,8488,32251.0,2012
0,6,131,131,653,32094,171924.0,2012
0,7,7,7,152,7585,34990.0,2012
0,8,4,4,107,3624,14839.0,2012
0,9,6,6,193,8367,37631.0,2012
0,10,8,8,290,14680,70460.0,2012
0,11,7,7,304,14818,52801.0,2012
0,12,4,5,254,13353,46032.0,2012
0,13,1,1,0,0,0.0,2012
0,14,10,11,948,52102,254117.0,2012
0,15,5,5,826,48201,185394.0,2012
0,16,7,8,0,65168,434978.0,2012
0,17,4,5,1068,93023,328518.0,2012
0,18,4,8,1807,90383,341672.0,2012
0,19,198,206,7747,447994,1977682.0,2012
0,20,4,4,1978,108677,782119.0,2012
0,21,1,1,0,0,0.0,2012
0,22,2,2,0,0,0.0,2012
0,23,2,3,0,0,0.0,2012
0,24,3,4,0,0,0.0,2012
0,25,4,4,1384,70535,284975.0,2012
0,26,12,60,136119,12660525,107419952.0,2012
0,1,355,463,73685,5790101,37715231.0,2012
0,2,95,95,0,10869,51142.0,2012
0,3,36,36,241,11939,52814.0,2012
0,4,22,22,249,11517,56058.0,2012
0,5,24,24,420,22526,98396.0,2012
0,6,177,177,1075,56851,258410.0,2012
0,7,14,14,300,14134,58443.0,2012
0,8,16,16,426,22135,92510.0,2012
0,9,11,12,352,20469,91196.0,2012
0,10,8,8,289,17853,55353.0,2012
0,11,20,20,854,51500,211445.0,2012
0,12,15,16,960,51020,236995.0,2012
0,13,7,8,584,33427,159981.0,2012
0,14,23,24,2694,152251,609916.0,2012
0,15,10,11,1475,84451,332402.0,2012
0,16,7,9,1289,69945,193349.0,2012
0,17,5,6,0,0,0.0,2012
0,18,5,9,1798,94326,436328.0,2012
0,19,318,330,13526,750276,3038548.0,2012
0,20,2,3,0,0,0.0,2012
0,21,3,16,2245,129215,604994.0,2012
0,22,4,9,0,0,0.0,2012
0,25,11,33,6171,387186,2065760.0,2012
0,26,17,72,49049,4356007,31074374.0,2012
0,1,745,881,107448,7515955,32800858.0,2012
0,2,196,196,338,19874,86461.0,2012
0,3,129,129,853,40584,169661.0,2012
0,4,59,59,702,37383,145507.0,2012
0,5,50,50,818,37059,152153.0,2012
0,6,434,434,2711,134900,553782.0,2012
0,7,42,42,921,42557,164143.0,2012
0,8,28,28,747,36268,126560.0,2012
0,9,17,18,517,26538,119389.0,2012
0,10,10,10,371,22662,83686.0,2012
0,11,27,27,1066,59555,209414.0,2012
0,12,35,37,2071,115344,434771.0,2012
0,13,27,30,2029,113945,405923.0,2012
0,14,32,35,3336,190969,726975.0,2012
0,15,10,11,1174,56859,273523.0,2012
0,16,11,12,2169,143926,543810.0,2012
0,17,4,5,890,56921,234150.0,2012
0,19,677,689,18002,1000444,3876126.0,2012
0,20,9,13,2225,103743,500980.0,2012
0,21,4,5,0,0,0.0,2012
0,22,5,7,0,0,0.0,2012
0,23,2,4,0,0,0.0,2012
0,24,3,11,1106,67459,341139.0,2012
0,25,16,52,13880,812174,4063985.0,2012
0,26,29,100,67786,5243539,22685382.0,2012
0,1,16,36,37906,3831364,19742171.0,2012
0,4,1,1,0,0,0.0,2012
0,5,1,1,0,0,0.0,2012
0,6,2,2,0,0,0.0,2012
0,8,1,1,0,0,0.0,2012
0,11,1,1,0,0,0.0,2012
0,12,1,1,0,0,0.0,2012
0,13,2,2,0,0,0.0,2012
0,19,7,7,322,21297,87303.0,2012
0,22,1,3,0,0,0.0,2012
0,23,1,1,0,0,0.0,2012
0,25,2,6,0,0,0.0,2012
0,26,5,19,32443,3274368,17969966.0,2012
0,1,17,29,12918,1174280,4254332.0,2012
0,2,1,1,0,0,0.0,2012
0,3,1,1,0,0,0.0,2012
0,6,2,2,0,0,0.0,2012
0,13,1,1,0,0,0.0,2012
0,15,1,1,0,0,0.0,2012
0,19,4,4,0,2828,0.0,2012
0,22,1,1,0,0,0.0,2012
0,24,1,1,0,0,0.0,2012
0,25,3,8,0,0,0.0,2012
0,26,8,15,8344,780755,2717722.0,2012
0,1,53,58,4752,393213,1249164.0,2012
0,2,15,15,0,2130,7903.0,2012
0,3,6,6,38,1410,5086.0,2012
0,4,7,7,76,3494,12006.0,2012
0,5,2,2,0,0,0.0,2012
0,6,30,30,174,8077,29332.0,2012
0,7,2,2,0,0,0.0,2012
0,8,1,1,0,0,0.0,2012
0,11,3,3,0,0,0.0,2012
0,12,2,2,0,0,0.0,2012
0,14,3,3,357,15668,57336.0,2012
0,18,2,2,0,0,0.0,2012
0,19,43,43,986,47877,157480.0,2012
0,22,2,2,0,0,0.0,2012
0,23,1,1,0,0,0.0,2012
0,25,1,1,0,0,0.0,2012
0,26,6,11,2471,258105,762514.0,2012
0,1,164,234,29173,1780475,17198615.0,2012
0,2,33,33,52,4221,37379.0,2012
0,3,21,21,140,8004,49953.0,2012
0,4,14,14,160,6841,48049.0,2012
0,5,9,9,0,0,0.0,2012
0,6,77,77,494,25771,171715.0,2012
0,7,9,9,191,7499,52191.0,2012
0,8,5,5,134,6034,42143.0,2012
0,9,2,2,0,0,0.0,2012
0,10,2,2,0,0,0.0,2012
0,11,4,6,150,10647,73467.0,2012
0,12,9,10,522,34028,197253.0,2012
0,13,7,8,567,29933,181005.0,2012
0,14,9,9,892,34891,142681.0,2012
0,15,4,4,0,0,0.0,2012
0,16,5,10,841,57736,467783.0,2012
0,17,2,4,0,0,0.0,2012
0,18,2,3,0,0,0.0,2012
0,19,137,149,5247,283511,1761704.0,2012
0,20,5,7,1142,84060,495218.0,2012
0,21,1,4,0,0,0.0,2012
0,22,2,2,0,0,0.0,2012
0,23,2,4,0,0,0.0,2012
0,24,3,4,0,0,0.0,2012
0,25,6,17,3218,179661,1419927.0,2012
0,26,8,47,16869,1080157,11789350.0,2012
0,1,164,234,29173,1780475,17198615.0,2012
0,2,33,33,52,4221,37379.0,2012
0,3,21,21,140,8004,49953.0,2012
0,4,14,14,160,6841,48049.0,2012
0,5,9,9,0,0,0.0,2012
0,6,77,77,494,25771,171715.0,2012
0,7,9,9,191,7499,52191.0,2012
0,8,5,5,134,6034,42143.0,2012
0,9,2,2,0,0,0.0,2012
0,10,2,2,0,0,0.0,2012
0,11,4,6,150,10647,73467.0,2012
0,12,9,10,522,34028,197253.0,2012
0,13,7,8,567,29933,181005.0,2012
0,14,9,9,892,34891,142681.0,2012
0,15,4,4,0,0,0.0,2012
0,16,5,10,841,57736,467783.0,2012
0,17,2,4,0,0,0.0,2012
0,18,2,3,0,0,0.0,2012
0,19,137,149,5247,283511,1761704.0,2012
0,20,5,7,1142,84060,495218.0,2012
0,21,1,4,0,0,0.0,2012
0,22,2,2,0,0,0.0,2012
0,23,2,4,0,0,0.0,2012
0,24,3,4,0,0,0.0,2012
0,25,6,17,3218,179661,1419927.0,2012
0,26,8,47,16869,1080157,11789350.0,2012
0,1,164,234,29173,1780475,17198615.0,2012
0,2,33,33,52,4221,37379.0,2012
0,3,21,21,140,8004,49953.0,2012
0,4,14,14,160,6841,48049.0,2012
0,5,9,9,0,0,0.0,2012
0,6,77,77,494,25771,171715.0,2012
0,7,9,9,191,7499,52191.0,2012
0,8,5,5,134,6034,42143.0,2012
0,9,2,2,0,0,0.0,2012
0,10,2,2,0,0,0.0,2012
0,11,4,6,150,10647,73467.0,2012
0,12,9,10,522,34028,197253.0,2012
0,13,7,8,567,29933,181005.0,2012
0,14,9,9,892,34891,142681.0,2012
0,15,4,4,0,0,0.0,2012
0,16,5,10,841,57736,467783.0,2012
0,17,2,4,0,0,0.0,2012
0,18,2,3,0,0,0.0,2012
0,19,137,149,5247,283511,1761704.0,2012
0,20,5,7,1142,84060,495218.0,2012
0,21,1,4,0,0,0.0,2012
0,22,2,2,0,0,0.0,2012
0,23,2,4,0,0,0.0,2012
0,24,3,4,0,0,0.0,2012
0,25,6,17,3218,179661,1419927.0,2012
0,26,8,47,16869,1080157,11789350.0,2012
0,1,1440,1560,136365,7543402,32065450.0,2012
0,2,585,585,1030,53799,464877.0,2012
0,3,220,220,1451,55511,251672.0,2012
0,4,129,130,1471,64588,332064.0,2012
0,5,82,82,1402,56556,248832.0,2012
0,6,1016,1017,5354,230454,1297445.0,2012
0,7,54,54,1178,54486,271372.0,2012
0,8,36,36,957,42220,230657.0,2012
0,9,29,30,904,40236,176898.0,2012
0,10,22,22,797,37143,193094.0,2012
0,11,35,38,1499,68157,264934.0,2012
0,12,55,58,3250,142275,654639.0,2012
0,13,33,36,2491,107521,529341.0,2012
0,14,42,48,4954,232228,967078.0,2012
0,15,20,32,3159,153438,692195.0,2012
0,16,25,34,5680,267503,1368993.0,2012
0,17,10,11,2842,148782,756850.0,2012
0,18,15,24,5390,248222,1153454.0,2012
0,19,1392,1440,38455,1772665,8556950.0,2012
0,20,12,16,5432,241738,1243908.0,2012
0,21,7,13,3064,141418,459118.0,2012
0,22,5,16,3550,222628,1058917.0,2012
0,23,4,13,0,0,0.0,2012
0,24,3,7,3446,160190,896837.0,2012
0,25,4,6,4060,252268,1358390.0,2012
0,26,13,49,76271,4621415,17829865.0,2012
0,1,1440,1560,136365,7543402,32065450.0,2012
0,2,585,585,1030,53799,464877.0,2012
0,3,220,220,1451,55511,251672.0,2012
0,4,129,130,1471,64588,332064.0,2012
0,5,82,82,1402,56556,248832.0,2012
0,6,1016,1017,5354,230454,1297445.0,2012
0,7,54,54,1178,54486,271372.0,2012
0,8,36,36,957,42220,230657.0,2012
0,9,29,30,904,40236,176898.0,2012
0,10,22,22,797,37143,193094.0,2012
0,11,35,38,1499,68157,264934.0,2012
0,12,55,58,3250,142275,654639.0,2012
0,13,33,36,2491,107521,529341.0,2012
0,14,42,48,4954,232228,967078.0,2012
0,15,20,32,3159,153438,692195.0,2012
0,16,25,34,5680,267503,1368993.0,2012
0,17,10,11,2842,148782,756850.0,2012
0,18,15,24,5390,248222,1153454.0,2012
0,19,1392,1440,38455,1772665,8556950.0,2012
0,20,12,16,5432,241738,1243908.0,2012
0,21,7,13,3064,141418,459118.0,2012
0,22,5,16,3550,222628,1058917.0,2012
0,23,4,13,0,0,0.0,2012
0,24,3,7,3446,160190,896837.0,2012
0,25,4,6,4060,252268,1358390.0,2012
0,26,13,49,76271,4621415,17829865.0,2012
0,1,604,689,108311,6399464,25050036.0,2012
0,2,192,192,306,25106,100387.0,2012
0,3,96,96,638,27084,116954.0,2012
0,4,53,54,603,32364,178510.0,2012
0,5,39,39,668,30202,129135.0,2012
0,6,380,381,2215,114756,524986.0,2012
0,7,25,25,541,29558,138639.0,2012
0,8,16,16,439,25408,131090.0,2012
0,9,12,12,361,19681,70154.0,2012
0,10,12,12,446,22249,119843.0,2012
0,11,18,19,756,34277,115925.0,2012
0,12,30,31,1771,90349,351256.0,2012
0,13,11,12,846,45969,199999.0,2012
0,14,22,25,2514,133501,463610.0,2012
0,15,13,24,2018,99984,344784.0,2012
0,16,15,20,3219,160425,694801.0,2012
0,17,7,8,1911,107273,440393.0,2012
0,18,9,15,3022,154585,608126.0,2012
0,19,570,600,20059,1038015,4203606.0,2012
0,20,7,9,2603,134135,675825.0,2012
0,21,6,12,2868,133115,407879.0,2012
0,22,4,15,3280,214910,1010829.0,2012
0,23,2,11,0,0,0.0,2012
0,24,2,4,0,0,0.0,2012
0,25,3,5,0,0,0.0,2012
0,26,10,33,71409,4433227,16401260.0,2012
0,1,836,871,28054,1143938,7015414.0,2012
0,2,393,393,724,28693,364490.0,2012
0,3,124,124,813,28427,134718.0,2012
0,4,76,76,868,32224,153554.0,2012
0,5,43,43,734,26354,119697.0,2012
0,6,636,636,3139,115698,772459.0,2012
0,7,29,29,637,24928,132733.0,2012
0,8,20,20,518,16812,99567.0,2012
0,9,17,18,543,20555,106744.0,2012
0,10,10,10,351,14894,73251.0,2012
0,11,17,19,743,33880,149009.0,2012
0,12,25,27,1479,51926,303383.0,2012
0,13,22,24,1645,61552,329342.0,2012
0,14,20,23,2440,98727,503468.0,2012
0,15,7,8,1141,53454,347411.0,2012
0,16,10,14,2461,107078,674192.0,2012
0,17,3,3,931,41509,316457.0,2012
0,18,6,9,2368,93637,545328.0,2012
0,19,822,840,18396,734650,4353344.0,2012
0,20,5,7,2829,107603,568083.0,2012
0,21,1,1,0,0,0.0,2012
0,22,1,1,0,0,0.0,2012
0,23,2,2,0,0,0.0,2012
0,24,1,3,0,0,0.0,2012
0,25,1,1,0,0,0.0,2012
0,26,3,16,0,0,0.0,2012
0,1,885,915,34883,1865343,19195219.0,2012
0,2,454,454,762,34055,242467.0,2012
0,3,152,152,1013,35333,200194.0,2012
0,4,68,68,783,30811,194768.0,2012
0,5,39,39,674,26583,139946.0,2012
0,6,713,713,3232,126782,777375.0,2012
0,7,18,18,374,16333,96745.0,2012
0,8,22,22,577,23572,135769.0,2012
0,9,14,14,464,20131,96067.0,2012
0,10,5,5,182,8330,50373.0,2012
0,11,21,21,901,44177,248553.0,2012
0,12,25,25,1424,63469,324589.0,2012
0,13,12,14,983,53777,303014.0,2012
0,14,9,11,1004,47112,347899.0,2012
0,15,4,4,603,30076,173653.0,2012
0,16,6,9,1008,46008,461057.0,2012
0,17,5,5,0,0,0.0,2012
0,18,1,1,0,0,0.0,2012
0,19,855,862,12353,541295,3387098.0,2012
0,20,3,6,0,0,0.0,2012
0,22,5,8,0,0,0.0,2012
0,23,4,4,254,10691,76907.0,2012
0,24,5,6,4074,187819,2146640.0,2012
0,25,2,5,0,0,0.0,2012
0,26,11,24,13005,861761,10440634.0,2012
0,1,885,915,34883,1865343,19195219.0,2012
0,2,454,454,762,34055,242467.0,2012
0,3,152,152,1013,35333,200194.0,2012
0,4,68,68,783,30811,194768.0,2012
0,5,39,39,674,26583,139946.0,2012
0,6,713,713,3232,126782,777375.0,2012
0,7,18,18,374,16333,96745.0,2012
0,8,22,22,577,23572,135769.0,2012
0,9,14,14,464,20131,96067.0,2012
0,10,5,5,182,8330,50373.0,2012
0,11,21,21,901,44177,248553.0,2012
0,12,25,25,1424,63469,324589.0,2012
0,13,12,14,983,53777,303014.0,2012
0,14,9,11,1004,47112,347899.0,2012
0,15,4,4,603,30076,173653.0,2012
0,16,6,9,1008,46008,461057.0,2012
0,17,5,5,0,0,0.0,2012
0,18,1,1,0,0,0.0,2012
0,19,855,862,12353,541295,3387098.0,2012
0,20,3,6,0,0,0.0,2012
0,22,5,8,0,0,0.0,2012
0,23,4,4,254,10691,76907.0,2012
0,24,5,6,4074,187819,2146640.0,2012
0,25,2,5,0,0,0.0,2012
0,26,11,24,13005,861761,10440634.0,2012
0,1,439,447,10566,515337,5970055.0,2012
0,2,238,238,385,15190,77090.0,2012
0,3,73,73,479,15665,75431.0,2012
0,4,33,33,383,12797,61033.0,2012
0,5,22,22,369,15360,73792.0,2012
0,6,366,366,1616,59012,287346.0,2012
0,7,11,11,240,11652,67939.0,2012
0,8,12,12,315,12494,76857.0,2012
0,9,8,8,0,10877,52891.0,2012
0,10,2,2,0,0,0.0,2012
0,11,11,11,460,20358,75674.0,2012
0,12,10,10,575,24369,147981.0,2012
0,13,6,7,0,0,0.0,2012
0,14,3,3,0,0,0.0,2012
0,15,1,1,0,0,0.0,2012
0,16,3,4,519,20794,338341.0,2012
0,18,1,1,0,0,0.0,2012
0,19,434,436,5167,207820,1299203.0,2012
0,22,2,5,0,0,0.0,2012
0,24,1,1,0,0,0.0,2012
0,26,2,5,0,0,0.0,2012
0,1,60,71,10990,747595,5815339.0,2012
0,2,10,10,20,659,6117.0,2012
0,3,9,9,0,4151,23824.0,2012
0,4,5,5,58,3355,20774.0,2012
0,5,2,2,0,0,0.0,2012
0,6,26,26,178,9735,61782.0,2012
0,7,1,1,0,0,0.0,2012
0,9,2,2,0,0,0.0,2012
0,10,2,2,0,0,0.0,2012
0,11,4,4,174,11933,98355.0,2012
0,12,7,7,329,19658,64311.0,2012
0,13,1,1,0,0,0.0,2012
0,14,2,2,0,0,0.0,2012
0,15,1,1,0,0,0.0,2012
0,16,2,2,0,0,0.0,2012
0,17,2,2,0,0,0.0,2012
0,19,50,50,2229,116194,719285.0,2012
0,20,2,5,0,0,0.0,2012
0,22,1,1,0,0,0.0,2012
0,23,1,1,0,0,0.0,2012
0,25,1,1,0,0,0.0,2012
0,26,5,13,6941,507085,4411941.0,2012
0,1,387,397,13327,602411,7409825.0,2012
0,2,206,206,357,18206,159260.0,2012
0,3,70,70,473,15517,100939.0,2012
0,4,30,30,342,14659,112961.0,2012
0,5,15,15,0,9653,55087.0,2012
0,6,321,321,1438,58035,428247.0,2012
0,7,6,6,131,4603,28226.0,2012
0,8,10,10,262,11078,58912.0,2012
0,9,4,4,132,5278,24719.0,2012
0,10,1,1,0,0,0.0,2012
0,11,6,6,267,11886,74524.0,2012
0,12,8,8,520,19442,112297.0,2012
0,13,5,6,415,25466,115880.0,2012
0,14,5,6,533,26658,130176.0,2012
0,15,2,2,0,0,0.0,2012
0,16,1,3,0,0,0.0,2012
0,17,3,3,0,0,0.0,2012
0,19,372,376,4957,217281,1368610.0,2012
0,20,1,1,0,0,0.0,2012
0,22,2,2,0,0,0.0,2012
0,23,3,3,0,0,0.0,2012
0,24,4,5,0,0,0.0,2012
0,25,1,4,0,0,0.0,2012
0,26,4,6,2414,135676,1757227.0,2012
0,1,15700,16294,341145,13002513,67193840.0,2012
0,2,7949,7955,14747,451044,1706855.0,2012
0,3,3080,3087,20392,640231,2328370.0,2012
0,4,1267,1274,14846,506658,1827352.0,2012
0,5,770,775,12946,474389,1669894.0,2012
0,6,13066,13091,62931,2072322,7532471.0,2012
0,7,483,485,10394,378954,1392668.0,2012
0,8,315,319,8465,319083,1164409.0,2012
0,9,209,211,6542,254671,854899.0,2012
0,10,183,186,6671,259507,984187.0,2012
0,11,255,266,10975,420661,1599359.0,2012
0,12,354,373,20586,826076,3236869.0,2012
0,13,223,244,18043,694950,2941064.0,2012
0,14,198,243,22248,863313,3636032.0,2012
0,15,113,144,17247,629497,2900200.0,2012
0,16,92,143,17160,692227,3473900.0,2012
0,17,45,79,12054,467361,2607977.0,2012
0,18,21,31,7666,283029,1419445.0,2012
0,19,15557,15815,220982,8161651,33743480.0,2012
0,20,41,80,16470,605809,3066614.0,2012
0,21,15,35,7599,297026,1643464.0,2012
0,22,19,54,12017,499141,2408513.0,2012
0,23,12,27,11321,384429,2703460.0,2012
0,24,10,37,9016,453004,3747699.0,2012
0,25,16,104,20233,820218,7390428.0,2012
0,26,30,142,43507,1781235,12490182.0,2012
0,1,11438,11727,201987,7021241,33138230.0,2012
0,2,6510,6516,12016,346931,1245976.0,2012
0,3,2240,2247,14670,443019,1565799.0,2012
0,4,805,810,9401,307233,1042694.0,2012
0,5,453,457,7613,259203,893687.0,2012
0,6,10008,10030,43700,1356386,4748156.0,2012
0,7,291,292,6260,215674,755674.0,2012
0,8,170,174,4553,161990,535123.0,2012
0,9,95,96,2929,106186,328142.0,2012
0,10,103,105,3770,140894,491924.0,2012
0,11,128,131,5382,180304,655896.0,2012
0,12,173,189,10153,387274,1425433.0,2012
0,13,110,119,8831,301127,1279516.0,2012
0,14,112,136,12716,443279,1879515.0,2012
0,15,72,89,10896,371489,1645758.0,2012
0,16,51,71,10078,390265,1815363.0,2012
0,17,22,39,6209,226212,1047107.0,2012
0,18,13,17,5085,189931,913248.0,2012
0,19,11348,11488,130562,4471011,17520855.0,2012
0,20,27,50,11426,393883,1949830.0,2012
0,21,12,30,6869,269236,1313068.0,2012
0,22,12,37,7448,319032,1619948.0,2012
0,23,7,14,7821,233971,1641009.0,2012
0,24,5,10,4104,161526,817322.0,2012
0,25,9,18,4892,168532,1205835.0,2012
0,26,18,80,28865,1004050,7070363.0,2012
0,1,6795,6862,76052,2665936,10670228.0,2012
0,2,4086,4088,7696,221116,681446.0,2012
0,3,1405,1406,9219,290403,921578.0,2012
0,4,483,483,5652,186697,587663.0,2012
0,5,247,249,4168,147238,454533.0,2012
0,6,6221,6226,26735,845454,2645220.0,2012
0,7,154,154,3344,114512,363685.0,2012
0,8,85,85,2266,85241,254448.0,2012
0,9,46,47,1466,58898,163960.0,2012
0,10,48,48,1779,68168,191315.0,2012
0,11,47,47,1988,67942,227340.0,2012
0,12,60,63,3572,134912,398954.0,2012
0,13,29,29,2435,95500,320662.0,2012
0,14,34,39,3755,139372,510287.0,2012
0,15,23,27,3706,130688,448736.0,2012
0,16,15,22,2845,107650,440336.0,2012
0,17,7,8,2346,82106,316185.0,2012
0,18,2,2,0,0,0.0,2012
0,19,6771,6797,56844,1955046,6341173.0,2012
0,20,6,11,2411,99813,449627.0,2012
0,21,4,11,0,0,0.0,2012
0,22,2,2,0,0,0.0,2012
0,23,3,9,0,0,0.0,2012
0,24,1,3,0,0,0.0,2012
0,25,2,8,0,0,0.0,2012
0,26,6,21,8725,320372,1855773.0,2012
0,1,6795,6862,76052,2665936,10670228.0,2012
0,2,4086,4088,7696,221116,681446.0,2012
0,3,1405,1406,9219,290403,921578.0,2012
0,4,483,483,5652,186697,587663.0,2012
0,5,247,249,4168,147238,454533.0,2012
0,6,6221,6226,26735,845454,2645220.0,2012
0,7,154,154,3344,114512,363685.0,2012
0,8,85,85,2266,85241,254448.0,2012
0,9,46,47,1466,58898,163960.0,2012
0,10,48,48,1779,68168,191315.0,2012
0,11,47,47,1988,67942,227340.0,2012
0,12,60,63,3572,134912,398954.0,2012
0,13,29,29,2435,95500,320662.0,2012
0,14,34,39,3755,139372,510287.0,2012
0,15,23,27,3706,130688,448736.0,2012
0,16,15,22,2845,107650,440336.0,2012
0,17,7,8,2346,82106,316185.0,2012
0,18,2,2,0,0,0.0,2012
0,19,6771,6797,56844,1955046,6341173.0,2012
0,20,6,11,2411,99813,449627.0,2012
0,21,4,11,0,0,0.0,2012
0,22,2,2,0,0,0.0,2012
0,23,3,9,0,0,0.0,2012
0,24,1,3,0,0,0.0,2012
0,25,2,8,0,0,0.0,2012
0,26,6,21,8725,320372,1855773.0,2012
0,1,4648,4865,125935,4355305,22468002.0,2012
0,2,2424,2428,4320,125815,564530.0,2012
0,3,835,841,5451,152616,644221.0,2012
0,4,322,327,3749,120536,455031.0,2012
0,5,206,208,3445,111965,439154.0,2012
0,6,3787,3804,16965,510932,2102936.0,2012
0,7,137,138,2916,101162,391989.0,2012
0,8,85,89,2287,76749,280675.0,2012
0,9,49,49,1463,47288,164182.0,2012
0,10,55,57,1991,72726,300609.0,2012
0,11,81,84,3394,112362,428556.0,2012
0,12,113,126,6581,252362,1026479.0,2012
0,13,81,90,6396,205627,958854.0,2012
0,14,80,97,8961,303907,1369228.0,2012
0,15,49,62,7190,240801,1197022.0,2012
0,16,38,49,7233,282615,1375027.0,2012
0,17,15,31,3863,144106,730922.0,2012
0,18,11,15,4478,165328,853203.0,2012
0,19,4581,4691,73718,2515965,11179682.0,2012
0,20,21,39,9015,294070,1500203.0,2012
0,21,8,19,5601,215527,1061336.0,2012
0,22,10,35,6191,265145,1479733.0,2012
0,23,4,5,5235,154533,919239.0,2012
0,24,5,7,0,0,0.0,2012
0,25,7,10,2913,101963,0.0,2012
0,26,12,59,20140,683678,5214590.0,2012
0,1,1120,1222,56886,1818939,10547317.0,2012
0,2,508,508,981,31740,201802.0,2012
0,3,230,231,1515,41355,217002.0,2012
0,4,81,85,929,30643,126320.0,2012
0,5,51,53,859,27023,138102.0,2012
0,6,870,877,4284,130761,683226.0,2012
0,7,40,41,857,26783,110903.0,2012
0,8,18,21,489,17531,61561.0,2012
0,9,8,8,236,5459,21361.0,2012
0,10,13,14,428,13029,63235.0,2012
0,11,21,22,866,23418,103151.0,2012
0,12,28,36,1678,59005,244870.0,2012
0,13,23,27,1847,49167,221247.0,2012
0,14,26,31,2994,89968,392625.0,2012
0,15,16,20,2663,75530,387080.0,2012
0,16,12,14,2609,74623,369715.0,2012
0,17,9,19,2474,92075,478127.0,2012
0,18,3,3,1341,43018,248110.0,2012
0,19,1087,1133,22766,700367,3385211.0,2012
0,20,10,18,5209,174483,908707.0,2012
0,21,5,12,3585,127974,636207.0,2012
0,22,5,13,2997,96245,439428.0,2012
0,23,2,3,0,0,0.0,2012
0,24,1,1,0,0,0.0,2012
0,25,2,3,0,0,0.0,2012
0,26,8,39,17100,578783,4446009.0,2012
0,1,2391,2437,30743,945585,4103664.0,2012
0,2,1504,1508,2569,67024,248742.0,2012
0,3,413,418,2662,70861,267984.0,2012
0,4,144,145,1656,49170,167690.0,2012
0,5,79,79,1300,39047,130057.0,2012
0,6,2140,2150,8187,226102,814473.0,2012
0,7,41,41,883,30659,103290.0,2012
0,8,29,30,765,22204,73865.0,2012
0,9,17,17,493,14396,50600.0,2012
0,10,18,18,609,19424,68221.0,2012
0,11,25,26,1036,32161,128910.0,2012
0,12,33,34,1762,63368,208645.0,2012
0,13,18,19,1310,38667,188224.0,2012
0,14,23,31,2577,76498,320090.0,2012
0,15,15,17,1613,53244,263589.0,2012
0,16,7,7,1071,28997,105845.0,2012
0,17,3,3,503,9546,34707.0,2012
0,18,2,2,0,0,0.0,2012
0,19,2371,2395,21756,638027,2470823.0,2012
0,20,5,6,2226,59072,321435.0,2012
0,21,3,4,0,0,0.0,2012
0,22,5,18,0,44170,196184.0,2012
0,24,1,1,0,0,0.0,2012
0,25,2,3,0,0,0.0,2012
0,26,4,10,1687,48956,0.0,2012
0,1,285,297,9451,347665,2165356.0,2012
0,2,113,113,221,8111,38117.0,2012
0,3,56,56,382,11688,51797.0,2012
0,4,18,18,218,7901,42855.0,2012
0,5,16,16,248,7765,31769.0,2012
0,6,203,203,1069,35465,164538.0,2012
0,7,13,13,263,8269,33170.0,2012
0,8,7,7,189,6110,20221.0,2012
0,9,3,3,93,3698,15533.0,2012
0,10,2,2,0,0,0.0,2012
0,11,6,6,227,8088,36140.0,2012
0,12,19,20,1073,48410,222297.0,2012
0,13,8,8,656,19852,91086.0,2012
0,14,7,10,824,32527,184428.0,2012
0,15,3,3,344,9188,79576.0,2012
0,16,4,4,697,31683,294766.0,2012
0,17,1,5,0,0,0.0,2012
0,18,1,3,0,0,0.0,2012
0,19,277,287,6367,243500,1358942.0,2012
0,20,2,2,0,0,0.0,2012
0,23,1,1,0,0,0.0,2012
0,25,1,1,0,0,0.0,2012
0,26,4,6,968,33749,250668.0,2012
0,1,200,201,2992,110151,997401.0,2012
0,2,118,118,159,4619,18827.0,2012
0,3,36,36,245,7890,30256.0,2012
0,4,11,11,125,3116,12469.0,2012
0,5,9,9,158,4815,17269.0,2012
0,6,174,174,687,20440,78821.0,2012
0,7,7,7,153,6107,34976.0,2012
0,8,2,2,0,0,0.0,2012
0,9,3,3,93,2369,9156.0,2012
0,10,2,2,0,0,0.0,2012
0,11,1,1,0,0,0.0,2012
0,13,2,2,0,0,0.0,2012
0,14,2,2,0,0,0.0,2012
0,15,2,3,0,0,0.0,2012
0,16,1,1,0,0,0.0,2012
0,18,1,1,0,0,0.0,2012
0,19,197,198,2050,69322,455753.0,2012
0,22,1,1,0,0,0.0,2012
0,26,2,2,0,0,0.0,2012
0,1,683,708,25863,1132965,4654264.0,2012
0,2,181,181,390,14321,57042.0,2012
0,3,100,100,647,20822,77182.0,2012
0,4,68,68,821,29706,105697.0,2012
0,5,51,51,880,33315,121957.0,2012
0,6,400,400,2738,98164,361878.0,2012
0,7,36,36,760,29344,109650.0,2012
0,8,29,29,794,28843,116425.0,2012
0,9,18,18,548,21366,67532.0,2012
0,10,21,21,799,34146,131276.0,2012
0,11,29,29,1221,47544,156296.0,2012
0,12,36,36,2068,81579,350667.0,2012
0,13,31,34,2433,93112,436173.0,2012
0,14,23,23,2292,95401,422912.0,2012
0,15,15,19,2358,94267,378134.0,2012
0,16,15,23,2848,146851,603075.0,2012
0,17,4,4,506,21117,93337.0,2012
0,18,4,6,1414,73015,281598.0,2012
0,19,661,678,20779,864749,3508953.0,2012
0,20,7,13,1321,55590,240274.0,2012
0,21,2,3,0,0,0.0,2012
0,22,3,3,0,0,0.0,2012
0,23,1,1,0,0,0.0,2012
0,24,4,5,578,25728,102293.0,2012
0,25,3,3,512,26267,159150.0,2012
0,26,2,2,0,0,0.0,2012
0,1,3603,3776,107309,4725605,24098498.0,2012
0,2,1171,1171,2227,88387,350121.0,2012
0,3,734,734,4993,176450,634799.0,2012
0,4,398,398,4672,177485,634936.0,2012
0,5,277,277,4668,191911,656309.0,2012
0,6,2580,2580,16560,634233,2276165.0,2012
0,7,165,166,3536,143604,525280.0,2012
0,8,122,122,3286,137146,510844.0,2012
0,9,99,99,3090,133787,445309.0,2012
0,10,67,67,2411,101718,358612.0,2012
0,11,106,113,4661,207582,736948.0,2012
0,12,146,149,8384,365628,1352593.0,2012
0,13,89,97,7210,322716,1231406.0,2012
0,14,79,91,8203,365011,1449961.0,2012
0,15,34,45,5006,213059,970803.0,2012
0,16,38,53,5258,224640,998978.0,2012
0,17,19,30,3975,163364,1184223.0,2012
0,18,7,12,1732,66719,381396.0,2012
0,19,3551,3624,73312,3079207,12422518.0,2012
0,20,14,27,3879,170467,934904.0,2012
0,21,4,4,369,11519,61369.0,2012
0,22,5,10,2391,98596,471328.0,2012
0,23,4,12,3422,147010,1043597.0,2012
0,24,3,7,0,0,0.0,2012
0,25,7,38,7783,332438,3106518.0,2012
0,26,15,54,13859,747892,5169647.0,2012
0,1,3603,3776,107309,4725605,24098498.0,2012
0,2,1171,1171,2227,88387,350121.0,2012
0,3,734,734,4993,176450,634799.0,2012
0,4,398,398,4672,177485,634936.0,2012
0,5,277,277,4668,191911,656309.0,2012
0,6,2580,2580,16560,634233,2276165.0,2012
0,7,165,166,3536,143604,525280.0,2012
0,8,122,122,3286,137146,510844.0,2012
0,9,99,99,3090,133787,445309.0,2012
0,10,67,67,2411,101718,358612.0,2012
0,11,106,113,4661,207582,736948.0,2012
0,12,146,149,8384,365628,1352593.0,2012
0,13,89,97,7210,322716,1231406.0,2012
0,14,79,91,8203,365011,1449961.0,2012
0,15,34,45,5006,213059,970803.0,2012
0,16,38,53,5258,224640,998978.0,2012
0,17,19,30,3975,163364,1184223.0,2012
0,18,7,12,1732,66719,381396.0,2012
0,19,3551,3624,73312,3079207,12422518.0,2012
0,20,14,27,3879,170467,934904.0,2012
0,21,4,4,369,11519,61369.0,2012
0,22,5,10,2391,98596,471328.0,2012
0,23,4,12,3422,147010,1043597.0,2012
0,24,3,7,0,0,0.0,2012
0,25,7,38,7783,332438,3106518.0,2012
0,26,15,54,13859,747892,5169647.0,2012
0,1,360,381,14978,575773,2915312.0,2012
0,2,152,152,277,10151,35097.0,2012
0,3,64,64,418,12157,41393.0,2012
0,4,25,25,301,10392,32217.0,2012
0,5,22,22,372,13068,44857.0,2012
0,6,263,263,1368,45768,153564.0,2012
0,7,15,15,314,11182,0.0,2012
0,8,8,8,226,7495,25741.0,2012
0,9,6,6,185,6077,21230.0,2012
0,10,3,3,111,4364,22573.0,2012
0,11,12,15,496,21107,79505.0,2012
0,12,6,6,345,12461,47119.0,2012
0,13,8,8,691,28936,103130.0,2012
0,14,12,14,1224,48371,203844.0,2012
0,15,5,5,842,33321,158285.0,2012
0,16,5,5,607,27593,93936.0,2012
0,17,4,4,0,0,0.0,2012
0,19,347,352,6739,259873,1090350.0,2012
0,20,1,2,0,0,0.0,2012
0,22,2,3,0,0,0.0,2012
0,23,2,2,0,0,0.0,2012
0,24,2,2,0,0,0.0,2012
0,25,4,12,2113,83448,441465.0,2012
0,26,2,8,0,0,0.0,2012
0,1,1992,2043,37514,1679146,5936169.0,2012
0,2,578,578,1128,45074,167915.0,2012
0,3,446,446,3096,115459,375590.0,2012
0,4,264,264,3105,121273,423637.0,2012
0,5,185,185,3127,131492,418950.0,2012
0,6,1473,1473,10456,413298,1386092.0,2012
0,7,95,95,2043,86882,285696.0,2012
0,8,70,70,1885,83895,279861.0,2012
0,9,66,66,2062,96483,314995.0,2012
0,10,38,38,1435,66600,220694.0,2012
0,11,57,58,2544,116474,375923.0,2012
0,12,79,81,4512,220863,777674.0,2012
0,13,40,45,3248,155488,581455.0,2012
0,14,35,40,3632,177212,593848.0,2012
0,15,14,21,2134,98142,396186.0,2012
0,16,12,16,1219,52383,189392.0,2012
0,17,3,3,533,27993,88252.0,2012
0,19,1982,2006,35703,1595713,5490068.0,2012
0,20,3,6,0,0,0.0,2012
0,22,1,2,0,0,0.0,2012
0,25,2,14,0,0,0.0,2012
0,26,4,15,419,17536,139545.0,2012
0,1,228,255,21380,1128905,8720469.0,2012
0,2,66,66,143,5508,28254.0,2012
0,3,40,40,272,9622,50556.0,2012
0,4,18,18,203,9147,36984.0,2012
0,5,18,18,296,13655,68573.0,2012
0,6,142,142,914,37932,184367.0,2012
0,7,7,7,146,6455,32933.0,2012
0,8,8,8,0,0,0.0,2012
0,9,3,3,0,0,0.0,2012
0,10,5,5,167,6019,22573.0,2012
0,11,5,5,186,7146,25892.0,2012
0,12,11,11,626,26961,130456.0,2012
0,13,8,8,586,27529,104304.0,2012
0,14,10,12,929,38246,180321.0,2012
0,16,6,7,1254,50805,228612.0,2012
0,17,3,3,0,0,0.0,2012
0,18,3,5,0,0,0.0,2012
0,19,211,216,6635,283239,1364624.0,2012
0,20,3,4,0,0,0.0,2012
0,21,1,1,0,0,0.0,2012
0,22,2,2,0,0,0.0,2012
0,23,1,5,0,0,0.0,2012
0,24,1,5,0,0,0.0,2012
0,25,3,11,4721,207369,2463677.0,2012
0,26,6,11,0,0,0.0,2012
0,1,1042,1097,33437,1341781,6526548.0,2012
0,2,375,375,679,27654,118855.0,2012
0,3,184,184,1207,39212,167260.0,2012
0,4,91,91,1063,36673,142098.0,2012
0,5,52,52,873,33696,123929.0,2012
0,6,702,702,3822,137235,552142.0,2012
0,7,48,49,1033,39085,165005.0,2012
0,8,36,36,950,36339,159537.0,2012
0,9,24,24,757,27918,97196.0,2012
0,10,21,21,698,24735,92772.0,2012
0,11,33,35,1435,62855,255628.0,2012
0,12,50,51,2901,105343,397344.0,2012
0,13,34,36,2685,110763,442517.0,2012
0,14,23,25,2418,101182,471948.0,2012
0,15,15,19,2030,81596,416332.0,2012
0,16,16,25,2178,93859,487038.0,2012
0,17,12,20,2550,93859,785739.0,2012
0,18,4,7,778,25613,154278.0,2012
0,19,1018,1050,24235,940382,4477476.0,2012
0,20,9,15,2874,115345,535349.0,2012
0,21,3,3,341,10477,59947.0,2012
0,22,1,3,0,0,0.0,2012
0,23,2,5,0,0,0.0,2012
0,25,1,1,0,0,0.0,2012
0,26,8,20,3322,147748,833086.0,2012
0,1,703,791,31849,1255667,9957112.0,2012
0,2,268,268,504,15726,110758.0,2012
0,3,106,106,729,20762,127772.0,2012
0,4,65,66,773,21940,149722.0,2012
0,5,41,41,665,23275,119898.0,2012
0,6,480,481,2671,81703,508150.0,2012
0,7,27,27,598,19676,111714.0,2012
0,8,23,23,626,19947,118442.0,2012
0,9,16,16,523,14698,81448.0,2012
0,10,13,14,490,16895,133651.0,2012
0,11,22,22,932,32775,206515.0,2012
0,12,35,35,2049,73174,458843.0,2012
0,13,27,28,2002,71107,430142.0,2012
0,14,13,16,1329,55023,306556.0,2012
0,15,10,10,1345,44949,283639.0,2012
0,16,10,19,1824,77322,659559.0,2012
0,17,6,10,1870,77785,0.0,2012
0,18,2,2,0,0,0.0,2012
0,19,684,703,17108,611433,3800107.0,2012
0,20,2,3,0,0,0.0,2012
0,21,1,1,0,0,0.0,2012
0,22,3,7,0,0,0.0,2012
0,23,1,1,0,0,0.0,2012
0,24,4,20,2618,153002,2041760.0,2012
0,25,4,48,7558,319248,3078075.0,2012
0,26,4,8,0,0,0.0,2012
0,1,364,435,20023,797620,7932215.0,2012
0,2,105,105,196,6926,73369.0,2012
0,3,53,53,365,10013,85840.0,2012
0,4,35,35,417,10853,102381.0,2012
0,5,23,23,376,12046,75450.0,2012
0,6,216,216,1354,39838,337040.0,2012
0,7,14,14,316,10493,68486.0,2012
0,8,15,15,411,13233,92878.0,2012
0,9,9,9,294,7908,50283.0,2012
0,10,11,12,414,13856,115254.0,2012
0,11,13,13,558,18120,133340.0,2012
0,12,26,26,1537,53288,376401.0,2012
0,13,22,23,1656,58896,385527.0,2012
0,14,11,14,1162,46158,274525.0,2012
0,15,5,5,592,20973,168798.0,2012
0,16,7,14,1595,70094,588699.0,2012
0,17,2,6,0,0,0.0,2012
0,19,351,367,10635,385930,2762778.0,2012
0,21,1,1,0,0,0.0,2012
0,22,2,5,0,0,0.0,2012
0,24,4,20,2618,153002,2041760.0,2012
0,25,3,36,0,0,0.0,2012
0,26,3,6,0,0,0.0,2012
0,1,364,435,20023,797620,7932215.0,2012
0,2,105,105,196,6926,73369.0,2012
0,3,53,53,365,10013,85840.0,2012
0,4,35,35,417,10853,102381.0,2012
0,5,23,23,376,12046,75450.0,2012
0,6,216,216,1354,39838,337040.0,2012
0,7,14,14,316,10493,68486.0,2012
0,8,15,15,411,13233,92878.0,2012
0,9,9,9,294,7908,50283.0,2012
0,10,11,12,414,13856,115254.0,2012
0,11,13,13,558,18120,133340.0,2012
0,12,26,26,1537,53288,376401.0,2012
0,13,22,23,1656,58896,385527.0,2012
0,14,11,14,1162,46158,274525.0,2012
0,15,5,5,592,20973,168798.0,2012
0,16,7,14,1595,70094,588699.0,2012
0,17,2,6,0,0,0.0,2012
0,19,351,367,10635,385930,2762778.0,2012
0,21,1,1,0,0,0.0,2012
0,22,2,5,0,0,0.0,2012
0,24,4,20,2618,153002,2041760.0,2012
0,25,3,36,0,0,0.0,2012
0,26,3,6,0,0,0.0,2012
0,1,339,356,11826,458047,2024897.0,2012
0,2,163,163,308,8800,37389.0,2012
0,3,53,53,364,10749,41932.0,2012
0,4,30,31,356,11087,47341.0,2012
0,5,18,18,289,11229,44448.0,2012
0,6,264,265,1317,41865,171110.0,2012
0,7,13,13,0,9183,43228.0,2012
0,8,8,8,215,6714,25564.0,2012
0,9,7,7,229,6790,31165.0,2012
0,10,2,2,0,0,0.0,2012
0,11,9,9,374,14655,73175.0,2012
0,12,9,9,512,19886,82442.0,2012
0,13,5,5,0,0,0.0,2012
0,14,2,2,0,0,0.0,2012
0,15,5,5,753,23976,114841.0,2012
0,16,3,5,0,0,0.0,2012
0,17,4,4,1124,44712,205100.0,2012
0,18,2,2,0,0,0.0,2012
0,19,333,336,6473,225503,1037329.0,2012
0,20,2,3,0,0,0.0,2012
0,22,1,2,0,0,0.0,2012
0,23,1,1,0,0,0.0,2012
0,25,1,12,0,0,0.0,2012
0,26,1,2,0,0,0.0,2012
0,1,339,356,11826,458047,2024897.0,2012
0,2,163,163,308,8800,37389.0,2012
0,3,53,53,364,10749,41932.0,2012
0,4,30,31,356,11087,47341.0,2012
0,5,18,18,289,11229,44448.0,2012
0,6,264,265,1317,41865,171110.0,2012
0,7,13,13,0,9183,43228.0,2012
0,8,8,8,215,6714,25564.0,2012
0,9,7,7,229,6790,31165.0,2012
0,10,2,2,0,0,0.0,2012
0,11,9,9,374,14655,73175.0,2012
0,12,9,9,512,19886,82442.0,2012
0,13,5,5,0,0,0.0,2012
0,14,2,2,0,0,0.0,2012
0,15,5,5,753,23976,114841.0,2012
0,16,3,5,0,0,0.0,2012
0,17,4,4,1124,44712,205100.0,2012
0,18,2,2,0,0,0.0,2012
0,19,333,336,6473,225503,1037329.0,2012
0,20,2,3,0,0,0.0,2012
0,22,1,2,0,0,0.0,2012
0,23,1,1,0,0,0.0,2012
0,25,1,12,0,0,0.0,2012
0,26,1,2,0,0,0.0,2012
0,1,28332,29614,559220,29599219,155184238.0,2012
0,2,16400,16402,28189,1053603,3897129.0,2012
0,3,4829,4834,31673,1128136,4048008.0,2012
0,4,1993,2010,23256,906361,3359617.0,2012
0,5,1147,1158,19174,789919,2815819.0,2012
0,6,24369,24404,102292,3878019,14120573.0,2012
0,7,699,711,15170,656486,2282863.0,2012
0,8,494,517,12996,550777,2008671.0,2012
0,9,350,356,10771,460637,1654612.0,2012
0,10,238,244,8574,397748,1534134.0,2012
0,11,374,393,15921,744719,2881809.0,2012
0,12,524,571,29569,1365970,5412813.0,2012
0,13,281,308,22234,1066185,4619986.0,2012
0,14,255,289,25993,1213054,5034685.0,2012
0,15,133,149,18195,913037,3645061.0,2012
0,16,144,202,26499,1348570,6767823.0,2012
0,17,72,118,17551,1035363,5195602.0,2012
0,18,50,81,13788,731507,3342836.0,2012
0,19,27983,28343,319553,14362072,58501468.0,2012
0,20,69,284,20526,1114374,4893566.0,2012
0,21,43,186,16448,949924,5741407.0,2012
0,22,41,97,17635,954161,5660171.0,2012
0,23,27,74,19126,1580210,8422127.0,2012
0,24,19,97,13545,717679,3772547.0,2012
0,25,66,183,56736,3696994,23586671.0,2012
0,26,84,350,95651,6223805,44606281.0,2012
0,1,10650,11534,293501,17746214,93880365.0,2012
0,2,6222,6223,11829,420790,1367780.0,2012
0,3,1873,1874,12276,478276,1572066.0,2012
0,4,685,693,7936,343359,1313660.0,2012
0,5,362,366,6091,288447,942229.0,2012
0,6,9142,9156,38132,1530872,5195735.0,2012
0,7,237,242,5205,251169,795477.0,2012
0,8,158,173,4145,190450,646604.0,2012
0,9,125,129,3855,187524,641697.0,2012
0,10,75,80,2618,153420,478342.0,2012
0,11,130,142,5490,276088,948869.0,2012
0,12,185,212,10419,536936,1893441.0,2012
0,13,129,139,10414,547474,2111028.0,2012
0,14,103,121,11003,570278,2096438.0,2012
0,15,58,66,8476,503274,1813398.0,2012
0,16,69,100,13638,770207,3575501.0,2012
0,17,31,53,8040,528529,2269984.0,2012
0,18,25,39,6930,388467,1643061.0,2012
0,19,10467,10652,128365,6434688,24109575.0,2012
0,20,30,214,10403,676694,2618172.0,2012
0,21,29,166,12214,706891,0.0,2012
0,22,17,40,8682,467850,3183624.0,2012
0,23,11,23,7711,817441,3687866.0,2012
0,24,14,83,11920,637526,3329801.0,2012
0,25,31,106,36435,2657420,15880578.0,2012
0,26,51,250,77771,5347704,36698692.0,2012
0,1,10650,11534,293501,17746214,93880365.0,2012
0,2,6222,6223,11829,420790,1367780.0,2012
0,3,1873,1874,12276,478276,1572066.0,2012
0,4,685,693,7936,343359,1313660.0,2012
0,5,362,366,6091,288447,942229.0,2012
0,6,9142,9156,38132,1530872,5195735.0,2012
0,7,237,242,5205,251169,795477.0,2012
0,8,158,173,4145,190450,646604.0,2012
0,9,125,129,3855,187524,641697.0,2012
0,10,75,80,2618,153420,478342.0,2012
0,11,130,142,5490,276088,948869.0,2012
0,12,185,212,10419,536936,1893441.0,2012
0,13,129,139,10414,547474,2111028.0,2012
0,14,103,121,11003,570278,2096438.0,2012
0,15,58,66,8476,503274,1813398.0,2012
0,16,69,100,13638,770207,3575501.0,2012
0,17,31,53,8040,528529,2269984.0,2012
0,18,25,39,6930,388467,1643061.0,2012
0,19,10467,10652,128365,6434688,24109575.0,2012
0,20,30,214,10403,676694,2618172.0,2012
0,21,29,166,12214,706891,0.0,2012
0,22,17,40,8682,467850,3183624.0,2012
0,23,11,23,7711,817441,3687866.0,2012
0,24,14,83,11920,637526,3329801.0,2012
0,25,31,106,36435,2657420,15880578.0,2012
0,26,51,250,77771,5347704,36698692.0,2012
0,1,1188,1350,111688,7622886,41940055.0,2012
0,2,381,381,685,52804,218127.0,2012
0,3,199,199,1333,77339,274824.0,2012
0,4,111,111,1289,75255,261206.0,2012
0,5,55,55,924,60498,196614.0,2012
0,6,746,746,4231,265896,950771.0,2012
0,7,52,52,1174,77462,256919.0,2012
0,8,26,26,696,41517,131199.0,2012
0,9,25,25,767,55514,155466.0,2012
0,10,21,21,745,60802,164099.0,2012
0,11,36,37,1589,91024,324962.0,2012
0,12,47,49,2660,172974,583780.0,2012
0,13,45,47,3589,230696,849732.0,2012
0,14,31,34,3277,196978,585082.0,2012
0,15,22,23,3433,230412,815841.0,2012
0,16,24,29,5076,309523,1116446.0,2012
0,17,12,13,2942,222492,819734.0,2012
0,18,9,14,2781,163976,557754.0,2012
0,19,1096,1116,32960,2119266,7311785.0,2012
0,20,11,19,4223,328865,1114674.0,2012
0,21,12,19,3778,251416,2024650.0,2012
0,22,11,19,3753,200976,1448912.0,2012
0,23,7,16,6609,757092,3220660.0,2012
0,24,8,24,7388,442071,2340094.0,2012
0,25,18,46,12790,984106,5542812.0,2012
0,26,25,91,40187,2539094,18936468.0,2012
0,1,1855,2075,98267,6344907,35804704.0,2012
0,2,630,630,1267,69281,311859.0,2012
0,3,389,390,2614,122107,498472.0,2012
0,4,170,176,1981,90339,579003.0,2012
0,5,106,109,1766,93137,384970.0,2012
0,6,1295,1305,7628,374864,1774304.0,2012
0,7,59,59,1325,66758,244326.0,2012
0,8,57,69,1482,69852,254683.0,2012
0,9,45,49,1425,67560,285168.0,2012
0,10,22,25,734,38285,125088.0,2012
0,11,45,49,1805,94521,327771.0,2012
0,12,69,83,3915,198047,806059.0,2012
0,13,53,55,4308,211990,879533.0,2012
0,14,48,54,4999,234961,900033.0,2012
0,15,23,27,3003,158120,617926.0,2012
0,16,31,45,5945,308764,1408951.0,2012
0,17,13,20,3290,202687,937505.0,2012
0,18,12,19,0,146465,0.0,2012
0,19,1772,1859,42602,2172874,9359609.0,2012
0,20,14,18,3780,232820,1110965.0,2012
0,21,12,66,4697,279608,1584317.0,2012
0,22,5,12,3097,181044,1385482.0,2012
0,23,5,6,1058,56408,429852.0,2012
0,24,4,12,0,0,0.0,2012
0,25,15,34,15311,1248421,7873727.0,2012
0,26,28,68,25892,2080028,13334715.0,2012
0,1,706,727,15835,881412,5194250.0,2012
0,2,361,361,792,27227,117317.0,2012
0,3,155,155,1022,37010,146110.0,2012
0,4,43,43,483,18496,66020.0,2012
0,5,29,29,501,19231,66782.0,2012
0,6,588,588,2798,101964,396229.0,2012
0,7,21,21,468,19422,63521.0,2012
0,8,12,13,327,13947,79745.0,2012
0,9,9,9,280,12103,42190.0,2012
0,10,7,7,257,17186,75527.0,2012
0,11,12,13,527,20852,100587.0,2012
0,12,13,15,732,33611,132619.0,2012
0,13,8,9,581,29970,128819.0,2012
0,14,7,7,673,43029,0.0,2012
0,15,4,4,638,47840,183200.0,2012
0,16,7,8,1599,98336,857499.0,2012
0,17,4,5,923,56775,333490.0,2012
0,18,3,3,669,45281,166949.0,2012
0,19,695,702,10472,540316,2863979.0,2012
0,20,2,4,0,0,0.0,2012
0,21,1,1,0,0,0.0,2012
0,22,3,4,0,0,0.0,2012
0,24,1,1,0,0,0.0,2012
0,25,2,8,0,0,0.0,2012
0,26,2,7,0,0,0.0,2012
0,1,424,564,23614,1209746,6334445.0,2012
0,2,187,187,419,15012,69940.0,2012
0,3,71,71,470,16261,73713.0,2012
0,4,30,30,358,15438,56501.0,2012
0,5,20,21,351,14075,55473.0,2012
0,6,308,309,1598,60786,255627.0,2012
0,7,16,17,338,11084,55439.0,2012
0,8,11,11,269,12732,49661.0,2012
0,9,7,7,147,5622,19987.0,2012
0,10,4,4,140,5562,41252.0,2012
0,11,10,10,404,16368,63923.0,2012
0,12,14,17,778,33413,128452.0,2012
0,13,10,10,711,23450,123894.0,2012
0,14,6,6,598,26115,96808.0,2012
0,15,6,6,537,29296,106056.0,2012
0,16,6,7,0,0,0.0,2012
0,17,4,7,0,0,0.0,2012
0,18,1,1,0,0,0.0,2012
0,19,403,412,6689,284572,1224773.0,2012
0,20,1,2,0,0,0.0,2012
0,21,3,54,0,0,0.0,2012
0,22,2,5,0,0,0.0,2012
0,24,1,1,0,0,0.0,2012
0,25,4,9,0,0,0.0,2012
0,26,10,81,9490,580584,3171508.0,2012
0,1,6533,6818,44097,1687263,4606911.0,2012
0,2,4663,4664,8666,256466,650537.0,2012
0,3,1059,1059,6837,225559,578947.0,2012
0,4,331,333,3825,143831,350930.0,2012
0,5,152,152,2549,101506,238390.0,2012
0,6,6205,6208,21877,727362,1818804.0,2012
0,7,89,93,1900,76443,175272.0,2012
0,8,52,54,1371,52402,131316.0,2012
0,9,39,39,1236,46725,138886.0,2012
0,10,21,23,742,31585,72376.0,2012
0,11,27,33,1165,53323,131626.0,2012
0,12,43,48,2334,98891,242531.0,2012
0,13,15,18,1225,51368,129050.0,2012
0,14,14,20,1456,69195,210911.0,2012
0,15,5,6,865,37606,90375.0,2012
0,16,4,11,606,36063,81894.0,2012
0,17,2,8,0,0,0.0,2012
0,18,2,2,0,0,0.0,2012
0,19,6518,6563,35642,1317660,3349429.0,2012
0,20,3,171,1667,79132,0.0,2012
0,21,3,26,0,0,0.0,2012
0,23,1,1,0,0,0.0,2012
0,24,2,45,0,0,0.0,2012
0,25,4,9,0,0,0.0,2012
0,26,2,3,0,0,0.0,2012
0,1,17692,18080,265719,11853005,61303873.0,2012
0,2,10178,10179,16360,632813,2529349.0,2012
0,3,2956,2960,19397,649860,2475942.0,2012
0,4,1309,1317,15320,563002,2045957.0,2012
0,5,785,792,13083,501472,1873590.0,2012
0,6,15228,15248,64160,2347147,8924838.0,2012
0,7,462,469,9965,405317,1487386.0,2012
0,8,336,344,8851,360327,1362067.0,2012
0,9,225,227,6916,273113,1012915.0,2012
0,10,163,164,5956,244328,1055792.0,2012
0,11,245,251,10431,468631,1932940.0,2012
0,12,339,359,19150,829034,3519372.0,2012
0,13,152,169,11820,518711,2508958.0,2012
0,14,152,168,14990,642776,2938247.0,2012
0,15,75,83,9719,409763,1831663.0,2012
0,16,75,102,12861,578363,3192322.0,2012
0,17,43,65,9511,506834,2925618.0,2012
0,18,25,42,6858,343040,1699775.0,2012
0,19,17520,17691,191188,7927384,34391893.0,2012
0,20,39,70,10123,437680,2275394.0,2012
0,21,14,20,4234,243033,1369350.0,2012
0,22,24,57,8953,486311,2476547.0,2012
0,23,16,51,11415,762769,4734261.0,2012
0,24,6,14,1625,80153,442746.0,2012
0,25,35,77,20301,1039574,7706093.0,2012
0,26,38,100,17880,876101,7907589.0,2012
0,1,2102,2119,24436,1020793,7520912.0,2012
0,2,1335,1335,2349,66960,345551.0,2012
0,3,330,330,2158,70701,353449.0,2012
0,4,124,125,1416,49473,219308.0,2012
0,5,73,73,1208,45571,247389.0,2012
0,6,1862,1863,7131,232705,1165697.0,2012
0,7,48,48,1023,39435,172700.0,2012
0,8,31,31,844,33283,162184.0,2012
0,9,26,26,788,35255,161527.0,2012
0,10,18,19,644,29230,219477.0,2012
0,11,30,30,1295,58663,348033.0,2012
0,12,31,31,1715,69843,292325.0,2012
0,13,19,20,1526,67351,0.0,2012
0,14,13,13,1320,60106,394353.0,2012
0,15,5,5,0,0,0.0,2012
0,16,2,3,0,0,0.0,2012
0,17,4,4,997,40121,203207.0,2012
0,18,2,2,0,0,0.0,2012
0,19,2091,2095,18391,726178,4122129.0,2012
0,20,1,1,0,0,0.0,2012
0,21,1,1,0,0,0.0,2012
0,22,3,7,2051,83255,0.0,2012
0,23,1,1,0,0,0.0,2012
0,24,1,3,0,0,0.0,2012
0,25,2,6,0,0,0.0,2012
0,26,2,5,0,0,0.0,2012
0,1,2102,2119,24436,1020793,7520912.0,2012
0,2,1335,1335,2349,66960,345551.0,2012
0,3,330,330,2158,70701,353449.0,2012
0,4,124,125,1416,49473,219308.0,2012
0,5,73,73,1208,45571,247389.0,2012
0,6,1862,1863,7131,232705,1165697.0,2012
0,7,48,48,1023,39435,172700.0,2012
0,8,31,31,844,33283,162184.0,2012
0,9,26,26,788,35255,161527.0,2012
0,10,18,19,644,29230,219477.0,2012
0,11,30,30,1295,58663,348033.0,2012
0,12,31,31,1715,69843,292325.0,2012
0,13,19,20,1526,67351,0.0,2012
0,14,13,13,1320,60106,394353.0,2012
0,15,5,5,0,0,0.0,2012
0,16,2,3,0,0,0.0,2012
0,17,4,4,997,40121,203207.0,2012
0,18,2,2,0,0,0.0,2012
0,19,2091,2095,18391,726178,4122129.0,2012
0,20,1,1,0,0,0.0,2012
0,21,1,1,0,0,0.0,2012
0,22,3,7,2051,83255,0.0,2012
0,23,1,1,0,0,0.0,2012
0,24,1,3,0,0,0.0,2012
0,25,2,6,0,0,0.0,2012
0,26,2,5,0,0,0.0,2012
0,1,1566,1625,36889,1678749,10350882.0,2012
0,2,775,775,1392,44531,217188.0,2012
0,3,299,299,1977,62321,289195.0,2012
0,4,134,134,1596,49182,221830.0,2012
0,5,80,81,1329,47725,208844.0,2012
0,6,1288,1289,6294,203759,937057.0,2012
0,7,43,44,975,33741,152597.0,2012
0,8,22,23,590,22411,81544.0,2012
0,9,18,18,561,20696,86680.0,2012
0,10,15,15,556,27426,152365.0,2012
0,11,34,34,1488,58242,300707.0,2012
0,12,47,50,2864,130162,656049.0,2012
0,13,20,21,1536,60899,288780.0,2012
0,14,18,19,1736,77424,387466.0,2012
0,15,11,14,1678,66063,436957.0,2012
0,16,14,15,2207,100898,481465.0,2012
0,17,6,10,1408,91963,618443.0,2012
0,18,4,6,1141,43551,210686.0,2012
0,19,1540,1558,23034,937235,4790796.0,2012
0,20,7,18,2166,100542,618167.0,2012
0,21,3,5,0,0,0.0,2012
0,22,3,5,0,0,0.0,2012
0,23,4,13,3165,130206,1165636.0,2012
0,25,4,11,0,0,0.0,2012
0,26,5,15,2171,164757,1659405.0,2012
0,1,1566,1625,36889,1678749,10350882.0,2012
0,2,775,775,1392,44531,217188.0,2012
0,3,299,299,1977,62321,289195.0,2012
0,4,134,134,1596,49182,221830.0,2012
0,5,80,81,1329,47725,208844.0,2012
0,6,1288,1289,6294,203759,937057.0,2012
0,7,43,44,975,33741,152597.0,2012
0,8,22,23,590,22411,81544.0,2012
0,9,18,18,561,20696,86680.0,2012
0,10,15,15,556,27426,152365.0,2012
0,11,34,34,1488,58242,300707.0,2012
0,12,47,50,2864,130162,656049.0,2012
0,13,20,21,1536,60899,288780.0,2012
0,14,18,19,1736,77424,387466.0,2012
0,15,11,14,1678,66063,436957.0,2012
0,16,14,15,2207,100898,481465.0,2012
0,17,6,10,1408,91963,618443.0,2012
0,18,4,6,1141,43551,210686.0,2012
0,19,1540,1558,23034,937235,4790796.0,2012
0,20,7,18,2166,100542,618167.0,2012
0,21,3,5,0,0,0.0,2012
0,22,3,5,0,0,0.0,2012
0,23,4,13,3165,130206,1165636.0,2012
0,25,4,11,0,0,0.0,2012
0,26,5,15,2171,164757,1659405.0,2012
0,1,559,563,7481,327695,2636223.0,2012
0,2,326,326,523,15439,60082.0,2012
0,3,95,95,622,21724,99041.0,2012
0,4,33,33,380,15259,53907.0,2012
0,5,24,24,389,13214,85708.0,2012
0,6,478,478,1914,65636,298738.0,2012
0,7,16,16,334,12741,72797.0,2012
0,8,15,15,387,12157,55802.0,2012
0,9,6,6,170,7693,27379.0,2012
0,10,3,3,0,0,0.0,2012
0,11,9,9,385,14807,64484.0,2012
0,12,8,8,388,17166,98802.0,2012
0,13,4,4,286,11756,36900.0,2012
0,14,6,7,474,17615,98555.0,2012
0,15,1,1,0,0,0.0,2012
0,16,4,6,553,18812,163187.0,2012
0,17,1,1,0,0,0.0,2012
0,18,1,1,0,0,0.0,2012
0,19,552,555,5537,230805,1379732.0,2012
0,20,4,5,500,22019,249375.0,2012
0,22,1,1,0,0,0.0,2012
0,23,1,1,0,0,0.0,2012
0,25,1,1,0,0,0.0,2012
0,1,559,563,7481,327695,2636223.0,2012
0,2,326,326,523,15439,60082.0,2012
0,3,95,95,622,21724,99041.0,2012
0,4,33,33,380,15259,53907.0,2012
0,5,24,24,389,13214,85708.0,2012
0,6,478,478,1914,65636,298738.0,2012
0,7,16,16,334,12741,72797.0,2012
0,8,15,15,387,12157,55802.0,2012
0,9,6,6,170,7693,27379.0,2012
0,10,3,3,0,0,0.0,2012
0,11,9,9,385,14807,64484.0,2012
0,12,8,8,388,17166,98802.0,2012
0,13,4,4,286,11756,36900.0,2012
0,14,6,7,474,17615,98555.0,2012
0,15,1,1,0,0,0.0,2012
0,16,4,6,553,18812,163187.0,2012
0,17,1,1,0,0,0.0,2012
0,18,1,1,0,0,0.0,2012
0,19,552,555,5537,230805,1379732.0,2012
0,20,4,5,500,22019,249375.0,2012
0,22,1,1,0,0,0.0,2012
0,23,1,1,0,0,0.0,2012
0,25,1,1,0,0,0.0,2012
0,1,507,538,10793,437305,2788140.0,2012
0,2,236,236,484,14832,55179.0,2012
0,3,94,94,595,17780,68967.0,2012
0,4,42,47,520,17532,75799.0,2012
0,5,28,28,456,16126,61474.0,2012
0,6,400,405,2055,66270,261419.0,2012
0,7,15,16,326,13328,52306.0,2012
0,8,11,16,306,12346,51406.0,2012
0,9,9,9,242,10044,45895.0,2012
0,10,6,6,219,7925,25228.0,2012
0,11,8,8,348,14007,68241.0,2012
0,12,23,27,1190,48781,238386.0,2012
0,13,2,2,0,0,0.0,2012
0,14,8,8,825,35916,206067.0,2012
0,15,4,4,0,0,0.0,2012
0,16,6,11,1084,40041,0.0,2012
0,17,4,5,0,0,0.0,2012
0,18,1,3,0,0,0.0,2012
0,19,497,520,8462,333058,1774336.0,2012
0,20,3,3,0,0,0.0,2012
0,22,1,1,0,0,0.0,2012
0,23,1,1,0,0,0.0,2012
0,25,1,2,0,0,0.0,2012
0,26,4,11,868,37911,0.0,2012
0,1,507,538,10793,437305,2788140.0,2012
0,2,236,236,484,14832,55179.0,2012
0,3,94,94,595,17780,68967.0,2012
0,4,42,47,520,17532,75799.0,2012
0,5,28,28,456,16126,61474.0,2012
0,6,400,405,2055,66270,261419.0,2012
0,7,15,16,326,13328,52306.0,2012
0,8,11,16,306,12346,51406.0,2012
0,9,9,9,242,10044,45895.0,2012
0,10,6,6,219,7925,25228.0,2012
0,11,8,8,348,14007,68241.0,2012
0,12,23,27,1190,48781,238386.0,2012
0,13,2,2,0,0,0.0,2012
0,14,8,8,825,35916,206067.0,2012
0,15,4,4,0,0,0.0,2012
0,16,6,11,1084,40041,0.0,2012
0,17,4,5,0,0,0.0,2012
0,18,1,3,0,0,0.0,2012
0,19,497,520,8462,333058,1774336.0,2012
0,20,3,3,0,0,0.0,2012
0,22,1,1,0,0,0.0,2012
0,23,1,1,0,0,0.0,2012
0,25,1,2,0,0,0.0,2012
0,26,4,11,868,37911,0.0,2012
0,1,5405,5499,69051,2940154,10586158.0,2012
0,2,3025,3026,5828,170346,557490.0,2012
